<metadata xml:lang="en"><Esri><CreaDate>20130502</CreaDate><CreaTime>13263000</CreaTime><ArcGISFormat>1.0</ArcGISFormat><ArcGISstyle>ISO 19139 Metadata Implementation Specification</ArcGISstyle><SyncOnce>FALSE</SyncOnce><DataProperties><itemProps><itemLocation><linkage Sync="FALSE">withheld</linkage><protocol Sync="TRUE">Local Area Network</protocol></itemLocation><imsContentType export="False"/><itemName Sync="TRUE">faf_network</itemName><nativeExtBox><westBL Sync="TRUE">-176.763993</westBL><eastBL Sync="TRUE">-66.979625</eastBL><southBL Sync="TRUE">18.915020</southBL><northBL Sync="TRUE">71.316994</northBL><exTypeCode Sync="TRUE">1</exTypeCode></nativeExtBox><itemSize Sync="TRUE">58.125</itemSize></itemProps><coordRef><type Sync="TRUE">Geographic</type><geogcsn Sync="TRUE">GCS_WGS_1984</geogcsn><csUnits Sync="TRUE">Angular Unit: Degree (0.017453)</csUnits><peXml Sync="TRUE">&lt;GeographicCoordinateSystem xsi:type='typens:GeographicCoordinateSystem' xmlns:xsi='http://www.w3.org/2001/XMLSchema-instance' xmlns:xs='http://www.w3.org/2001/XMLSchema' xmlns:typens='http://www.esri.com/schemas/ArcGIS/10.1'&gt;&lt;WKT&gt;GEOGCS[&amp;quot;GCS_WGS_1984&amp;quot;,DATUM[&amp;quot;D_WGS_1984&amp;quot;,SPHEROID[&amp;quot;WGS_1984&amp;quot;,6378137.0,298.257223563]],PRIMEM[&amp;quot;Greenwich&amp;quot;,0.0],UNIT[&amp;quot;Degree&amp;quot;,0.0174532925199433],AUTHORITY[&amp;quot;EPSG&amp;quot;,4326]]&lt;/WKT&gt;&lt;XOrigin&gt;-400&lt;/XOrigin&gt;&lt;YOrigin&gt;-400&lt;/YOrigin&gt;&lt;XYScale&gt;11258999068426.238&lt;/XYScale&gt;&lt;ZOrigin&gt;-100000&lt;/ZOrigin&gt;&lt;ZScale&gt;10000&lt;/ZScale&gt;&lt;MOrigin&gt;-100000&lt;/MOrigin&gt;&lt;MScale&gt;10000&lt;/MScale&gt;&lt;XYTolerance&gt;8.983152841195215e-009&lt;/XYTolerance&gt;&lt;ZTolerance&gt;0.001&lt;/ZTolerance&gt;&lt;MTolerance&gt;0.001&lt;/MTolerance&gt;&lt;HighPrecision&gt;true&lt;/HighPrecision&gt;&lt;LeftLongitude&gt;-180&lt;/LeftLongitude&gt;&lt;WKID&gt;4326&lt;/WKID&gt;&lt;LatestWKID&gt;4326&lt;/LatestWKID&gt;&lt;/GeographicCoordinateSystem&gt;</peXml></coordRef></DataProperties><scaleRange><minScale>150000000</minScale><maxScale>5000</maxScale></scaleRange><ArcGISProfile>ISO19139</ArcGISProfile><ModDate>20130503</ModDate><ModTime>14432000</ModTime><SyncDate>20130502</SyncDate><SyncTime>15361300</SyncTime></Esri><mdLang><languageCode value="eng"/><countryCode value="USA" Sync="TRUE"/></mdLang><mdChar><CharSetCd value="004"/></mdChar><mdHrLv><ScopeCd value="005"/></mdHrLv><mdContact xmlns=""><rpIndName>Office of Geospatial Information Systems</rpIndName><rpOrgName>Research and Innovative Technology Administration's Bureau of Transportation Statistics (RITA/BTS)</rpOrgName><rpCntInfo><cntPhone><voiceNum tddtty="">202 366-DATA</voiceNum></cntPhone><cntAddress addressType="both"><delPoint>1200 New Jersey Ave., S.E.</delPoint><city>Washington</city><adminArea>DC</adminArea><postCode>20590</postCode><country>US</country><eMailAdd>answers@bts.gov</eMailAdd></cntAddress></rpCntInfo><role><RoleCd value="007"/></role></mdContact><mdStanName>ArcGIS Metadata</mdStanName><mdStanVer>1.0</mdStanVer><distInfo xmlns=""><distributor xmlns=""><distorCont xmlns=""><rpIndName>Office of Geospatial Information Systems</rpIndName><rpOrgName>Research and Innovative Technology Administration's Bureau of Transportation Statistics (RITA/BTS)</rpOrgName><rpCntInfo xmlns=""><cntPhone><voiceNum tddtty="">202-366-DATA</voiceNum></cntPhone><cntAddress addressType="both"><delPoint>1200 New Jersey Ave., S.E.</delPoint><city>Washington</city><adminArea>DC</adminArea><postCode>20590</postCode><country>US</country><eMailAdd>answers@bts.gov</eMailAdd></cntAddress></rpCntInfo><role><RoleCd value="005"/></role></distorCont><distorOrdPrc xmlns=""><planAvDtTm>2012-01-01T00:00:00</planAvDtTm><ordInstr>Call 202-366-DATA, or E-mail (answers@bts.gov) RITA/BTS to request the National Transportation Atlas Databases (NTAD) 2013 DVD. This and other RITA/BTS products may be ordered from the RITA/BTS Internet website http://www.bts.gov/programs/geographic_information_services/.</ordInstr></distorOrdPrc><distorFormat xmlns=""><formatName>ESRI Shapefile</formatName><formatVer>10.1</formatVer><fileDecmTech>no compression applied</fileDecmTech></distorFormat><distorTran xmlns=""><transSize>58.124</transSize><offLineMed xmlns=""><medName><MedNameCd value="002"/></medName><medDensity>650</medDensity><medDenUnits>megabytes</medDenUnits><medFormat><MedFormCd value="004"/></medFormat></offLineMed></distorTran><distorTran xmlns=""><onLineSrc xmlns=""><orDesc>National Transportation Atlas Databases (NTAD) 2013</orDesc></onLineSrc></distorTran></distributor><distTranOps xmlns=""><onLineSrc xmlns=""><linkage>www.bts.gov</linkage></onLineSrc><transSize Sync="TRUE">58.125</transSize></distTranOps><distFormat xmlns=""><formatName Sync="TRUE">Shapefile</formatName></distFormat></distInfo><dataIdInfo><idCitation xmlns=""><date><pubDate>2010-01-01T00:00:00</pubDate></date><citRespParty xmlns=""><rpOrgName>Federal Highway Adimnistration (FHWA)</rpOrgName><role><RoleCd value="006"/></role></citRespParty><citOnlineRes><linkage>www.bts.gov</linkage></citOnlineRes><resTitle>Freight Analysis Framework (FAF) Network - Version 3.4</resTitle><presForm xmlns=""><PresFormCd value="005" Sync="TRUE"/></presForm><citRespParty xmlns=""><rpIndName>Ed Strocko</rpIndName><rpOrgName>Federal Highway Administration</rpOrgName><rpPosName>Manager</rpPosName><rpCntInfo xmlns=""><cntPhone><voiceNum tddtty="">202-366-2997</voiceNum></cntPhone><cntAddress addressType="both"><delPoint>1200 New Jersey Avenue</delPoint><city>Washington</city><adminArea>DC</adminArea><postCode>20590</postCode><country>US</country><eMailAdd>ed.strocko@dot.gov</eMailAdd></cntAddress></rpCntInfo><role><RoleCd value="007"/></role><displayName>Michael Sprung</displayName></citRespParty></idCitation><idAbs>&lt;DIV STYLE="text-align:Left;"&gt;&lt;DIV&gt;&lt;DIV&gt;&lt;P&gt;&lt;SPAN&gt;The spatial component of the FAF network is derived from National Highway System Version 2009.11 and contains state primary and secondary roads, National Highway System (NHS), National Network (NN) and several intermodal connectors as appropriate for the freight network modeling. The network consists of over 447,808 miles of equivalent road mileage. The data set covers the 48 contiguous States plus the District of Columbia, Alaska, and Hawaii. The nominal scale of the data set is 1:100,000 with a maximal positional error of ±80 meters.&lt;/SPAN&gt;&lt;/P&gt;&lt;/DIV&gt;&lt;/DIV&gt;&lt;/DIV&gt;</idAbs><idCredit>"Freight Analysis Framework Network Machine Readable Data Files" were prepared by the Federal Highway Administration Office of Freight Management and Operations, Washington DC, 2013 The freight assignment, capacity analysis and modeling portions of "FAF Network" are developed by Battelle Memorial Institute, Columbus, OH.</idCredit><idStatus><ProgCd value="001"/></idStatus><resMaint><maintFreq><MaintFreqCd value="009"/></maintFreq></resMaint><tempKeys xmlns=""><keyword>2011</keyword><keyword>2012</keyword><keyword>2013</keyword></tempKeys><themeKeys xmlns=""><keyword>Frieght Analysis Framework</keyword><keyword>Freight</keyword><keyword>FAF</keyword><keyword>3.4</keyword></themeKeys><searchKeys><keyword>Frieght Analysis Framework</keyword><keyword>2011</keyword><keyword>2012</keyword><keyword>2013</keyword><keyword>Freight</keyword><keyword>FAF</keyword><keyword>FAF 3.4</keyword><keyword>Network</keyword><keyword>DVD</keyword><keyword>Online Data Download</keyword></searchKeys><resConst><LegConsts xmlns=""><useLimit>None</useLimit></LegConsts></resConst><resConst><Consts xmlns=""><useLimit>&lt;DIV STYLE="text-align:Left;"&gt;&lt;DIV&gt;&lt;DIV&gt;&lt;P&gt;&lt;SPAN&gt;The FAF network, or any portion thereof, can be freely distributed as long as this metadata entry is included with each distribution. The original metadata entry cannot be modified or deleted from any data transfer.&lt;/SPAN&gt;&lt;/P&gt;&lt;/DIV&gt;&lt;/DIV&gt;&lt;/DIV&gt;</useLimit></Consts></resConst><dataLang><languageCode value="eng"/><countryCode value="USA" Sync="TRUE"/></dataLang><dataExt xmlns=""><exDesc>publication date</exDesc><tempEle><TempExtent><exTemp><TM_Instant><tmPosition>2012-01-01</tmPosition></TM_Instant></exTemp></TempExtent></tempEle></dataExt><dataChar><CharSetCd value="004"/></dataChar><spatRpType><SpatRepTypCd value="001"/></spatRpType><envirDesc Sync="TRUE">Microsoft Windows 7 Version 6.1 (Build 7601) Service Pack 1; Esri ArcGIS 10.1.0.3035</envirDesc><dataExt xmlns=""><geoEle xmlns=""><GeoBndBox esriExtentType="search"><exTypeCode Sync="TRUE">1</exTypeCode><westBL Sync="TRUE">-176.763993</westBL><eastBL Sync="TRUE">-66.979625</eastBL><northBL Sync="TRUE">71.316994</northBL><southBL Sync="TRUE">18.915020</southBL></GeoBndBox></geoEle></dataExt><idPoC xmlns=""><rpIndName>Ed Strocko</rpIndName><rpOrgName>FHWA</rpOrgName><rpPosName>Manager</rpPosName><role><RoleCd value="006"></RoleCd></role><rpCntInfo xmlns=""><cntAddress addressType=""><delPoint>1200 New Jersey Ave. SE</delPoint><city>Washington</city><adminArea>DC</adminArea><postCode>20590</postCode><eMailAdd>ed.strocko@dot.gov</eMailAdd></cntAddress><cntPhone><voiceNum tddtty="">202-366-2997</voiceNum></cntPhone></rpCntInfo></idPoC><idPoC xmlns=""><rpIndName>Office of Geospatial Information Systems</rpIndName><rpOrgName>Research and Innovative Technology Administration's Bureau of Transportation Statistics (RITA/BTS)</rpOrgName><rpCntInfo xmlns=""><cntPhone><voiceNum tddtty="">202 366-DATA</voiceNum></cntPhone><cntAddress addressType="both"><delPoint>1200 New Jersey Ave., S.E.</delPoint><city>Washington</city><adminArea>DC</adminArea><postCode>20590</postCode><country>US</country><eMailAdd>answers@bts.gov</eMailAdd></cntAddress></rpCntInfo><role><RoleCd value="007"/></role><editorSave>False</editorSave><displayName>Office of Geospatial Information Systems</displayName></idPoC><tpCat><TopicCatCd value="005"/></tpCat><tpCat><TopicCatCd value="018"/></tpCat></dataIdInfo><mdMaint xmlns=""><maintFreq><MaintFreqCd value="012"/></maintFreq><maintNote>Last metadata review date: 2013</maintNote></mdMaint><dqInfo xmlns=""><dqScope><scpLvl><ScopeCd value="005"/></scpLvl></dqScope><report type="DQTopConsis" dimension="" xmlns=""><evalMethDesc>All node and link topological relationships and uniqueness of entity IDs are verified by computer algorithm.</evalMethDesc></report><report type="DQConcConsis" dimension="" xmlns=""><measDesc>All node and link topological relationships and uniqueness of entity IDs are verified by computer algorithm.</measDesc></report><report type="DQCompOm" dimension="" xmlns=""><measDesc>The completed FAF network was delivered to the FHWA on October 2010.</measDesc></report><report type="DQQuanAttAcc" dimension="" xmlns=""><measDesc>The FAF network retains NHS Version 2009.11 attribute fields of RECTYPE, ORIGID, STFIPS, CTFIPS, SIGN1, SIGNT1, SIGNN1, SIGNQ1, SIGN2, SIGNT2, SIGNN2, SIGNQ2, SIGN3, SIGNT3, SIGNN3, SIGNQ3, LNAME, MILES, FCLASS, RUCODE, STATUS, NHS. All other fields listed in the NHS Version 2009.11 metadata are dropped. The accuracy of these fields is consistent with Version 2009.11 except the MILES attribute values. The accuracy of field "MILES" is unverified and may have distorted during modification of the network for modeling purpose. New fields added to FAF network are, ID, LENGTH, DIR, NN, TRK_RTE and LCV_TYPE. The field "ID" is used to join the freight modeling algorithm variables for assignment as well as assignment outputs for thematic display purpose. The mileage reported in the field "LENGTH" is based on great circle distance.</measDesc></report><report type="DQAbsExtPosAcc" dimension="horizontal" xmlns=""><measDesc>As reported in the NHS Version 2009.11 metadata, the elements of the NHS have been conflated to the 1:100,000 DLG-3 data set which maintains a nominal accuracy of at least ±80 meters. Where new roads have been added which are not in the DLG-3 database link alignments have been digitized or converted from digital sources acquired from State DOTs with a map scale of at least 1:100,000.</measDesc></report><dataLineage><prcStep><stepDesc>Update and integrate intermodal terminals. States geo-location matched and attributes verified.</stepDesc><stepDateTm>2010-10-25</stepDateTm></prcStep><prcStep><stepDesc>Update NHS and intermodal connector links. States edge matched and NHS attributes verified.</stepDesc><stepDateTm>2010-10-25</stepDateTm></prcStep><prcStep><stepDesc>Modified NHS codes as per direction of the FHWA.</stepDesc><stepDateTm>2010-10-25</stepDateTm></prcStep><prcStep><stepDesc>Update National Network (NN) codes based on the information provided to Battelle by the FHWA office of Freight Management and Operation and the information sited under FHWA Truck Size and Weight Regulation Study, 1998.</stepDesc><stepDateTm>2010-10-25</stepDateTm></prcStep><prcStep><stepDesc>Update LCV codes based on FHWA Truck Size and Weight Regulations. Verified with state specific input from DOT website or direct contact.</stepDesc><stepDateTm>2010-10-25</stepDateTm></prcStep><prcStep><stepDesc>Modified NHS based on amendments.</stepDesc><stepDateTm>2010-10-25T00:00:00</stepDateTm></prcStep><prcStep><stepDesc>Update truck route restrictions code and include restrictions due to height and hazmat designation using the State data sources, and the Rand McNally truck road atlas.</stepDesc><stepDateTm>2010-10-25T00:00:00</stepDateTm></prcStep><prcStep><stepDesc>Verified Intermodal terminals.</stepDesc><stepDateTm>2010-10-25T00:00:00</stepDateTm></prcStep><dataSource type=""><srcDesc>NHS, Interstate, and other arterial highway system, intermodal connectors.</srcDesc><srcCitatn><resTitle>NHS Version 2009.11, Federal Highway Administration, Washington DC, HEP-10</resTitle><date><pubDate>2012-02-16T00:00:00</pubDate></date><citRespParty><rpOrgName>Federal Highway Administration (FHWA)</rpOrgName><role><RoleCd value="006"/></role></citRespParty></srcCitatn><srcExt><exDesc>publication date</exDesc><tempEle><TempExtent><exTemp><TM_Instant><tmPosition>2012-01-01</tmPosition></TM_Instant></exTemp></TempExtent></tempEle></srcExt></dataSource></dataLineage></dqInfo><eainfo><detailed Name="faf_network" xmlns=""><enttyp><enttypl Sync="FALSE">FAF3.4_Network</enttypl><enttypt Sync="TRUE">Feature Class</enttypt><enttypc Sync="TRUE">170998</enttypc></enttyp><attr xmlns=""><attrlabl>FID</attrlabl><attrdef>Internal feature number.</attrdef><attrdefs>ESRI</attrdefs><attrdomv><udom>Sequential unique whole numbers that are automatically generated.</udom></attrdomv><attalias Sync="TRUE">FID</attalias><attrtype Sync="TRUE">OID</attrtype><attwidth Sync="TRUE">4</attwidth><atprecis Sync="TRUE">0</atprecis><attscale Sync="TRUE">0</attscale></attr><attr xmlns=""><attrlabl>Shape</attrlabl><attrdef>Feature geometry.</attrdef><attrdefs>ESRI</attrdefs><attrdomv><udom>Coordinates defining the features.</udom></attrdomv><attalias Sync="TRUE">Shape</attalias><attrtype Sync="TRUE">Geometry</attrtype><attwidth Sync="TRUE">0</attwidth><atprecis Sync="TRUE">0</atprecis><attscale Sync="TRUE">0</attscale></attr><attr xmlns=""><attrlabl>ID</attrlabl><attrdef>Unique identification number.</attrdef><attrdefs>FHWA</attrdefs><attalias Sync="TRUE">ID</attalias><attrtype Sync="TRUE">Double</attrtype><attwidth Sync="TRUE">10</attwidth><atprecis Sync="TRUE">10</atprecis><attscale Sync="TRUE">0</attscale></attr><attr xmlns=""><attrlabl>LENGTH</attrlabl><attrdef>Length of arc (miles).</attrdef><attrdefs>ESRI</attrdefs><attalias Sync="TRUE">LENGTH</attalias><attrtype Sync="TRUE">Double</attrtype><attwidth Sync="TRUE">10</attwidth><atprecis Sync="TRUE">9</atprecis><attscale Sync="TRUE">2</attscale></attr><attr xmlns=""><attrlabl>DIR</attrlabl><attrdef>Freight direction for freight modeling.</attrdef><attrdefs>FHWA</attrdefs><attalias Sync="TRUE">DIR</attalias><attrtype Sync="TRUE">SmallInteger</attrtype><attwidth Sync="TRUE">2</attwidth><atprecis Sync="TRUE">2</atprecis><attscale Sync="TRUE">0</attscale></attr><attr xmlns=""><attrlabl>RECTYPE</attrlabl><attalias Sync="TRUE">RECTYPE</attalias><attrtype Sync="TRUE">String</attrtype><attwidth Sync="TRUE">1</attwidth><atprecis Sync="TRUE">0</atprecis><attscale Sync="TRUE">0</attscale></attr><attr xmlns=""><attrlabl>VERSION</attrlabl><attrdef>Used for maintaining consistency across data files containing alternate releases of the FAF.</attrdef><attrdefs>FHWA</attrdefs><attalias Sync="TRUE">VERSION</attalias><attrtype Sync="TRUE">String</attrtype><attwidth Sync="TRUE">7</attwidth><atprecis Sync="TRUE">0</atprecis><attscale Sync="TRUE">0</attscale></attr><attr xmlns=""><attrlabl>STATE</attrlabl><attrdef>State abbreviation.</attrdef><attrdefs>USPS- U.S. Postal Service two letter state abbreviation.</attrdefs><attrdomv><codesetd><codesetn>Official List of State Postal Abbreviations</codesetn><codesets>U.S. Postal Service</codesets></codesetd></attrdomv><attalias Sync="TRUE">STATE</attalias><attrtype Sync="TRUE">String</attrtype><attwidth Sync="TRUE">2</attwidth><atprecis Sync="TRUE">0</atprecis><attscale Sync="TRUE">0</attscale></attr><attr xmlns=""><attrlabl>SIGN1</attrlabl><attrdef>Character  Designated primary Sign Route for the arc.</attrdef><attrdefs>FHWA</attrdefs><attalias Sync="TRUE">SIGN1</attalias><attrtype Sync="TRUE">String</attrtype><attwidth Sync="TRUE">6</attwidth><atprecis Sync="TRUE">0</atprecis><attscale Sync="TRUE">0</attscale></attr><attr xmlns=""><attrlabl>SIGNT1</attrlabl><attrdef>Character  Describes the type of the sign route.</attrdef><attrdefs>FHWA</attrdefs><attrdomv><edom><edomv>I</edomv><edomvd>Interstate</edomvd><edomvds>FHWA</edomvds></edom></attrdomv><attrdomv><edom><edomv>U</edomv><edomvd>US Route</edomvd><edomvds>FHWA</edomvds></edom></attrdomv><attrdomv><edom><edomv>S</edomv><edomvd>State Route</edomvd><edomvds>FHWA</edomvds></edom></attrdomv><attrdomv><edom><edomv>O</edomv><edomvd>Off-Interstate Business Marker</edomvd><edomvds>FHWA</edomvds></edom></attrdomv><attrdomv><edom><edomv>C</edomv><edomvd>County Route</edomvd><edomvds>FHWA</edomvds></edom></attrdomv><attrdomv><edom><edomv>T</edomv><edomvd>Township</edomvd><edomvds>FHWA</edomvds></edom></attrdomv><attrdomv><edom><edomv>M</edomv><edomvd>Municipal</edomvd><edomvds>FHWA</edomvds></edom></attrdomv><attrdomv><edom><edomv>P</edomv><edomvd>Parkway or Forest Route Marker</edomvd><edomvds>FHWA</edomvds></edom></attrdomv><attrdomv><edom><edomv>N</edomv><edomvd>None of the above</edomvd><edomvds>FHWA</edomvds></edom></attrdomv><attrdomv><edom><edomv>(blank)</edomv><edomvd>Not signed or not applicable</edomvd><edomvds>FHWA</edomvds></edom></attrdomv><attalias Sync="TRUE">SIGNT1</attalias><attrtype Sync="TRUE">String</attrtype><attwidth Sync="TRUE">1</attwidth><atprecis Sync="TRUE">0</atprecis><attscale Sync="TRUE">0</attscale></attr><attr xmlns=""><attrlabl>SIGNN1</attrlabl><attrdef>Contains the actual sign route numbers. Using HPMS standards, an optional directional indicator (N, S, E, W) can also be used as part of this field.</attrdef><attrdefs>FHWA</attrdefs><attalias Sync="TRUE">SIGNN1</attalias><attrtype Sync="TRUE">String</attrtype><attwidth Sync="TRUE">4</attwidth><atprecis Sync="TRUE">0</atprecis><attscale Sync="TRUE">0</attscale></attr><attr xmlns=""><attrlabl>SIGNQ1</attrlabl><attrdef>Sign Route Qualifier Record which is used to qualify the sign route description follows the Sign Route Number.</attrdef><attrdefs>FHWA</attrdefs><attrdomv><edom><edomv>A</edomv><edomvd>Alternate Route</edomvd><edomvds>FHWA</edomvds></edom></attrdomv><attrdomv><edom><edomv>B</edomv><edomvd>Business Route</edomvd><edomvds>FHWA</edomvds></edom></attrdomv><attrdomv><edom><edomv>P</edomv><edomvd>Bypass</edomvd><edomvds>FHWA</edomvds></edom></attrdomv><attrdomv><edom><edomv>S</edomv><edomvd>Spur</edomvd><edomvds>FHWA</edomvds></edom></attrdomv><attrdomv><edom><edomv>L</edomv><edomvd>Loop</edomvd><edomvds>FHWA</edomvds></edom></attrdomv><attrdomv><edom><edomv>F</edomv><edomvd>Proposed (Future)</edomvd><edomvds>FHWA</edomvds></edom></attrdomv><attrdomv><edom><edomv>D</edomv><edomvd>Temporary (Detour)</edomvd><edomvds>FHWA</edomvds></edom></attrdomv><attrdomv><edom><edomv>T</edomv><edomvd>Truck Route</edomvd><edomvds>FHWA</edomvds></edom></attrdomv><attrdomv><edom><edomv>N</edomv><edomvd>None of the above</edomvd><edomvds>FHWA</edomvds></edom></attrdomv><attrdomv><edom><edomv>(blank)</edomv><edomvd>No qualifier, not signed, or not applicable</edomvd><edomvds>FHWA</edomvds></edom></attrdomv><attalias Sync="TRUE">SIGNQ1</attalias><attrtype Sync="TRUE">String</attrtype><attwidth Sync="TRUE">1</attwidth><atprecis Sync="TRUE">0</atprecis><attscale Sync="TRUE">0</attscale></attr><attr xmlns=""><attrlabl>SIGN2</attrlabl><attrdef>contains the designated secondary Sign Route for the arc.</attrdef><attrdefs>FHWA</attrdefs><attalias Sync="TRUE">SIGN2</attalias><attrtype Sync="TRUE">String</attrtype><attwidth Sync="TRUE">6</attwidth><atprecis Sync="TRUE">0</atprecis><attscale Sync="TRUE">0</attscale></attr><attr xmlns=""><attrlabl>SIGNT2</attrlabl><attrdef>Describes the type of the sign route.</attrdef><attrdefs>FHWA</attrdefs><attrdomv><edom><edomv>I</edomv><edomvd>Interstate</edomvd><edomvds>FHWA</edomvds></edom></attrdomv><attrdomv><edom><edomv>U</edomv><edomvd>US Route</edomvd><edomvds>FHWA</edomvds></edom></attrdomv><attrdomv><edom><edomv>S</edomv><edomvd>State Route</edomvd><edomvds>FHWA</edomvds></edom></attrdomv><attrdomv><edom><edomv>O</edomv><edomvd>Off-Interstate Business Marker</edomvd><edomvds>FHWA</edomvds></edom></attrdomv><attrdomv><edom><edomv>C</edomv><edomvd>County Route</edomvd><edomvds>FHWA</edomvds></edom></attrdomv><attrdomv><edom><edomv>T</edomv><edomvd>Township</edomvd><edomvds>FHWA</edomvds></edom></attrdomv><attrdomv><edom><edomv>M</edomv><edomvd>Municipal</edomvd><edomvds>FHWA</edomvds></edom></attrdomv><attrdomv><edom><edomv>P</edomv><edomvd>Parkway or forest route marker</edomvd><edomvds>FHWA</edomvds></edom></attrdomv><attrdomv><edom><edomv>N</edomv><edomvd>None of the above</edomvd><edomvds>FHWA</edomvds></edom></attrdomv><attrdomv><edom><edomv>(blank)</edomv><edomvd>Not signed or not applicable</edomvd><edomvds>FHWA</edomvds></edom></attrdomv><attalias Sync="TRUE">SIGNT2</attalias><attrtype Sync="TRUE">String</attrtype><attwidth Sync="TRUE">1</attwidth><atprecis Sync="TRUE">0</atprecis><attscale Sync="TRUE">0</attscale></attr><attr xmlns=""><attrlabl>SIGNN2</attrlabl><attrdef>Contains the actual sign route numbers .</attrdef><attrdefs>FHWA</attrdefs><attalias Sync="TRUE">SIGNN2</attalias><attrtype Sync="TRUE">String</attrtype><attwidth Sync="TRUE">4</attwidth><atprecis Sync="TRUE">0</atprecis><attscale Sync="TRUE">0</attscale></attr><attr xmlns=""><attrlabl>SIGNQ2</attrlabl><attrdef>Sign Route Qualifier Record</attrdef><attrdefs>FHWA</attrdefs><attrdomv><edom><edomv>A</edomv><edomvd>Alternate Route</edomvd><edomvds>FHWA</edomvds></edom></attrdomv><attrdomv><edom><edomv>B</edomv><edomvd>Business Route</edomvd><edomvds>FHWA</edomvds></edom></attrdomv><attrdomv><edom><edomv>P</edomv><edomvd>Bypass</edomvd><edomvds>FHWA</edomvds></edom></attrdomv><attrdomv><edom><edomv>S</edomv><edomvd>Spur</edomvd><edomvds>FHWA</edomvds></edom></attrdomv><attrdomv><edom><edomv>L</edomv><edomvd>Loop</edomvd><edomvds>FHWA</edomvds></edom></attrdomv><attrdomv><edom><edomv>F</edomv><edomvd>Proposed (future)</edomvd><edomvds>FHWA</edomvds></edom></attrdomv><attrdomv><edom><edomv>D</edomv><edomvd>Temporary (detour)</edomvd><edomvds>FHWA</edomvds></edom></attrdomv><attrdomv><edom><edomv>T</edomv><edomvd>Truck Route</edomvd><edomvds>FHWA</edomvds></edom></attrdomv><attrdomv><edom><edomv>N</edomv><edomvd>None of the above</edomvd><edomvds>FHWA</edomvds></edom></attrdomv><attrdomv><edom><edomv>(blank)</edomv><edomvd>No qualifier, not signed, or not applicable</edomvd><edomvds>FHWA</edomvds></edom></attrdomv><attalias Sync="TRUE">SIGNQ2</attalias><attrtype Sync="TRUE">String</attrtype><attwidth Sync="TRUE">1</attwidth><atprecis Sync="TRUE">0</atprecis><attscale Sync="TRUE">0</attscale></attr><attr xmlns=""><attrlabl>SIGN3</attrlabl><attrdef>Contains the designated additional secondary Sign Route</attrdef><attrdefs>FHWA</attrdefs><attalias Sync="TRUE">SIGN3</attalias><attrtype Sync="TRUE">String</attrtype><attwidth Sync="TRUE">6</attwidth><atprecis Sync="TRUE">0</atprecis><attscale Sync="TRUE">0</attscale></attr><attr xmlns=""><attrlabl>SIGNT3</attrlabl><attrdef>Describes the type of the sign route.</attrdef><attrdefs>FHWA</attrdefs><attrdomv><edom><edomv>I</edomv><edomvd>Interstate</edomvd><edomvds>FHWA</edomvds></edom></attrdomv><attrdomv><edom><edomv>U</edomv><edomvd>US Route</edomvd><edomvds>FHWA</edomvds></edom></attrdomv><attrdomv><edom><edomv>S</edomv><edomvd>State Route</edomvd><edomvds>FHWA</edomvds></edom></attrdomv><attrdomv><edom><edomv>O</edomv><edomvd>Off-interstate business marker</edomvd><edomvds>FHWA</edomvds></edom></attrdomv><attrdomv><edom><edomv>C</edomv><edomvd>County Route</edomvd><edomvds>FHWA</edomvds></edom></attrdomv><attrdomv><edom><edomv>T</edomv><edomvd>Township</edomvd><edomvds>FHWA</edomvds></edom></attrdomv><attrdomv><edom><edomv>M</edomv><edomvd>Municipal</edomvd><edomvds>FHWA</edomvds></edom></attrdomv><attrdomv><edom><edomv>P</edomv><edomvd>Parkway or Forest Route</edomvd><edomvds>FHWA</edomvds></edom></attrdomv><attrdomv><edom><edomv>N</edomv><edomvd>None of the above</edomvd><edomvds>FHWA</edomvds></edom></attrdomv><attrdomv><edom><edomv>(blank)</edomv><edomvd>Not signed or not applicable</edomvd><edomvds>FHWA</edomvds></edom></attrdomv><attalias Sync="TRUE">SIGNT3</attalias><attrtype Sync="TRUE">String</attrtype><attwidth Sync="TRUE">1</attwidth><atprecis Sync="TRUE">0</atprecis><attscale Sync="TRUE">0</attscale></attr><attr xmlns=""><attrlabl>SIGNN3</attrlabl><attrdef>Contains the actual sign route numbers</attrdef><attrdefs>FHWA</attrdefs><attalias Sync="TRUE">SIGNN3</attalias><attrtype Sync="TRUE">String</attrtype><attwidth Sync="TRUE">4</attwidth><atprecis Sync="TRUE">0</atprecis><attscale Sync="TRUE">0</attscale></attr><attr xmlns=""><attrlabl>SIGNQ3</attrlabl><attrdef>Sign Route Qualifier Record</attrdef><attrdefs>FHWA</attrdefs><attrdomv><edom><edomv>A</edomv><edomvd>Alternative Route</edomvd><edomvds>FHWA</edomvds></edom></attrdomv><attrdomv><edom><edomv>B</edomv><edomvd>Business Route</edomvd><edomvds>FHWA</edomvds></edom></attrdomv><attrdomv><edom><edomv>P</edomv><edomvd>Bypass</edomvd><edomvds>FHWA</edomvds></edom></attrdomv><attrdomv><edom><edomv>S</edomv><edomvd>Spur</edomvd><edomvds>FHWA</edomvds></edom></attrdomv><attrdomv><edom><edomv>L</edomv><edomvd>Loop</edomvd><edomvds>FHWA</edomvds></edom></attrdomv><attrdomv><edom><edomv>F</edomv><edomvd>Proposed (Future)</edomvd><edomvds>FHWA</edomvds></edom></attrdomv><attrdomv><edom><edomv>D</edomv><edomvd>Temporary (detour)</edomvd><edomvds>FHWA</edomvds></edom></attrdomv><attrdomv><edom><edomv>T</edomv><edomvd>Truck Route</edomvd><edomvds>FHWA</edomvds></edom></attrdomv><attrdomv><edom><edomv>N</edomv><edomvd>None of the above</edomvd><edomvds>FHWA</edomvds></edom></attrdomv><attrdomv><edom><edomv>(blank)</edomv><edomvd>No qualifier, not signed or not applicable</edomvd><edomvds>FHWA</edomvds></edom></attrdomv><attalias Sync="TRUE">SIGNQ3</attalias><attrtype Sync="TRUE">String</attrtype><attwidth Sync="TRUE">1</attwidth><atprecis Sync="TRUE">0</atprecis><attscale Sync="TRUE">0</attscale></attr><attr xmlns=""><attrlabl>LNAME</attrlabl><attrdef>Local Road Name</attrdef><attrdefs>FHWA</attrdefs><attalias Sync="TRUE">LNAME</attalias><attrtype Sync="TRUE">String</attrtype><attwidth Sync="TRUE">30</attwidth><atprecis Sync="TRUE">0</atprecis><attscale Sync="TRUE">0</attscale></attr><attr xmlns=""><attrlabl>MILES</attrlabl><attrdef>Length of arc (miles)</attrdef><attrdefs>ESRI</attrdefs><attrdomv><rdom><rdommin>00</rdommin><rdommax>99</rdommax></rdom></attrdomv><attalias Sync="TRUE">MILES</attalias><attrtype Sync="TRUE">Double</attrtype><attwidth Sync="TRUE">10</attwidth><atprecis Sync="TRUE">9</atprecis><attscale Sync="TRUE">4</attscale></attr><attr xmlns=""><attrlabl>KM</attrlabl><attrdomv><rdom><rdommin>00</rdommin><rdommax>99</rdommax></rdom></attrdomv><attalias Sync="TRUE">KM</attalias><attrtype Sync="TRUE">Double</attrtype><attwidth Sync="TRUE">10</attwidth><attrdef>kilometers</attrdef><atprecis Sync="TRUE">9</atprecis><attscale Sync="TRUE">3</attscale></attr><attr xmlns=""><attrlabl>FCLASS</attrlabl><attrdef>Functional Class</attrdef><attrdefs>FHWA</attrdefs><attrdomv><edom><edomv>01</edomv><edomvd>Rural Interstate</edomvd><edomvds>FHWA</edomvds></edom></attrdomv><attrdomv><edom><edomv>02</edomv><edomvd>Rural Functional Class</edomvd><edomvds>FHWA</edomvds></edom></attrdomv><attrdomv><edom><edomv>06</edomv><edomvd>Rural Minor Arterial</edomvd><edomvds>FHWA</edomvds></edom></attrdomv><attrdomv><edom><edomv>07</edomv><edomvd>Rural Major Collector</edomvd><edomvds>FHWA</edomvds></edom></attrdomv><attrdomv><edom><edomv>08</edomv><edomvd>Rural Minor Collector</edomvd><edomvds>FHWA</edomvds></edom></attrdomv><attrdomv><edom><edomv>09</edomv><edomvd>Rural Local</edomvd><edomvds>FHWA</edomvds></edom></attrdomv><attrdomv><edom><edomv>11</edomv><edomvd>Urban Interstate</edomvd><edomvds>FHWA</edomvds></edom></attrdomv><attrdomv><edom><edomv>12</edomv><edomvd>Urban Freeway or Expressway</edomvd><edomvds>FHWA</edomvds></edom></attrdomv><attrdomv><edom><edomv>14</edomv><edomvd>Urban Principal Arterial</edomvd><edomvds>FHWA</edomvds></edom></attrdomv><attrdomv><edom><edomv>16</edomv><edomvd>Urban Minor Arterial</edomvd><edomvds>FHWA</edomvds></edom></attrdomv><attrdomv><edom><edomv>17</edomv><edomvd>Urban Collector</edomvd><edomvds>FHWA</edomvds></edom></attrdomv><attrdomv><edom><edomv>19</edomv><edomvd>Urban Local</edomvd><edomvds>FHWA</edomvds></edom></attrdomv><attalias Sync="TRUE">FCLASS</attalias><attrtype Sync="TRUE">SmallInteger</attrtype><attwidth Sync="TRUE">4</attwidth><atprecis Sync="TRUE">4</atprecis><attscale Sync="TRUE">0</attscale></attr><attr xmlns=""><attrlabl>RUCODE</attrlabl><attrdef>Rural/Urban Code</attrdef><attrdefs>FHWA</attrdefs><attrdomv><edom><edomv>1</edomv><edomvd>Rural</edomvd><edomvds>FHWA</edomvds></edom></attrdomv><attrdomv><edom><edomv>2</edomv><edomvd>Small Urban (1990 pop 5,000 -49,999)</edomvd><edomvds>FHWA</edomvds></edom></attrdomv><attrdomv><edom><edomv>3</edomv><edomvd>Large Urban (1990 &gt;= 50,000)</edomvd><edomvds>FHWA</edomvds></edom></attrdomv><attalias Sync="TRUE">RUCODE</attalias><attrtype Sync="TRUE">SmallInteger</attrtype><attwidth Sync="TRUE">4</attwidth><atprecis Sync="TRUE">4</atprecis><attscale Sync="TRUE">0</attscale></attr><attr xmlns=""><attrlabl>STATUS</attrlabl><attrdef>Open status of road</attrdef><attrdefs>FHWA</attrdefs><attrdomv><edom><edomv>0</edomv><edomvd>Proposed/Under construction</edomvd><edomvds>FHWA</edomvds></edom></attrdomv><attrdomv><edom><edomv>1</edomv><edomvd>Open to traffic</edomvd><edomvds>FHWA</edomvds></edom></attrdomv><attalias Sync="TRUE">STATUS</attalias><attrtype Sync="TRUE">SmallInteger</attrtype><attwidth Sync="TRUE">4</attwidth><attrdomv><edom><edomv>2</edomv><edomvd>Ferry Route</edomvd><edomvds>FHWA</edomvds></edom></attrdomv><attrdomv><edom><edomv>3</edomv><edomvd>Canadian routes connecting Alaska to the contiguous States</edomvd><edomvds>FHWA</edomvds></edom></attrdomv><atprecis Sync="TRUE">4</atprecis><attscale Sync="TRUE">0</attscale></attr><attr xmlns=""><attrlabl>NHS</attrlabl><attrdef>National Highway System</attrdef><attrdefs>FHWA</attrdefs><attrdomv><edom><edomv>0</edomv><edomvd>Not on NHS</edomvd><edomvds>FHWA</edomvds></edom></attrdomv><attrdomv><edom><edomv>1</edomv><edomvd>Interstate</edomvd><edomvds>FHWA</edomvds></edom></attrdomv><attrdomv><edom><edomv>3</edomv><edomvd>Non-Interstate STRAHNET</edomvd><edomvds>FHWA</edomvds></edom></attrdomv><attrdomv><edom><edomv>4</edomv><edomvd>STRAHNET Connector</edomvd><edomvds>FHWA</edomvds></edom></attrdomv><attrdomv><edom><edomv>7</edomv><edomvd>Other NHS</edomvd><edomvds>FHWA</edomvds></edom></attrdomv><attrdomv><edom><edomv>8</edomv><edomvd>Approved Intermodal Connector</edomvd><edomvds>FHWA</edomvds></edom></attrdomv><attalias Sync="TRUE">NHS</attalias><attrtype Sync="TRUE">SmallInteger</attrtype><attwidth Sync="TRUE">4</attwidth><atprecis Sync="TRUE">4</atprecis><attscale Sync="TRUE">0</attscale></attr><attr xmlns=""><attrlabl>NN</attrlabl><attrdef>National Network</attrdef><attrdefs>FHWA</attrdefs><attrdomv><edom><edomv>1</edomv><edomvd>On NN System</edomvd><edomvds>FHWA</edomvds></edom></attrdomv><attalias Sync="TRUE">NN</attalias><attrtype Sync="TRUE">Double</attrtype><attwidth Sync="TRUE">10</attwidth><atprecis Sync="TRUE">10</atprecis><attscale Sync="TRUE">0</attscale></attr><attr xmlns=""><attrlabl>LCV_TYPE</attrlabl><attrdef>Identify the LCV character</attrdef><attrdefs>FHWA</attrdefs><attrdomv><edom><edomv>1</edomv><edomvd>Double with length less than 100.</edomvd><edomvds>FHWA</edomvds></edom></attrdomv><attrdomv><edom><edomv>2</edomv><edomvd>Double with length up to and over  100.</edomvd><edomvds>FHWA</edomvds></edom></attrdomv><attrdomv><edom><edomv>3</edomv><edomvd>Double and Triple with length less than 100.</edomvd><edomvds>FHWA</edomvds></edom></attrdomv><attrdomv><edom><edomv>5</edomv><edomvd>Double and triple up to and over 100.</edomvd><edomvds>FHWA</edomvds></edom></attrdomv><attrdomv><edom><edomv>6</edomv><edomvd>Low Clearance</edomvd><edomvds>FHWA</edomvds></edom></attrdomv><attalias Sync="TRUE">LCV_TYPE</attalias><attrtype Sync="TRUE">SmallInteger</attrtype><attwidth Sync="TRUE">4</attwidth><atprecis Sync="TRUE">4</atprecis><attscale Sync="TRUE">0</attscale></attr><attr xmlns=""><attrlabl>STFIPS</attrlabl><attrdef>Federal Information Processing Standard (FIPS) State Code</attrdef><attrdefs>National Institute of Standards and Technology (NIST)</attrdefs><attrdomv><codesetd><codesetn>Federal Information Processing Standard (FIPS)</codesetn><codesets>National Institute of Standards and Technology</codesets></codesetd></attrdomv><attalias Sync="TRUE">STFIPS</attalias><attrtype Sync="TRUE">String</attrtype><attwidth Sync="TRUE">2</attwidth><atprecis Sync="TRUE">0</atprecis><attscale Sync="TRUE">0</attscale></attr><attr xmlns=""><attrlabl>CTFIPS</attrlabl><attrdef>Federal Information Processing Standard (FIPS) County Code</attrdef><attrdefs>National Institute of Standards and Technology (NIST)</attrdefs><attrdomv><codesetd><codesetn>Federal Information Processing Standard (FIPS)</codesetn><codesets>National Institute of Standards and Technology</codesets></codesetd></attrdomv><attalias Sync="TRUE">CTFIPS</attalias><attrtype Sync="TRUE">String</attrtype><attwidth Sync="TRUE">3</attwidth><atprecis Sync="TRUE">0</atprecis><attscale Sync="TRUE">0</attscale></attr></detailed><overview xmlns=""><eaover>Data dictionaries for FAF network link, freight assignment output and capacity analysis output are available in the Freight Analysis Framework Methodology Document.</eaover></overview></eainfo><mdHrLvName Sync="TRUE">dataset</mdHrLvName><refSysInfo><RefSystem><refSysID><identCode code="4326" Sync="TRUE" value="4326"/><idCodeSpace Sync="TRUE">EPSG</idCodeSpace><idVersion Sync="TRUE">7.9.4</idVersion></refSysID></RefSystem></refSysInfo><spatRepInfo><VectSpatRep xmlns=""><geometObjs Name="faf_network"><geoObjTyp><GeoObjTypCd value="002" Sync="TRUE"/></geoObjTyp><geoObjCnt Sync="TRUE">170998</geoObjCnt></geometObjs><topLvl><TopoLevCd value="001" Sync="TRUE"/></topLvl></VectSpatRep></spatRepInfo><spdoinfo><ptvctinf><esriterm Name="faf_network"><efeatyp Sync="TRUE">Simple</efeatyp><efeageom code="3" Sync="TRUE"/><esritopo Sync="TRUE">FALSE</esritopo><efeacnt Sync="TRUE">170998</efeacnt><spindex Sync="TRUE">TRUE</spindex><linrefer Sync="TRUE">FALSE</linrefer></esriterm></ptvctinf></spdoinfo><mdDateSt Sync="TRUE">20130503</mdDateSt><mdContact xmlns=""><rpOrgName>Federal Highway Administration (FHWA)</rpOrgName><role><RoleCd value="006"/></role><displayName>Federal Highway Administration (FHWA)</displayName><rpIndName>Ed Stocko</rpIndName><rpPosName>Manager</rpPosName><rpCntInfo xmlns=""><cntAddress addressType=""><delPoint>1200 New Jersey Ave SE</delPoint><city>Washington</city><adminArea>DC</adminArea><postCode>20590</postCode><eMailAdd>ed.stocko@dot.gov</eMailAdd></cntAddress><cntPhone><voiceNum tddtty="">202-366-2997</voiceNum></cntPhone></rpCntInfo></mdContact></metadata>
