<metadata xml:lang="en"><Esri><CreaDate>20130402</CreaDate><CreaTime>08294400</CreaTime><ArcGISFormat>1.0</ArcGISFormat><ArcGISstyle>ISO 19139 Metadata Implementation Specification</ArcGISstyle><SyncOnce>FALSE</SyncOnce><DataProperties><itemProps><itemLocation><linkage Sync="FALSE">withheld</linkage><protocol Sync="TRUE">Local Area Network</protocol></itemLocation><imsContentType export="False">002</imsContentType><itemName Sync="TRUE">ipcd</itemName><nativeExtBox><westBL Sync="TRUE">-176.646030</westBL><eastBL Sync="TRUE">-66.985040</eastBL><southBL Sync="TRUE">19.720260</southBL><northBL Sync="TRUE">71.285450</northBL><exTypeCode Sync="TRUE">1</exTypeCode></nativeExtBox><itemSize Sync="TRUE">0.190</itemSize></itemProps><coordRef><type Sync="TRUE">Geographic</type><geogcsn Sync="TRUE">GCS_WGS_1984</geogcsn><csUnits Sync="TRUE">Angular Unit: Degree (0.017453)</csUnits><peXml Sync="TRUE">&lt;GeographicCoordinateSystem xsi:type='typens:GeographicCoordinateSystem' xmlns:xsi='http://www.w3.org/2001/XMLSchema-instance' xmlns:xs='http://www.w3.org/2001/XMLSchema' xmlns:typens='http://www.esri.com/schemas/ArcGIS/10.1'&gt;&lt;WKT&gt;GEOGCS[&amp;quot;GCS_WGS_1984&amp;quot;,DATUM[&amp;quot;D_WGS_1984&amp;quot;,SPHEROID[&amp;quot;WGS_1984&amp;quot;,6378137.0,298.257223563]],PRIMEM[&amp;quot;Greenwich&amp;quot;,0.0],UNIT[&amp;quot;Degree&amp;quot;,0.0174532925199433],METADATA[&amp;quot;World&amp;quot;,-180.0,-90.0,180.0,90.0,0.0,0.0174532925199433,0.0,1262],AUTHORITY[&amp;quot;EPSG&amp;quot;,4326]]&lt;/WKT&gt;&lt;XOrigin&gt;-400&lt;/XOrigin&gt;&lt;YOrigin&gt;-400&lt;/YOrigin&gt;&lt;XYScale&gt;11258999068426.238&lt;/XYScale&gt;&lt;ZOrigin&gt;-100000&lt;/ZOrigin&gt;&lt;ZScale&gt;10000&lt;/ZScale&gt;&lt;MOrigin&gt;-100000&lt;/MOrigin&gt;&lt;MScale&gt;10000&lt;/MScale&gt;&lt;XYTolerance&gt;8.983152841195215e-009&lt;/XYTolerance&gt;&lt;ZTolerance&gt;0.001&lt;/ZTolerance&gt;&lt;MTolerance&gt;0.001&lt;/MTolerance&gt;&lt;HighPrecision&gt;true&lt;/HighPrecision&gt;&lt;LeftLongitude&gt;-180&lt;/LeftLongitude&gt;&lt;WKID&gt;4326&lt;/WKID&gt;&lt;LatestWKID&gt;4326&lt;/LatestWKID&gt;&lt;/GeographicCoordinateSystem&gt;</peXml></coordRef></DataProperties><scaleRange><minScale>150000000</minScale><maxScale>5000</maxScale></scaleRange><ArcGISProfile>ISO19139</ArcGISProfile><ModDate>20130506</ModDate><ModTime>12324000</ModTime><SyncDate>20130411</SyncDate><SyncTime>10153700</SyncTime></Esri><dataIdInfo><idPurp>Over 55 percent of the approximately 7,100 passenger transportation terminals in the United States offer travelers the ability to connect among the scheduled passenger transportation modes according to the Bureau of Transportation Statistics’ recently completed Intermodal Passenger Connectivity Database (IPCD).  Rail stations are most likely to offer connectivity, while connections are least likely to exist at airports.  The IPCD is the first ever national quantification of the degree of connectivity in the passenger transportation system.   It provides data on how many modes provide service at, or within a close radius of the rail, air, intercity bus and ferry terminals in the United States.</idPurp><idCitation xmlns=""><resTitle>Intermodal Passenger Connectivitiy Database (IPCD)</resTitle><collTitle>Intermodal Passenger Connwectivity Database</collTitle><date><createDate>2013-03-18T00:00:00</createDate></date><citRespParty xmlns=""><rpOrgName>Research and Innovative Technology Administration/Bureau of Transportation Statistics</rpOrgName><rpCntInfo><cntAddress addressType=""><delPoint>1200 New Jersey Ave. SE</delPoint><city>Washington</city><adminArea>DC</adminArea><postCode>20590</postCode><eMailAdd>answers@BTS.gov</eMailAdd></cntAddress><cntPhone><voiceNum tddtty="">202-366-DAT</voiceNum></cntPhone></rpCntInfo><role><RoleCd value="010"/></role><rpIndName>National Transportation Atlas Database (NTAD) 2013</rpIndName><rpPosName>Geospatial Information Systems</rpPosName><displayName>Research and Innovative Technology Administration/Bureau of Transportation Statistics</displayName></citRespParty><citRespParty xmlns=""><rpIndName>Theresa Firestine</rpIndName><rpOrgName>Research and Innovative Technology Administrration/Bureau of Transportation Statistics</rpOrgName><rpCntInfo><cntAddress addressType=""><delPoint>1200 New Jersey Ave. SE.</delPoint><city>Washington</city><adminArea>DC</adminArea><postCode>20590</postCode><eMailAdd>theresa.firestine@dot.gov</eMailAdd><country>US</country></cntAddress><cntPhone><voiceNum tddtty="">202-366-3629</voiceNum></cntPhone></rpCntInfo></citRespParty><presForm xmlns=""><PresFormCd value="005" Sync="TRUE"/></presForm></idCitation><dataChar><CharSetCd value="004"/></dataChar><themeKeys xmlns=""><keyword>Transportation</keyword><keyword>Passenger</keyword><keyword>Mass transit</keyword><keyword>Intermodal</keyword></themeKeys><placeKeys xmlns=""><keyword>City</keyword><keyword>Metropolitan</keyword><keyword>Micrometropolitan</keyword><keyword>points</keyword><keyword>facilities</keyword></placeKeys><tempKeys xmlns=""><keyword>2012</keyword><keyword>2013</keyword></tempKeys><idPoC xmlns=""><rpIndName>Theresa Firestine</rpIndName><rpOrgName>Research and Innovative Technology Administrration/Bureau of Transportation Statistics</rpOrgName><rpCntInfo xmlns=""><cntAddress addressType=""><delPoint>1200 New Jersey Ave. SE.</delPoint><city>Washington</city><adminArea>DC</adminArea><postCode>20590</postCode><eMailAdd>theresa.firestine@dot.gov</eMailAdd><country>US</country></cntAddress><cntPhone><voiceNum tddtty="">202-366-3629</voiceNum></cntPhone></rpCntInfo><displayName>Theresa Firestine</displayName><role><RoleCd value="006"/></role></idPoC><searchKeys><keyword>Intermodal</keyword><keyword>Passenger</keyword><keyword>Connectivity</keyword><keyword>City</keyword><keyword>Facilities</keyword></searchKeys><idAbs>&lt;DIV STYLE="text-align:Left;"&gt;&lt;DIV&gt;&lt;DIV&gt;&lt;P&gt;&lt;SPAN&gt;The IPCD data covers the following types of passenger transportation terminals: &lt;/SPAN&gt;&lt;/P&gt;&lt;P&gt;&lt;SPAN&gt;•Scheduled Airline Service Airports.&lt;/SPAN&gt;&lt;/P&gt;&lt;P&gt;&lt;SPAN&gt;•Intercity bus stations (includes stations served by regular scheduled intercity bus service such as Greyhound and Trailways, code sharing buses such as "Amtrak Thruway" feeder buses, supplemental buses that provide additional frequencies along rail routes, and airport bus services from locations that are outside of the airport Metropolitan Area.&lt;/SPAN&gt;&lt;/P&gt;&lt;P&gt;&lt;SPAN&gt;•Intercity and transit ferry terminals.&lt;/SPAN&gt;&lt;/P&gt;&lt;P&gt;&lt;SPAN&gt;•Light rail transit stations.&lt;/SPAN&gt;&lt;/P&gt;&lt;P&gt;&lt;SPAN&gt;•Heavy rail transit stations.&lt;/SPAN&gt;&lt;/P&gt;&lt;P&gt;&lt;SPAN&gt;•Passenger rail stations on the national rail network serving both commuter rail and intercity rail services.&lt;/SPAN&gt;&lt;/P&gt;&lt;/DIV&gt;&lt;/DIV&gt;&lt;/DIV&gt;</idAbs><envirDesc Sync="TRUE">Microsoft Windows 7 Version 6.1 (Build 7601) Service Pack 1; Esri ArcGIS 10.1.0.3035</envirDesc><dataLang><languageCode value="eng" Sync="TRUE"/><countryCode value="USA" Sync="TRUE"/></dataLang><spatRpType><SpatRepTypCd value="001" Sync="TRUE"/></spatRpType><dataExt xmlns=""><geoEle xmlns=""><GeoBndBox esriExtentType="search"><exTypeCode Sync="TRUE">1</exTypeCode><westBL Sync="TRUE">-176.646030</westBL><eastBL Sync="TRUE">-66.985040</eastBL><northBL Sync="TRUE">71.285450</northBL><southBL Sync="TRUE">19.720260</southBL></GeoBndBox></geoEle></dataExt><resMaint xmlns=""><maintCont xmlns=""><editorSource>external</editorSource><editorDigest>836b5c6dc61fe103c46a972b3f9361c7</editorDigest><rpIndName>Theresa Firestine</rpIndName><rpOrgName>Research and Innovative Technology Administrration/Bureau of Transportation Statistics</rpOrgName><rpCntInfo><cntAddress addressType=""><delPoint>1200 New Jersey Ave. SE.</delPoint><city>Washington</city><adminArea>DC</adminArea><postCode>20590</postCode><eMailAdd>theresa.firestine@dot.gov</eMailAdd><country>US</country></cntAddress><cntPhone><voiceNum tddtty="">202-366-3629</voiceNum></cntPhone></rpCntInfo><editorSave>True</editorSave><displayName>Theresa Firestine</displayName></maintCont></resMaint><tpCat><TopicCatCd value="005"/></tpCat><tpCat><TopicCatCd value="016"/></tpCat><tpCat><TopicCatCd value="018"/></tpCat></dataIdInfo><mdChar><CharSetCd value="004"/></mdChar><mdHrLv><ScopeCd value="005"/></mdHrLv><eainfo><detailed xmlns="" Name="ipcd"><enttyp><enttypl>Intermodal Passenger Connectivity Database (IPCD)</enttypl><enttypt>Point</enttypt><enttypc>7114</enttypc><enttypd>Attributes of Intermodal Passenger Facilities</enttypd><enttypds>Research and Innovative Transportation Administration/Bureau of Transportation Statistics</enttypds></enttyp><attr xmlns=""><attrlabl>FID</attrlabl><attalias>Facility ID</attalias><attrdef>A unique nine character facility identifier consisting of the state code for the facility, the zip code, and a sequential two digit number assigned to facilities within that zip code.</attrdef><attrdefs>RITA</attrdefs><attrtype>Point</attrtype><attrdomv><rdom><rdommin>0</rdommin><rdommax>9999</rdommax></rdom><udom Sync="TRUE">Sequential unique whole numbers that are automatically generated.</udom></attrdomv><attwidth Sync="TRUE">4</attwidth><atprecis Sync="TRUE">0</atprecis><attscale Sync="TRUE">0</attscale></attr><attr xmlns=""><attrlabl>Shape</attrlabl><attalias>Shape</attalias><attrdef>Point</attrdef><attrtype>string</attrtype><attwidth Sync="TRUE">0</attwidth><atprecis Sync="TRUE">0</atprecis><attscale Sync="TRUE">0</attscale><attrdefs Sync="TRUE">Esri</attrdefs><attrdomv><udom Sync="TRUE">Coordinates defining the features.</udom></attrdomv></attr><attr xmlns=""><attrlabl>FACILITY_I</attrlabl><attalias>Connected Facility ID</attalias><attrdef>A six character identifier consisting of the state code and a sequential for digit number assigned to each record in a group of facilities that are located adjacent to each other allowing intermodal connections.  By finding all records with a common connected facility ID, users can find clusters of connected/adjacent terminals between/among which passengers can make intermodal connections.</attrdef><attrdefs>RITA</attrdefs><attrtype>String</attrtype><attwidth Sync="TRUE">254</attwidth><atprecis Sync="TRUE">0</atprecis><attscale Sync="TRUE">0</attscale></attr><attr xmlns=""><attrlabl>AIRPORT_CO</attrlabl><attalias>Airport Code</attalias><attrdef>The three-letter IATA code assigned to this facility where applicable.</attrdef><attrdefs>RITA</attrdefs><attrtype>String</attrtype><attwidth Sync="TRUE">254</attwidth><atprecis Sync="TRUE">0</atprecis><attscale Sync="TRUE">0</attscale></attr><attr xmlns=""><attrlabl Sync="TRUE">AIRPORT__1</attrlabl><attalias Sync="TRUE">AIRPORT__1</attalias><attrtype Sync="TRUE">String</attrtype><attwidth Sync="TRUE">254</attwidth><atprecis Sync="TRUE">0</atprecis><attscale Sync="TRUE">0</attscale></attr><attr xmlns=""><attrlabl>AMTRAK_STA</attrlabl><attalias>Amtrak Station Code</attalias><attrdef>The three-letter code used by Amtrak for this terminal.</attrdef><attrdefs>RITA</attrdefs><attrtype>String</attrtype><attwidth Sync="TRUE">254</attwidth><atprecis Sync="TRUE">0</atprecis><attscale Sync="TRUE">0</attscale></attr><attr xmlns=""><attrlabl>FERRY_TERM</attrlabl><attalias>Ferry Terminal Code</attalias><attrdef>4 digit ferry terminal identifier used in the BTS National Census of Ferry Operators.</attrdef><attrdefs>RITA</attrdefs><attrtype>String</attrtype><attwidth Sync="TRUE">254</attwidth><atprecis Sync="TRUE">0</atprecis><attscale Sync="TRUE">0</attscale></attr><attr xmlns=""><attrlabl>DATE_UPDAT</attrlabl><attalias>Date Updated</attalias><attrdef>Date that this record was last updated.</attrdef><attrdefs>RITA</attrdefs><attrtype>String</attrtype><attwidth Sync="TRUE">8</attwidth><atprecis Sync="TRUE">0</atprecis><attscale Sync="TRUE">0</attscale></attr><attr xmlns=""><attrlabl>ADDRESS</attrlabl><attalias>Address</attalias><attrdef>Street Address</attrdef><attrdefs>RITA</attrdefs><attrtype>String</attrtype><attwidth Sync="TRUE">254</attwidth><atprecis Sync="TRUE">0</atprecis><attscale Sync="TRUE">0</attscale></attr><attr xmlns=""><attrlabl>CITY</attrlabl><attalias>City</attalias><attrdef>City where the facility is located</attrdef><attrdefs>RITA</attrdefs><attrtype>String</attrtype><attwidth Sync="TRUE">254</attwidth><atprecis Sync="TRUE">0</atprecis><attscale Sync="TRUE">0</attscale></attr><attr xmlns=""><attrlabl>STATE</attrlabl><attalias>State</attalias><attrdef>Postal state abbreviation</attrdef><attrdefs>RITA</attrdefs><attrtype>String</attrtype><attwidth Sync="TRUE">254</attwidth><atprecis Sync="TRUE">0</atprecis><attscale Sync="TRUE">0</attscale></attr><attr xmlns=""><attrlabl>ZIPCODE</attrlabl><attalias>Zip Code</attalias><attrdef>Postal five-digit zip code</attrdef><attrdefs>RITA</attrdefs><attrtype>String</attrtype><attwidth Sync="TRUE">16</attwidth><atprecis Sync="TRUE">15</atprecis><attscale Sync="TRUE">6</attscale></attr><attr xmlns=""><attrlabl>METRO_AREA</attrlabl><attalias>Metro Name</attalias><attrdef>Name of Census Bureau Core Based Statistical Area (Metro Area) where the facility is located.</attrdef><attrdefs>RITA</attrdefs><attrtype>String</attrtype><attwidth Sync="TRUE">254</attwidth><atprecis Sync="TRUE">0</atprecis><attscale Sync="TRUE">0</attscale></attr><attr xmlns=""><attrlabl>FACILITY_N</attrlabl><attalias>Facility Name</attalias><attrdef>Facility Name</attrdef><attrdefs>RITA</attrdefs><attrtype>String</attrtype><attwidth Sync="TRUE">254</attwidth><atprecis Sync="TRUE">0</atprecis><attscale Sync="TRUE">0</attscale></attr><attr xmlns=""><attrlabl>LONGITUDE</attrlabl><attalias>Longitude</attalias><attrdef>Longitude, Decimal degrees</attrdef><attrdefs>RITA</attrdefs><attrtype>String</attrtype><attwidth Sync="TRUE">16</attwidth><atprecis Sync="TRUE">15</atprecis><attscale Sync="TRUE">6</attscale></attr><attr xmlns=""><attrlabl>LATITUDE</attrlabl><attalias>Latitude</attalias><attrdef>Latitude, Decimal degrees</attrdef><attrdefs>RITA</attrdefs><attrtype>String</attrtype><attwidth Sync="TRUE">16</attwidth><atprecis Sync="TRUE">15</atprecis><attscale Sync="TRUE">6</attscale></attr><attr xmlns=""><attrlabl>FACILITY_T</attrlabl><attalias>Facility Type</attalias><attrdef>Rail Station, Airport, Bus Station, etc. </attrdef><attrdefs>RITA</attrdefs><attrtype>String</attrtype><attrdomv><edom xmlns=""><edomv>1</edomv><edomvd>Facility is primarily an airport</edomvd><edomvds>RITA</edomvds></edom><edom xmlns=""><edomv>2</edomv><edomvd>Facilitity is primarily served by intercity bus</edomvd><edomvds>RITA</edomvds></edom><edom xmlns=""><edomv>5</edomv><edomvd>Facility primarily serving intercity passenger ferries</edomvd><edomvds>RITA</edomvds></edom><edom xmlns=""><edomv>6</edomv><edomvd>Facility primarily serving transit or local area ferries</edomvd><edomvds>RITA</edomvds></edom><edom xmlns=""><edomv>8</edomv><edomvd>Facility primarily serving light rail transit</edomvd><edomvds>RITA</edomvds></edom><edom xmlns=""><edomv>9</edomv><edomvd>Facility primarily serving heaving rail transit</edomvd><edomvds>RITA</edomvds></edom><edom xmlns=""><edomv>10</edomv><edomvd>Station on the national railroad network served by intercity and/or commuter trains</edomvd><edomvds>RITA</edomvds></edom></attrdomv><attwidth Sync="TRUE">16</attwidth><atprecis Sync="TRUE">15</atprecis><attscale Sync="TRUE">6</attscale></attr><attr xmlns=""><attrlabl>FERRY_TRAN</attrlabl><attalias>Ferry Transit</attalias><attrdef>Indicates whether transit ferry serves this facility </attrdef><attrdefs>RITA</attrdefs><attrtype>String</attrtype><attrdomv><edom xmlns=""><edomv>0</edomv><edomvd>Service not provided at this facility but elsewhere in the city</edomvd><edomvds>RITA</edomvds></edom><edom xmlns=""><edomv>1</edomv><edomvd>Service provided at this facility</edomvd></edom><edom xmlns=""><edomv>2</edomv><edomvd>Service provided but does not qualify as a connecting mode because proximity, timing, or bi-directional service criteria are not met</edomvd><edomvds>RITA</edomvds></edom><edom xmlns=""><edomv>3</edomv><edomvd>Service by this mode not offered in this city</edomvd><edomvds>RITA</edomvds></edom></attrdomv><attwidth Sync="TRUE">16</attwidth><atprecis Sync="TRUE">15</atprecis><attscale Sync="TRUE">6</attscale></attr><attr xmlns=""><attrlabl>FERRY_INTE</attrlabl><attalias>Ferry Intercity</attalias><attrdef>Indicates whether intercity ferry serves this facility</attrdef><attrdomv><edom xmlns=""><edomv>0</edomv><edomvd>Service not provided at this facility but elsewhere in the city</edomvd><edomvds>RITA</edomvds></edom><edom xmlns=""><edomv>1</edomv><edomvd>Service provided at this facility</edomvd><edomvds>RITA</edomvds></edom><edom xmlns=""><edomv>2</edomv><edomvd>Service provided but does not qualify as a connecting mode because proximity, timing, or bi-directional service criteria are not met.</edomvd><edomvds>RITA</edomvds></edom><edom xmlns=""><edomv>3</edomv><edomvd>Service by this mode not offered in this city</edomvd><edomvds>RITA</edomvds></edom></attrdomv><attrtype Sync="TRUE">Double</attrtype><attwidth Sync="TRUE">16</attwidth><atprecis Sync="TRUE">15</atprecis><attscale Sync="TRUE">6</attscale></attr><attr xmlns=""><attrlabl>BUS_TRANSI</attrlabl><attalias>Bus Transit</attalias><attrdef>Indicates whether transit bus serves this facility</attrdef><attrdefs>RITA</attrdefs><attrdomv><edom xmlns=""><edomv>0</edomv><edomvd>Service not provided at this facility but elsewhere in the city</edomvd><edomvds>RITA</edomvds></edom><edom xmlns=""><edomv>1</edomv><edomvd>Service provided at this facility</edomvd><edomvds>RITA</edomvds></edom><edom xmlns=""><edomv>2</edomv><edomvd>Service provided but does not qualify as a connecting mode because proximity, timing, or bi-directional service criteria are not met</edomvd><edomvds>RITA</edomvds></edom><edom xmlns=""><edomv>3</edomv><edomvd>Service by this mode not offered in this city</edomvd><edomvds>RITA</edomvds></edom></attrdomv><attrtype Sync="TRUE">Double</attrtype><attwidth Sync="TRUE">16</attwidth><atprecis Sync="TRUE">15</atprecis><attscale Sync="TRUE">6</attscale></attr><attr xmlns=""><attrlabl>BUS_INTERC</attrlabl><attalias>Bus Intercity</attalias><attrdef>Indicates whether intercity bus serves this facility </attrdef><attrdefs>RITA</attrdefs><attrdomv><edom xmlns=""><edomv>0</edomv><edomvd>Service not provided at this faciltiy but elsewhere in the city</edomvd><edomvds>RITA</edomvds></edom><edom xmlns=""><edomv>1</edomv><edomvd>Service provided at this facility</edomvd><edomvds>RITA</edomvds></edom><edom xmlns=""><edomv>2</edomv><edomvd>Service provided but does not qualify as a connecting mode because proximity, timing, or bi-directional service criteria are not met</edomvd><edomvds>RITA</edomvds></edom><edom xmlns=""><edomv>3</edomv><edomvd>Service by this mode not offered in this city</edomvd><edomvds>RITA</edomvds></edom></attrdomv><attrtype Sync="TRUE">Double</attrtype><attwidth Sync="TRUE">16</attwidth><atprecis Sync="TRUE">15</atprecis><attscale Sync="TRUE">6</attscale></attr><attr xmlns=""><attrlabl>BUS_CODE_S</attrlabl><attalias>Bus Code Share</attalias><attrdef>Indicates whether code share bus serves this facility </attrdef><attrdefs>RITA</attrdefs><attrdomv><edom xmlns=""><edomv>0</edomv><edomvd>Service not provided at this facility but elsewhere in the city</edomvd><edomvds>RITA</edomvds></edom><edom xmlns=""><edomv>1</edomv><edomvd>Service provided at this faciltiy</edomvd><edomvds>RITA</edomvds></edom><edom xmlns=""><edomv>2</edomv><edomvd>Service provided but does not qualify as a connecting mode because proximity, timing, or bi-diretional service criteria are not met</edomvd><edomvds>RITA</edomvds></edom><edom xmlns=""><edomv>3</edomv><edomvd>Service by this mode not offered in this city</edomvd><edomvds>RITA</edomvds></edom></attrdomv><attrtype Sync="TRUE">Double</attrtype><attwidth Sync="TRUE">16</attwidth><atprecis Sync="TRUE">15</atprecis><attscale Sync="TRUE">6</attscale></attr><attr xmlns=""><attrlabl>BUS_SUPPLE</attrlabl><attalias>Bus Supplemental</attalias><attrdef>Indicates whether supplemental bus serves this facility </attrdef><attrdefs>RITA</attrdefs><attrdomv><edom xmlns=""><edomv>0</edomv><edomvd>Service not provided at this faciltiy but elsewhere in the city</edomvd><edomvds>RITA</edomvds></edom><edom xmlns=""><edomv>1</edomv><edomvd>Service provided at this facility</edomvd><edomvds>RITA</edomvds></edom><edom xmlns=""><edomv>2</edomv><edomvd>Service provided but does not qualify as a connecting mode because proximity, timing, or bi-diretional service criteria are not met</edomvd><edomvds>RITA</edomvds></edom><edom xmlns=""><edomv>3</edomv><edomvd>Service bty this mode not offered in this city</edomvd><edomvds>RITA</edomvds></edom></attrdomv><attrtype Sync="TRUE">Double</attrtype><attwidth Sync="TRUE">16</attwidth><atprecis Sync="TRUE">15</atprecis><attscale Sync="TRUE">6</attscale></attr><attr xmlns=""><attrlabl>RAIL_INTER</attrlabl><attalias>Rail Intercity</attalias><attrdef>Indicates whether intercity rail serves this facility </attrdef><attrdefs>RITA</attrdefs><attrdomv><edom xmlns=""><edomv>0</edomv><edomvd>Service not provided at this facility but elsewhere in the city</edomvd><edomvds>RITA</edomvds></edom><edom xmlns=""><edomv>1</edomv><edomvd>Service provided at this facility</edomvd><edomvds>RITA</edomvds></edom><edom xmlns=""><edomv>2</edomv><edomvd>Service provided but does not qualify as a connecting mode because proximity, timing, or bi-diretional service criteria not met</edomvd><edomvds>RITA</edomvds></edom><edom xmlns=""><edomv>3</edomv><edomvd>Service by this mode not offered in this city</edomvd><edomvds>RITA</edomvds></edom></attrdomv><attrtype Sync="TRUE">Double</attrtype><attwidth Sync="TRUE">16</attwidth><atprecis Sync="TRUE">15</atprecis><attscale Sync="TRUE">6</attscale></attr><attr xmlns=""><attrlabl>RAIL_COMMU</attrlabl><attalias>Rail Commuter</attalias><attrdef>Indicates whether commuter rail serves this facility</attrdef><attrdefs>RITA</attrdefs><attrdomv><edom xmlns=""><edomv>0</edomv><edomvd>Service not provided at this facility but elsewhere in the city</edomvd><edomvds>RITA</edomvds></edom><edom xmlns=""><edomv>1</edomv><edomvd>Service provided at this facility</edomvd><edomvds>RITA</edomvds></edom><edom xmlns=""><edomv>2</edomv><edomvd>Service provided but does not qualify as a connecting mode because proximity, timing, or bi-diretional service criteria are not met</edomvd><edomvds>RITA</edomvds></edom><edom xmlns=""><edomv>3</edomv><edomvd>Service by this mode not offered in this dity</edomvd><edomvds>RITA</edomvds></edom></attrdomv><attrtype Sync="TRUE">Double</attrtype><attwidth Sync="TRUE">16</attwidth><atprecis Sync="TRUE">15</atprecis><attscale Sync="TRUE">6</attscale></attr><attr xmlns=""><attrlabl>RAIL_HEAVY</attrlabl><attalias>Rail Heavy</attalias><attrdef>Indicates whether heavy rail serves this facility </attrdef><attrdefs>RITA</attrdefs><attrdomv><edom xmlns=""><edomv>0</edomv><edomvd>Service not provided at this facility but elsewhere in the city</edomvd><edomvds>RITA</edomvds></edom><edom xmlns=""><edomv>1</edomv><edomvd>Service provided at this facility</edomvd><edomvds>RITA</edomvds></edom><edom xmlns=""><edomv>2</edomv><edomvd>Service provided but does not qualify as a conneting mode because proximity, timing, or bi-diretional service friteria are not met</edomvd><edomvds>RITA</edomvds></edom><edom xmlns=""><edomv>3</edomv><edomvd>Service by this mode not offered in this city</edomvd><edomvds>RITA</edomvds></edom></attrdomv><attrtype Sync="TRUE">Double</attrtype><attwidth Sync="TRUE">16</attwidth><atprecis Sync="TRUE">15</atprecis><attscale Sync="TRUE">6</attscale></attr><attr xmlns=""><attrlabl>RAIL_LIGHT</attrlabl><attalias>Rail Light</attalias><attrdef>Indicates whether light rail serves this facility </attrdef><attrdefs>RITA</attrdefs><attrdomv><edom xmlns=""><edomv>0</edomv><edomvd>Service not provided at this facility but elsewhere in the city</edomvd><edomvds>RITA</edomvds></edom><edom xmlns=""><edomv>1</edomv><edomvd>Service provided at this facility</edomvd><edomvds>RITA</edomvds></edom><edom xmlns=""><edomv>2</edomv><edomvd>Service provided but does not qualify as a connecting mode because proximity, timing, or bi-directional service criteria are not met</edomvd><edomvds>RITA</edomvds></edom><edom xmlns=""><edomv>3</edomv><edomvd>Service by this mode not offered in this city</edomvd><edomvds>RITA</edomvds></edom></attrdomv><attrtype Sync="TRUE">Double</attrtype><attwidth Sync="TRUE">16</attwidth><atprecis Sync="TRUE">15</atprecis><attscale Sync="TRUE">6</attscale></attr><attr xmlns=""><attrlabl>AIR_SERVIC</attrlabl><attalias>Air Service</attalias><attrdef>Indicates whether airline service serves this facility </attrdef><attrdefs>RITA</attrdefs><attrdomv><edom xmlns=""><edomv>0</edomv><edomvd>Service not provided at this facility but elsewhere in the city</edomvd><edomvds>RITA</edomvds></edom><edom xmlns=""><edomv>1</edomv><edomvd>Service provided at this facility</edomvd><edomvds>RITA</edomvds></edom><edom xmlns=""><edomv>2</edomv><edomvd>Service provided but does not qualify as a conneting mode because proximity, timing, or bi-diretional service criteria are not met</edomvd><edomvds>RITA</edomvds></edom><edom xmlns=""><edomv>3</edomv><edomvd>Service by this mode not offered in this city</edomvd><edomvds>RITA</edomvds></edom></attrdomv><attrtype Sync="TRUE">Double</attrtype><attwidth Sync="TRUE">16</attwidth><atprecis Sync="TRUE">15</atprecis><attscale Sync="TRUE">6</attscale></attr><attr xmlns=""><attrlabl>WEBSITE</attrlabl><attalias>Website</attalias><attrdef>Web Address for Official Facility Website</attrdef><attrdefs>RITA</attrdefs><attrtype Sync="TRUE">String</attrtype><attwidth Sync="TRUE">254</attwidth><atprecis Sync="TRUE">0</atprecis><attscale Sync="TRUE">0</attscale></attr><attr xmlns=""><attrlabl>NOTES</attrlabl><attalias>Notes</attalias><attrdef>Notess on Service Providers, Connectivity Issues, etc.</attrdef><attrdefs>RITA</attrdefs><attrtype Sync="TRUE">String</attrtype><attwidth Sync="TRUE">254</attwidth><atprecis Sync="TRUE">0</atprecis><attscale Sync="TRUE">0</attscale></attr><attr xmlns=""><attrlabl>DATA_SOURC</attrlabl><attalias>Source Data</attalias><attrdef>Datra Sources Used</attrdef><attrdefs>RITA</attrdefs><attrtype Sync="TRUE">String</attrtype><attwidth Sync="TRUE">254</attwidth><atprecis Sync="TRUE">0</atprecis><attscale Sync="TRUE">0</attscale></attr><attr xmlns=""><attrlabl>INTERCITY_</attrlabl><attalias>Intercity Service </attalias><attrdef>Indicator that service at facility is provided by at least one transit mode (RailCommuter, RailHeavy, RailLight, BusTransit, or FerryTransit)</attrdef><attrdefs>RITA</attrdefs><attrdomv><edom xmlns=""><edomv>0</edomv><edomvd>No Intercity servie available</edomvd><edomvds>RITA</edomvds></edom><edom xmlns=""><edomv>1</edomv><edomvd>Intercity Service Available</edomvd><edomvds>RITA</edomvds></edom></attrdomv><attrtype Sync="TRUE">Double</attrtype><attwidth Sync="TRUE">16</attwidth><atprecis Sync="TRUE">15</atprecis><attscale Sync="TRUE">6</attscale></attr><attr xmlns=""><attrlabl>TRANSIT_SE</attrlabl><attalias>Transit Service</attalias><attrdef>Indicator that service at facility is provided by at least one transit mode (RailCommuter, RailHeavy, RailLight, BusTransit, or FerryTransit)</attrdef><attrdefs>RITA</attrdefs><attrdomv><edom xmlns=""><edomv>0</edomv><edomvd>No Transit Service Available</edomvd><edomvds>RITA</edomvds></edom><edom xmlns=""><edomv>1</edomv><edomvd>Transit Service Available</edomvd><edomvds>RITA</edomvds></edom></attrdomv><attrtype Sync="TRUE">Double</attrtype><attwidth Sync="TRUE">16</attwidth><atprecis Sync="TRUE">15</atprecis><attscale Sync="TRUE">6</attscale></attr><attr xmlns=""><attrlabl>CBSA_CODE</attrlabl><attalias>CBSA Code</attalias><attrdef>Census Bureau Core Based Statistical Area Code</attrdef><attrdefs>RITA</attrdefs><attrtype Sync="TRUE">Double</attrtype><attwidth Sync="TRUE">16</attwidth><atprecis Sync="TRUE">15</atprecis><attscale Sync="TRUE">6</attscale></attr><attr xmlns=""><attrlabl>CBSA_TYPE</attrlabl><attalias>CBSA Type</attalias><attrdef>Indicates whether CBSA is a Metropolitan Statistical Area (population at least 50,000+) or a Micropolitan Statistical Area (population 10,000-50,000)</attrdef><attrdefs>RITA</attrdefs><attrdomv><edom xmlns=""><edomv>0</edomv><edomvd>Not in a CBSA</edomvd><edomvds>RITA</edomvds></edom><edom xmlns=""><edomv>1</edomv><edomvd>METRO</edomvd><edomvds>RITA</edomvds></edom><edom xmlns=""><edomv>2</edomv><edomvd>MICRO</edomvd><edomvds>RITA</edomvds></edom></attrdomv><attrtype Sync="TRUE">Double</attrtype><attwidth Sync="TRUE">16</attwidth><atprecis Sync="TRUE">15</atprecis><attscale Sync="TRUE">6</attscale></attr><attr xmlns=""><attrlabl>MODES_SERV</attrlabl><attalias>Modes Serving</attalias><attrdef>Count of the Number of Transportation Modes Serving the Facility (from ModeBus, ModeAir, ModeRailStd, ModeRailTrt, ModeFerry)</attrdef><attrdefs>RITA</attrdefs><attrdomv><edom xmlns=""><edomv>1</edomv><edomvd>Facility served by 1 mode</edomvd><edomvds>RITA</edomvds></edom><edom xmlns=""><edomv>2</edomv><edomvd>Facilty Served by 2 modes</edomvd><edomvds>RITA</edomvds></edom><edom xmlns=""><edomv>3</edomv><edomvd>Facilty Served by 3 modes</edomvd><edomvds>RITA</edomvds></edom><edom xmlns=""><edomv>4</edomv><edomvd>Facilty Served by 4 modes</edomvd><edomvds>RITA</edomvds></edom></attrdomv><attrtype Sync="TRUE">Double</attrtype><attwidth Sync="TRUE">16</attwidth><atprecis Sync="TRUE">15</atprecis><attscale Sync="TRUE">6</attscale></attr><attr xmlns=""><attrlabl>MODE_BUS</attrlabl><attalias>Mode Bus service</attalias><attrdef>Indicates if Any Category of Bus Service is Provided at the Facility (BusIntercity, BusTransit, BusCodeShare, BusSupplemental)</attrdef><attrdefs>RITA</attrdefs><attrdomv><edom xmlns=""><edomv>0</edomv><edomvd>No bus service available</edomvd><edomvds>RITA</edomvds></edom><edom xmlns=""><edomv>1</edomv><edomvd>Bus service is available</edomvd><edomvds>RITA</edomvds></edom></attrdomv><attrtype Sync="TRUE">Double</attrtype><attwidth Sync="TRUE">16</attwidth><atprecis Sync="TRUE">15</atprecis><attscale Sync="TRUE">6</attscale></attr><attr xmlns=""><attrlabl>MODE_AIR</attrlabl><attalias>Mode air service</attalias><attrdef>Indicates if Any Category of Air Service is Provided at the Facility (AirService)</attrdef><attrdefs>RITA</attrdefs><attrdomv><edom xmlns=""><edomv>0</edomv><edomvd>No air service available</edomvd><edomvds>RITA</edomvds></edom><edom xmlns=""><edomv>1</edomv><edomvd>Air service is available</edomvd><edomvds>RITA</edomvds></edom></attrdomv><attrtype Sync="TRUE">Double</attrtype><attwidth Sync="TRUE">16</attwidth><atprecis Sync="TRUE">15</atprecis><attscale Sync="TRUE">6</attscale></attr><attr xmlns=""><attrlabl>MODE_RAIL</attrlabl><attalias>Mode Rail service</attalias><attrdef>Indicates if Any Category of Rail Service is Provided at the Facility (RailIntercity. RailCommuter, RailHeavy, or RailLight)</attrdef><attrdefs>RITA</attrdefs><attrdomv><edom xmlns=""><edomv>0</edomv><edomvd>No rail service available</edomvd><edomvds>RITA</edomvds></edom><edom xmlns=""><edomv>1</edomv><edomvd>Rail sewrvice is available</edomvd><edomvds>RITA</edomvds></edom></attrdomv><attrtype Sync="TRUE">Double</attrtype><attwidth Sync="TRUE">16</attwidth><atprecis Sync="TRUE">15</atprecis><attscale Sync="TRUE">6</attscale></attr><attr xmlns=""><attrlabl>MODE_FERRY</attrlabl><attalias>Mode Ferry service</attalias><attrdef>Indicates if Any Category of Ferry Service is Provided at the Facility (FerryIntercity or FerryTransit)</attrdef><attrdefs>RITA</attrdefs><attrdomv><edom xmlns=""><edomv>0</edomv><edomvd>No ferry service available</edomvd><edomvds>RITA</edomvds></edom><edom xmlns=""><edomv>1</edomv><edomvd>Ferry service is available</edomvd></edom></attrdomv><attrtype Sync="TRUE">Double</attrtype><attwidth Sync="TRUE">16</attwidth><atprecis Sync="TRUE">15</atprecis><attscale Sync="TRUE">6</attscale></attr></detailed></eainfo><mdMaint xmlns=""><maintFreq><MaintFreqCd value="008"/></maintFreq></mdMaint><mdContact xmlns=""><rpOrgName>Research and Innovative Technology Administration/Bureau of Transportation Statistics</rpOrgName><rpCntInfo xmlns=""><cntAddress addressType=""><delPoint>1200 New Jersey Ave. SE</delPoint><city>Washington</city><adminArea>DC</adminArea><postCode>20590</postCode><eMailAdd>answers@BTS.gov</eMailAdd></cntAddress><cntPhone><voiceNum tddtty="">202-366-DATA</voiceNum></cntPhone></rpCntInfo><role><RoleCd value="010"/></role><rpIndName>National Transportation Atlas Database (NTAD) 2013</rpIndName><rpPosName>Geospatial Information Systems</rpPosName><displayName>Research and Innovative Technology Administration/Bureau of Transportation Statistics</displayName></mdContact><distInfo xmlns=""><distFormat xmlns=""><formatName>Shapefile</formatName><formatVer>2013</formatVer></distFormat><distributor xmlns=""><distorOrdPrc xmlns=""><ordInstr>Call (202-366-DATA), or E-mail (answers@bts.gov) RITA/BTS to request the National Transportation Atlas Databases (NTAD) 2013 DVD. The NTAD DVD can be ordered from the online bookstore at www.bts.gov. Individual datasets from the NTAD can also be downloaded from the Office of Geospatial Information Systems website at http://www.bts.gov/programs/geographic_information_services/</ordInstr></distorOrdPrc><distorFormat xmlns=""><formatName>ESRI Shapefile</formatName><formatVer>2013</formatVer></distorFormat><distorTran xmlns=""><offLineMed xmlns=""><medName><MedNameCd value="002"/></medName></offLineMed></distorTran><distorTran xmlns=""><onLineSrc xmlns=""><orDesc>National Transportation Atlas Databases (NTAD) 2013</orDesc></onLineSrc></distorTran><distorCont xmlns=""><rpOrgName>Research and Innovative Technology Administration/Bureau of Transportation Statistics</rpOrgName><rpCntInfo><cntAddress addressType=""><delPoint>1200 New Jersey Ave. SE</delPoint><city>Washington</city><adminArea>DC</adminArea><postCode>20590</postCode><eMailAdd>answers@BTS.gov</eMailAdd></cntAddress><cntPhone><voiceNum tddtty="">202-366-DAT</voiceNum></cntPhone></rpCntInfo><role><RoleCd value="010"/></role><rpIndName>National Transportation Atlas Database (NTAD) 2013</rpIndName><rpPosName>Geospatial Information Systems</rpPosName><displayName>Research and Innovative Technology Administration/Bureau of Transportation Statistics</displayName><editorSave>False</editorSave><displayName>Research and Innovative Technology Administration/Bureau of Transportation Statistics</displayName></distorCont></distributor><distTranOps xmlns=""><onLineSrc xmlns=""><linkage>http://www.bts.gov/programs/geographic_information_services/</linkage></onLineSrc><transSize Sync="TRUE">0.190</transSize></distTranOps><distributor xmlns=""><distorCont xmlns=""><editorSource>external</editorSource><editorDigest>e9cb0fe97bf91c8ada8e60cf7f895199</editorDigest><rpOrgName>Research and Innovative Technology Administration/Bureau of Transportation Statistics</rpOrgName><rpCntInfo><cntAddress addressType=""><delPoint>1200 New Jersey Ave. SE</delPoint><city>Washington</city><adminArea>DC</adminArea><postCode>20590</postCode><eMailAdd>answers@BTS.gov</eMailAdd></cntAddress><cntPhone><voiceNum tddtty="">202-366-DAT</voiceNum></cntPhone></rpCntInfo><role><RoleCd value="005"/></role><rpIndName>National Transportation Atlas Database (NTAD) 2013</rpIndName><rpPosName>Geospatial Information Systems</rpPosName><editorSave>True</editorSave><displayName>Research and Innovative Technology Administration/Bureau of Transportation Statistics</displayName></distorCont></distributor></distInfo><mdLang><languageCode value="eng" Sync="TRUE"/><countryCode value="USA" Sync="TRUE"/></mdLang><mdHrLvName Sync="TRUE">dataset</mdHrLvName><refSysInfo><RefSystem dimension=""><refSysID xmlns=""><identCode code="4326" Sync="TRUE" value="4326"/><idCodeSpace Sync="TRUE">EPSG</idCodeSpace><idVersion Sync="TRUE">7.9.4</idVersion></refSysID></RefSystem></refSysInfo><spatRepInfo><VectSpatRep><geometObjs Name="ipcd"><geoObjTyp><GeoObjTypCd value="004" Sync="TRUE"/></geoObjTyp><geoObjCnt Sync="TRUE">7114</geoObjCnt></geometObjs><topLvl><TopoLevCd value="001" Sync="TRUE"/></topLvl></VectSpatRep></spatRepInfo><spdoinfo><ptvctinf><esriterm Name="ipcd"><efeatyp Sync="TRUE">Simple</efeatyp><efeageom code="1" Sync="TRUE"/><esritopo Sync="TRUE">FALSE</esritopo><efeacnt Sync="TRUE">7114</efeacnt><spindex Sync="TRUE">TRUE</spindex><linrefer Sync="TRUE">FALSE</linrefer></esriterm></ptvctinf></spdoinfo><mdDateSt Sync="TRUE">20130506</mdDateSt></metadata>
