<metadata xml:lang="en"><Esri><CreaDate>20130404</CreaDate><CreaTime>15040500</CreaTime><ArcGISFormat>1.0</ArcGISFormat><ArcGISstyle>ISO 19139 Metadata Implementation Specification</ArcGISstyle><SyncOnce>FALSE</SyncOnce><DataProperties><itemProps><itemName Sync="TRUE">mpo</itemName><imsContentType Sync="TRUE" export="False">002</imsContentType><nativeExtBox><westBL Sync="TRUE">-178.339504</westBL><eastBL Sync="TRUE">-65.589823</eastBL><southBL Sync="TRUE">17.926705</southBL><northBL Sync="TRUE">64.920889</northBL><exTypeCode Sync="TRUE">1</exTypeCode></nativeExtBox><itemSize Sync="TRUE">10.409</itemSize><itemLocation><linkage Sync="FALSE">withheld</linkage><protocol Sync="TRUE">Local Area Network</protocol></itemLocation></itemProps><coordRef><type Sync="TRUE">Geographic</type><geogcsn Sync="TRUE">GCS_WGS_1984</geogcsn><csUnits Sync="TRUE">Angular Unit: Degree (0.017453)</csUnits><peXml Sync="TRUE">&lt;GeographicCoordinateSystem xsi:type='typens:GeographicCoordinateSystem' xmlns:xsi='http://www.w3.org/2001/XMLSchema-instance' xmlns:xs='http://www.w3.org/2001/XMLSchema' xmlns:typens='http://www.esri.com/schemas/ArcGIS/10.1'&gt;&lt;WKT&gt;GEOGCS[&amp;quot;GCS_WGS_1984&amp;quot;,DATUM[&amp;quot;D_WGS_1984&amp;quot;,SPHEROID[&amp;quot;WGS_1984&amp;quot;,6378137.0,298.257223563]],PRIMEM[&amp;quot;Greenwich&amp;quot;,0.0],UNIT[&amp;quot;Degree&amp;quot;,0.0174532925199433],METADATA[&amp;quot;World&amp;quot;,-180.0,-90.0,180.0,90.0,0.0,0.0174532925199433,0.0,1262],AUTHORITY[&amp;quot;EPSG&amp;quot;,4326]]&lt;/WKT&gt;&lt;XOrigin&gt;-400&lt;/XOrigin&gt;&lt;YOrigin&gt;-400&lt;/YOrigin&gt;&lt;XYScale&gt;11258999068426.238&lt;/XYScale&gt;&lt;ZOrigin&gt;-100000&lt;/ZOrigin&gt;&lt;ZScale&gt;10000&lt;/ZScale&gt;&lt;MOrigin&gt;-100000&lt;/MOrigin&gt;&lt;MScale&gt;10000&lt;/MScale&gt;&lt;XYTolerance&gt;8.983152841195215e-009&lt;/XYTolerance&gt;&lt;ZTolerance&gt;0.001&lt;/ZTolerance&gt;&lt;MTolerance&gt;0.001&lt;/MTolerance&gt;&lt;HighPrecision&gt;true&lt;/HighPrecision&gt;&lt;LeftLongitude&gt;-180&lt;/LeftLongitude&gt;&lt;WKID&gt;4326&lt;/WKID&gt;&lt;LatestWKID&gt;4326&lt;/LatestWKID&gt;&lt;/GeographicCoordinateSystem&gt;</peXml></coordRef></DataProperties><SyncDate>20130424</SyncDate><SyncTime>12104700</SyncTime><ModDate>20130424</ModDate><ModTime>12104700</ModTime><scaleRange><minScale>150000000</minScale><maxScale>5000</maxScale></scaleRange><ArcGISProfile>ISO19139</ArcGISProfile></Esri><mdLang><languageCode value="eng"/><countryCode value="USA" Sync="TRUE"/></mdLang><mdChar><CharSetCd value="004"/></mdChar><mdHrLv><ScopeCd value="005"/></mdHrLv><mdContact xmlns=""><rpIndName>Office of Geospatial Information Systems</rpIndName><rpOrgName>Research and Innovative Technology Administration's Bureau of Tranportation Statistics (RITA/BTS)</rpOrgName><rpCntInfo xmlns=""><cntPhone><voiceNum tddtty="">202 366 DATA</voiceNum></cntPhone><cntAddress addressType="both"><delPoint>1200 New Jersey Ave. SE</delPoint><city>Washington</city><adminArea>DC</adminArea><postCode>20590</postCode><country>US</country><eMailAdd>answers@bts.gov</eMailAdd></cntAddress></rpCntInfo><role><RoleCd value="007"/></role><rpPosName>NTAD 2013</rpPosName></mdContact><mdStanName>ArcGIS Metadata</mdStanName><mdStanVer>1.0</mdStanVer><distInfo xmlns=""><distributor xmlns=""><distorCont xmlns=""><rpIndName>Office of Geospatial Information Systems</rpIndName><rpOrgName>Research and Innovative Technology Administration's Bureau of Transportation Statistics (RITA/BTS)</rpOrgName><rpCntInfo xmlns=""><cntPhone><voiceNum tddtty="">202-366-DATA</voiceNum></cntPhone><cntAddress addressType="both"><delPoint>1200 New Jersey Ave. SE</delPoint><city>Washington</city><adminArea>DC</adminArea><postCode>20950</postCode><country>US</country><eMailAdd>answers@bts.gov</eMailAdd></cntAddress></rpCntInfo><role><RoleCd value="005"/></role></distorCont><distorOrdPrc xmlns=""><resFees units="">None</resFees><planAvDtTm>2011-01-01T00:00:00</planAvDtTm><ordInstr>Call (202-366-DATA), or E-mail (answers@bts.gov) RITA/BTS to request the National Transportation Atlas Databases (NTAD) 2013 DVD. The NTAD DVD can be ordered from the online bookstore at www.bts.gov. Individual datasets from the NTAD can also be downloaded from the Office of Geospatial Information Systems website at http://www.bts.gov/programs/geographic_information_services/.</ordInstr></distorOrdPrc><distorFormat xmlns=""><formatName>ESRI Shapefile</formatName><formatVer>2013</formatVer><fileDecmTech>No compression applied. However, if using digital transfer online option, note access instructions.</fileDecmTech></distorFormat><distorTran xmlns=""><transSize>7.256</transSize><offLineMed xmlns=""><medName><MedNameCd value="002"/></medName><medDensity>650</medDensity><medDenUnits>megabytes</medDenUnits><medFormat><MedFormCd value="004"/></medFormat></offLineMed></distorTran><distorTran xmlns=""><onLineSrc xmlns=""><orDesc>National Transportation Atlas Database (NTAD) 2013</orDesc></onLineSrc></distorTran></distributor><distTranOps xmlns=""><onLineSrc xmlns=""><linkage>http://www.bts.gov/programs/geographic_information_services/</linkage></onLineSrc><transSize Sync="TRUE">10.409</transSize></distTranOps><distFormat xmlns=""><formatName Sync="TRUE">Shapefile</formatName><formatVer>10.1</formatVer></distFormat></distInfo><dataIdInfo><idCitation xmlns=""><date><pubDate>2011-01-01T00:00:00</pubDate></date><citRespParty xmlns=""><rpOrgName>Federal Highway Administration</rpOrgName><role><RoleCd value="006"/></role></citRespParty><citRespParty xmlns=""><rpOrgName>Research and Innovative Technology Administration's Bureau of Transportation Statistics</rpOrgName><role><RoleCd value="006"/></role></citRespParty><collTitle>National Transportation Atlas Database (NTAD) 2013</collTitle><citOnlineRes><linkage>http://www.bts.gov/programs/geographic_information_services/</linkage></citOnlineRes><resTitle Sync="FALSE">Metropolitan Planning Organization (MPO)</resTitle><presForm xmlns=""><PresFormCd value="005" Sync="TRUE"/></presForm><citRespParty xmlns=""><rpIndName>Office of Geospatial Information Systems</rpIndName><rpOrgName>Research and Innovative Technology Administration's Bureau of Tranportation Statistics (RITA/BTS)</rpOrgName><rpCntInfo xmlns=""><cntPhone><voiceNum tddtty="">202 366 DATA</voiceNum></cntPhone><cntAddress addressType="both"><delPoint>1200 New Jersey Ave. SE</delPoint><city>Washington</city><adminArea>DC</adminArea><postCode>20590</postCode><country>US</country><eMailAdd>answers@bts.gov</eMailAdd></cntAddress></rpCntInfo><role><RoleCd value="007"/></role><displayName>Office of Geospatial Information Systems</displayName><rpPosName>NTAD 2013</rpPosName></citRespParty></idCitation><idAbs>&lt;DIV STYLE="text-align:Left;"&gt;&lt;DIV&gt;&lt;DIV&gt;&lt;P&gt;&lt;SPAN&gt;The United States Metropolitan Planning Organization database is a geographic database of Metropolitan Planning Organization political boundaries.&lt;/SPAN&gt;&lt;/P&gt;&lt;/DIV&gt;&lt;/DIV&gt;&lt;/DIV&gt;</idAbs><idPurp>The data provides users with information about the locations, names and sizes of Metropolitan Planning Organizations and is intended for use primarily with national planning applications.</idPurp><idCredit>The Research and Innovative Technology Administration's Bureau of Transportation Statistics and the Federal Highway Administration.</idCredit><idStatus><ProgCd value="001"/></idStatus><idPoC xmlns=""><rpIndName>Supin Yoder</rpIndName><rpOrgName>Federal Highway Administration, Office of Planning, Environment, &amp; Realty</rpOrgName><rpPosName>Travel Demand Forecasting and GIS Specialist</rpPosName><rpCntInfo xmlns=""><cntPhone><voiceNum tddtty="">708-283-3554</voiceNum><faxNum>708-283-3501</faxNum></cntPhone><cntAddress addressType="both"><delPoint>1200 New Jersey Ave. SE</delPoint><city>Washington</city><adminArea>DC</adminArea><postCode>20590</postCode><country>US</country><eMailAdd>supin.yoder@dot.gov</eMailAdd></cntAddress></rpCntInfo><role><RoleCd value="007"/></role></idPoC><resMaint xmlns=""><maintFreq><MaintFreqCd value="008"/></maintFreq></resMaint><placeKeys xmlns=""><keyword>planning</keyword><keyword>US</keyword></placeKeys><tempKeys xmlns=""><keyword>2008</keyword><keyword>2011</keyword><keyword>2007</keyword><keyword>2010</keyword><keyword>2009</keyword><keyword>2012</keyword><keyword>2013</keyword></tempKeys><themeKeys xmlns=""><thesaName><resTitle>polygons</resTitle></thesaName><keyword>metropolitan</keyword><keyword>polygon</keyword><keyword>MPO</keyword><keyword>region</keyword><keyword>planning agency</keyword><keyword>study area</keyword><keyword>transportation</keyword><keyword>planning commission</keyword><keyword>Agency</keyword><keyword>Council of Governments</keyword><keyword>municipal</keyword><keyword>regional</keyword><keyword>organization</keyword><keyword>planning</keyword><keyword>COG</keyword></themeKeys><searchKeys><keyword>metropolitan</keyword><keyword>planning</keyword><keyword>polygon</keyword><keyword>MPO</keyword><keyword>region</keyword><keyword>2008</keyword><keyword>2011</keyword><keyword>planning agency</keyword><keyword>study area</keyword><keyword>2007</keyword><keyword>transportation</keyword><keyword>planning commission</keyword><keyword>Agency</keyword><keyword>Council of Governments</keyword><keyword>2010</keyword><keyword>US</keyword><keyword>municipal</keyword><keyword>regional</keyword><keyword>2009</keyword><keyword>organization</keyword><keyword>planning</keyword><keyword>COG</keyword><keyword>2012</keyword><keyword>2013</keyword></searchKeys><resConst><LegConsts xmlns=""><useLimit>None</useLimit></LegConsts></resConst><resConst><SecConsts xmlns=""><class><ClasscationCd value="001"/></class></SecConsts></resConst><resConst><Consts xmlns=""><useLimit>&lt;DIV STYLE="text-align:Left;"&gt;&lt;DIV&gt;&lt;DIV&gt;&lt;P&gt;&lt;SPAN&gt;Acknowledgement of the Research and Innovative Technology Administration's Bureau of Transportation Statistics (RITA/BTS) National Transportation Atlas Databases (NTAD) 2013 would be appreciated in products derived from these data.&lt;/SPAN&gt;&lt;/P&gt;&lt;/DIV&gt;&lt;/DIV&gt;&lt;/DIV&gt;</useLimit></Consts></resConst><aggrInfo xmlns=""><aggrDSName xmlns=""><resTitle>National Transportation Atlas Database (NTAD) 2013</resTitle><date><pubDate>2011-01-01T00:00:00</pubDate></date><citRespParty xmlns=""><rpOrgName>Research and Innovative Technology Administration's Bureau of Transportation Statistics</rpOrgName><rpCntInfo><cntAddress addressType=""><delPoint>Washinton, DC</delPoint></cntAddress></rpCntInfo><role><RoleCd value="010"/></role></citRespParty><citRespParty xmlns=""><rpOrgName>Research and Innovative Technology Administration's Bureau of Transportation Statistics (RITA/BTS)</rpOrgName><role><RoleCd value="006"/></role></citRespParty><presForm xmlns=""><PresFormCd value="005"/></presForm><presForm xmlns=""><fgdcGeoform>vector digital data</fgdcGeoform></presForm><citOnlineRes><linkage>http://www.bts.gov/programs/geographic_information_services/</linkage></citOnlineRes></aggrDSName><assocType><AscTypeCd value="001"/></assocType></aggrInfo><aggrInfo xmlns=""><aggrDSName xmlns=""><resTitle>National Transportation Atlas Database (NTAD) 2013</resTitle><date><pubDate>2011-01-01</pubDate></date><citRespParty xmlns=""><rpOrgName>Research and Innovative Technology Administration's Bureau of Transportation Statistics</rpOrgName><role><RoleCd value="006"/></role></citRespParty><citRespParty xmlns=""><rpOrgName>Research and Innovative Technology Administration's Bureau of Transportation Statistics</rpOrgName><rpCntInfo><cntAddress><delPoint>Washington, DC</delPoint></cntAddress></rpCntInfo><role><RoleCd value="010"/></role></citRespParty><presForm xmlns=""><PresFormCd value="005"/></presForm><presForm xmlns=""><fgdcGeoform>vector digital data</fgdcGeoform></presForm><citOnlineRes><linkage>http://www.bts.gov/programs/geographic_information_services/</linkage></citOnlineRes></aggrDSName><assocType><AscTypeCd value="002"/></assocType></aggrInfo><dataLang><languageCode value="eng"/><countryCode value="USA" Sync="TRUE"/></dataLang><dataExt><geoEle><GeoBndBox><westBL>-178.339504</westBL><eastBL>-65.589823</eastBL><southBL>17.926705</southBL><northBL>64.920889</northBL></GeoBndBox></geoEle></dataExt><dataExt><exDesc>publication date</exDesc><tempEle><TempExtent><exTemp><TM_Instant><tmPosition>2011-01-01T00:00:00</tmPosition></TM_Instant></exTemp></TempExtent></tempEle></dataExt><envirDesc Sync="TRUE">Microsoft Windows 7 Version 6.1 (Build 7601) Service Pack 1; Esri ArcGIS 10.1.0.3035</envirDesc><spatRpType><SpatRepTypCd value="001" Sync="TRUE"/></spatRpType><dataExt><geoEle xmlns=""><GeoBndBox esriExtentType="search"><exTypeCode Sync="TRUE">1</exTypeCode><westBL Sync="TRUE">-178.339504</westBL><eastBL Sync="TRUE">-65.589823</eastBL><northBL Sync="TRUE">64.920889</northBL><southBL Sync="TRUE">17.926705</southBL></GeoBndBox></geoEle></dataExt><dataChar><CharSetCd value="004"/></dataChar><tpCat><TopicCatCd value="018"/></tpCat><tpCat><TopicCatCd value="015"/></tpCat></dataIdInfo><dqInfo xmlns=""><dqScope><scpLvl><ScopeCd value="005"/></scpLvl></dqScope><report type="DQTopConsis" dimension="" xmlns=""><evalMethDesc>All node-link and polygon topological relationships were created and verified using ESRI ArcGIS 10.1</evalMethDesc></report><report type="DQConcConsis" dimension="" xmlns=""><measDesc>All node-link and polygon topological relationships were created and verified using ESRI ArcGIS 10.1</measDesc></report><report type="DQCompOm" dimension="" xmlns=""><measDesc>Complete.</measDesc></report><dataLineage><prcStep xmlns=""><stepDesc>Data for individual MPOs were collected from the MPOs, state DOTs, and other government agencies. Data were received in a variety of geospatial data formats. The Federal Highway Administration and BTS collected the individual MPO files, digitized raster images where necessary and reformatted geospatial data files to fit into a national database. Data collected from the above-listed agencies was not edited or altered in any way. If you have questions about the process steps for particular MPOs or regions, please contact BTS.</stepDesc><stepDateTm>2011-01-01T00:00:00</stepDateTm><stepProc xmlns=""><rpIndName>Supin Yoder</rpIndName><rpOrgName>Federal Highway Administration, Office of Planning, Environment, &amp; Realty</rpOrgName><rpPosName>Travel Demand Forecasting and GIS Specialist</rpPosName><rpCntInfo xmlns=""><cntPhone><voiceNum tddtty="">708-283-3554</voiceNum><faxNum>708-283-3501</faxNum></cntPhone><cntAddress addressType="both"><delPoint>1200 New Jersey Ave. SE</delPoint><city>Washington</city><adminArea>DC</adminArea><postCode>20590</postCode><country>US</country><eMailAdd>supin.yoder@dot.gov</eMailAdd></cntAddress></rpCntInfo><role><RoleCd value="009"/></role></stepProc></prcStep><dataSource xmlns="" type=""><srcDesc>MPOs, state DOTs, and other government agencies</srcDesc><srcCitatn xmlns=""><resTitle>MPOs</resTitle><resAltTitle>FHWA</resAltTitle><date><pubDate>2011-01-01T00:00:00</pubDate></date><citRespParty xmlns=""><rpOrgName>Research and Innovative Technology Administration's Bureau of Transportation Statistics</rpOrgName><role><RoleCd value="006"/></role></citRespParty><citRespParty xmlns=""><rpOrgName>Federal Highway Administration, Office of Planning, Environment, &amp; Realty</rpOrgName><role><RoleCd value="006"/></role></citRespParty><citRespParty xmlns=""><rpOrgName>Research and Innovative Technology Administration's Bureau of Transportation Statistics (RITA/BTS)</rpOrgName><rpCntInfo xmlns=""><cntAddress addressType=""><delPoint>Washington, DC</delPoint></cntAddress></rpCntInfo><role><RoleCd value="010"/></role></citRespParty><presForm xmlns=""><PresFormCd value="005"/></presForm><presForm xmlns=""><fgdcGeoform>vector digital data</fgdcGeoform></presForm><citOnlineRes><linkage>http://www.bts.gov/programs/geographic_information_services/</linkage></citOnlineRes></srcCitatn><srcExt xmlns=""><exDesc>publication date</exDesc><tempEle><TempExtent><exTemp><TM_Instant><tmPosition>2011-01-01</tmPosition></TM_Instant></exTemp></TempExtent></tempEle></srcExt></dataSource></dataLineage></dqInfo><eainfo><detailed Name="mpo" xmlns=""><enttyp><enttypl Sync="TRUE">mpo</enttypl><enttypd>Metropolitan Planning Organization Boundaries</enttypd><enttypds>RITA/BTS</enttypds><enttypt Sync="TRUE">Feature Class</enttypt><enttypc Sync="TRUE">384</enttypc></enttyp><attr xmlns=""><attrlabl>FID</attrlabl><attrdef>Internal feature number.</attrdef><attrdefs>ESRI</attrdefs><attrdomv><udom>Sequential unique whole numbers that are automatically generated.</udom></attrdomv><attalias Sync="TRUE">FID</attalias><attrtype Sync="TRUE">OID</attrtype><attwidth Sync="TRUE">4</attwidth><atprecis Sync="TRUE">0</atprecis><attscale Sync="TRUE">0</attscale></attr><attr xmlns=""><attrlabl>Shape</attrlabl><attrdef>Feature geometry.</attrdef><attrdefs>ESRI</attrdefs><attrdomv><udom>Coordinates defining the features.</udom></attrdomv><attalias Sync="TRUE">Shape</attalias><attrtype Sync="TRUE">Geometry</attrtype><attwidth Sync="TRUE">0</attwidth><atprecis Sync="TRUE">0</atprecis><attscale Sync="TRUE">0</attscale></attr><attr xmlns=""><attrlabl Sync="TRUE">ID</attrlabl><attalias Sync="TRUE">ID</attalias><attrtype Sync="TRUE">Double</attrtype><attwidth Sync="TRUE">12</attwidth><atprecis Sync="TRUE">12</atprecis><attscale Sync="TRUE">0</attscale><attrdef>An automatically populated ID for the MPO.</attrdef><attrdefs>FHWA</attrdefs></attr><attr xmlns=""><attrlabl Sync="TRUE">AREA</attrlabl><attalias Sync="TRUE">AREA</attalias><attrtype Sync="TRUE">Double</attrtype><attwidth Sync="TRUE">10</attwidth><atprecis Sync="TRUE">9</atprecis><attscale Sync="TRUE">2</attscale><attrdef>Area of the MPO (In square miles)</attrdef><attrdefs>FHWA</attrdefs></attr><attr xmlns=""><attrlabl>MPO_ID</attrlabl><attrdef>Unique numerical identifier.</attrdef><attrdefs>FHWA</attrdefs><attrdomv><udom>Character String</udom></attrdomv><attrtype Sync="TRUE">String</attrtype><attwidth Sync="TRUE">10</attwidth><attalias Sync="TRUE">MPO_ID</attalias><atprecis Sync="TRUE">0</atprecis><attscale Sync="TRUE">0</attscale></attr><attr xmlns=""><attrlabl>MPO_NAME</attrlabl><attrdef>Official MPO name.</attrdef><attrdefs>RITA/BTS</attrdefs><attrdomv><udom>Character String</udom></attrdomv><attrtype Sync="TRUE">String</attrtype><attwidth Sync="TRUE">70</attwidth><attalias Sync="TRUE">MPO_NAME</attalias><atprecis Sync="TRUE">0</atprecis><attscale Sync="TRUE">0</attscale></attr><attr xmlns=""><attrlabl Sync="TRUE">CITY</attrlabl><attalias Sync="TRUE">CITY</attalias><attrtype Sync="TRUE">String</attrtype><attwidth Sync="TRUE">20</attwidth><atprecis Sync="TRUE">0</atprecis><attscale Sync="TRUE">0</attscale><attrdef>Physical Address City</attrdef><attrdefs>RITA/BTS</attrdefs></attr><attr xmlns=""><attrlabl Sync="TRUE">STATE</attrlabl><attalias Sync="TRUE">STATE</attalias><attrtype Sync="TRUE">String</attrtype><attwidth Sync="TRUE">20</attwidth><atprecis Sync="TRUE">0</atprecis><attscale Sync="TRUE">0</attscale><attrdef>Postal Abbreviation</attrdef><attrdefs>USPS</attrdefs></attr><attr xmlns=""><attrlabl Sync="TRUE">STFIPS</attrlabl><attalias Sync="TRUE">STFIPS</attalias><attrtype Sync="TRUE">String</attrtype><attwidth Sync="TRUE">2</attwidth><atprecis Sync="TRUE">0</atprecis><attscale Sync="TRUE">0</attscale><attrdef>Primary State FIPS Code</attrdef><attrdefs>RITA/BTS</attrdefs><attrdomv><codesetd><codesetn>Federal Information Processing Standard- FIPS Pub 6-4</codesetn><codesets>National Institute for Standards and Technology (NIST)</codesets></codesetd></attrdomv></attr><attr xmlns=""><attrlabl Sync="TRUE">STATENAM</attrlabl><attalias Sync="FALSE">STATE NAME</attalias><attrtype Sync="TRUE">String</attrtype><attwidth Sync="TRUE">66</attwidth><atprecis Sync="TRUE">0</atprecis><attscale Sync="TRUE">0</attscale><attrdef>Full State name</attrdef></attr><attr xmlns=""><attrlabl Sync="TRUE">DESIGNATED</attrlabl><attalias Sync="TRUE">DESIGNATED</attalias><attrtype Sync="TRUE">String</attrtype><attwidth Sync="TRUE">5</attwidth><atprecis Sync="TRUE">0</atprecis><attscale Sync="TRUE">0</attscale><attrdef>The year the MPO was designated</attrdef><attrdefs>FHWA</attrdefs></attr></detailed></eainfo><mdHrLvName Sync="TRUE">dataset</mdHrLvName><refSysInfo><RefSystem dimension=""><refSysID xmlns=""><identCode code="0" Sync="TRUE" value="4326"/><idCodeSpace Sync="TRUE">EPSG</idCodeSpace><idVersion Sync="TRUE">7.9.4</idVersion></refSysID></RefSystem></refSysInfo><spatRepInfo><VectSpatRep><geometObjs Name="mpo"><geoObjTyp><GeoObjTypCd value="002" Sync="TRUE"></GeoObjTypCd></geoObjTyp><geoObjCnt Sync="TRUE">384</geoObjCnt></geometObjs><topLvl><TopoLevCd value="001" Sync="TRUE"></TopoLevCd></topLvl></VectSpatRep></spatRepInfo><spdoinfo><ptvctinf><esriterm Name="mpo"><efeatyp Sync="TRUE">Simple</efeatyp><efeageom code="4" Sync="TRUE"></efeageom><esritopo Sync="TRUE">FALSE</esritopo><efeacnt Sync="TRUE">384</efeacnt><spindex Sync="TRUE">TRUE</spindex><linrefer Sync="TRUE">FALSE</linrefer></esriterm></ptvctinf></spdoinfo><mdDateSt Sync="TRUE">20130424</mdDateSt><mdContact xmlns=""><rpOrgName>Federal Highway Administration</rpOrgName><role><RoleCd value="006"/></role><displayName>Federal Highway Administration</displayName><rpIndName>Supin Yoder</rpIndName><rpPosName>GIS Specialist</rpPosName></mdContact><mdMaint xmlns=""><maintFreq><MaintFreqCd value="001"/></maintFreq><maintCont xmlns=""><rpIndName>Supin Yoder</rpIndName><rpOrgName>Federal Highway Administration, Office of Planning, Environment, &amp; Realty</rpOrgName><rpPosName>Travel Demand Forecasting and GIS Specialist</rpPosName><rpCntInfo><cntPhone><voiceNum tddtty="">708-283-3554</voiceNum><faxNum>708-283-3501</faxNum></cntPhone><cntAddress addressType="both"><delPoint>1200 New Jersey Ave. SE</delPoint><city>Washington</city><adminArea>DC</adminArea><postCode>20590</postCode><country>US</country><eMailAdd>supin.yoder@dot.gov</eMailAdd></cntAddress></rpCntInfo><role><RoleCd value="007"/></role><displayName>Supin Yoder</displayName></maintCont></mdMaint></metadata>
