<?xml version="1.0" encoding="UTF-8" standalone="no"?>
<metadata><idinfo><citation><citeinfo><origin>U.S. Fish &amp; Wildlife Service (USFWS), R9, IRTM, BDSS</origin><pubdate>20100622</pubdate><title Sync="TRUE">FWS_Regional_Boundaries</title><geoform Sync="TRUE">vector digital data</geoform><pubinfo><pubplace>USA</pubplace><publish>U.S. Fish &amp; Wildlife Service</publish></pubinfo><onlink>http://www.fws.gov/GIS/data/national/fwsregions.zip</onlink><ftname Sync="TRUE">FWS_Regional_Boundaries</ftname></citeinfo></citation><descript><abstract>U.S. Fish and Wildlife Regional Boundaries</abstract><purpose>U.S. Fish and Wildlife Regional Boundaries</purpose><supplinf>Approximate Regional Boundaries.</supplinf><langdata Sync="TRUE">en</langdata></descript><timeperd><timeinfo><sngdate><caldate>unknown</caldate></sngdate></timeinfo><current>publication date</current></timeperd><status><progress>Complete</progress><update>As needed</update></status><spdom><bounding><westbc Sync="TRUE">-179.133392</westbc><eastbc Sync="TRUE">179.772678</eastbc><northbc Sync="TRUE">71.398048</northbc><southbc Sync="TRUE">-0.581546</southbc></bounding><lboundng><leftbc Sync="TRUE">-179.133392</leftbc><rightbc Sync="TRUE">179.772678</rightbc><bottombc Sync="TRUE">-0.581546</bottombc><topbc Sync="TRUE">71.398048</topbc></lboundng></spdom><keywords><theme><themekt>None</themekt><themekey>FWS, Fish and Wildlife Service, boundaries</themekey></theme><place><placekt>None</placekt><placekey>USA</placekey></place></keywords><accconst>None</accconst><useconst>Inherent in any data set used to develop graphical representations, are limitations of accuracy as determined by, among others, the source, scale and resolution of the data. While the USFWS makes every effort to represent the data as completely and accurately as possible (given existing time and resource constraints), the USFWS gives no warranty, expressed or implied, as to the accuracy, reliability, or completeness of these data. In addition, the USFWS shall not be held liable for improper or incorrect use of the data described and/or contained in. Graphical representations provided by the use of this data do not represent a legal description of any kind.</useconst><ptcontac><cntinfo><cntorgp><cntorg>U.S. Fish &amp; Wildlife Service (USFWS), R9, IRTM, BDSS</cntorg></cntorgp><cntpos>National GIS Coordinator</cntpos><cntaddr><addrtype>mailing address</addrtype><address>755 Parfet St</address><city>Lakewood</city><state>CO</state><postal>80226</postal></cntaddr><cntvoice>303-274-3574</cntvoice><cntemail>chris_lett@fws.gov</cntemail></cntinfo></ptcontac><datacred>U.S. Fish &amp; Wildlife Service</datacred><native Sync="TRUE">Microsoft Windows XP Version 5.1 (Build 2600) Service Pack 3; ESRI ArcCatalog 9.3.1.3000</native><natvform Sync="TRUE">Shapefile</natvform></idinfo><dataqual><attracc><attraccr>Not Available</attraccr></attracc><logic>Polygons are closed</logic><complete>Not Available</complete><posacc><horizpa><horizpar>Not Available</horizpar></horizpa></posacc><lineage><procstep></procstep><procstep><procdesc Sync="TRUE">Regional boundaries were compiled.</procdesc><procdate Sync="TRUE">20091112</procdate><proctime Sync="TRUE">15330200</proctime></procstep><srcinfo><srccite><citeinfo><onlink>http://www.fws.gov/GIS/data/national/fwsregions.zip</onlink></citeinfo></srccite></srcinfo></lineage></dataqual><distinfo><distrib><cntinfo><cntorgp><cntorg>U.S. Fish &amp; Wildlife Service (USFWS), R9, IRTM, BDSS</cntorg></cntorgp><cntpos>National GIS Coordinator</cntpos><cntaddr><addrtype>mailing address</addrtype><address>755 Parfet St</address><city>Lakewood</city><state>CO</state><postal>80226</postal></cntaddr><cntvoice>303-274-3574</cntvoice><cntemail>chris_lett@fws.gov</cntemail></cntinfo></distrib><resdesc>Downloadable Data</resdesc><distliab>Although this data set has been processed successfully by the U.S. Fish and Wildlife Service using the best available information, no warranty, expressed or implied, is made regarding the accuracy or utility of the data on any other system or for general or scientific purposes, nor shall the act of distribution constitute any such warranty. This disclaimer applies both to individual use of the data and aggregate use with other data. The U.S. Fish and Wildlife Service shall not be held liable for improper or incorrect use of the data described and/or contained in.</distliab><stdorder><digform><digtinfo><formname>GIS Data</formname><transize Sync="TRUE">5.117</transize><dssize Sync="TRUE">5.117</dssize></digtinfo><digtopt><onlinopt><computer><networka><networkr>http://www.fws.gov/GIS/data/national/fwsregions.zip</networkr></networka></computer></onlinopt></digtopt></digform><fees>None</fees></stdorder></distinfo><metainfo><metd Sync="TRUE">20100727</metd><metc><cntinfo><cntorgp><cntorg>U.S. Fish &amp; Wildlife Service (USFWS), R9, IRTM, BDSS</cntorg><cntper>Chris Lett</cntper></cntorgp><cntpos>FWS National GIS Coordinator</cntpos><cntaddr><addrtype>mailing address</addrtype><address>755 Parfet St</address><city>Lakewood</city><state>CO</state><postal>80226</postal></cntaddr><cntvoice>303-274-3574</cntvoice><cntemail>chris_lett@fws.gov</cntemail></cntinfo></metc><metstdn Sync="TRUE">FGDC Content Standards for Digital Geospatial Metadata</metstdn><metstdv Sync="TRUE">FGDC-STD-001-1998</metstdv><mettc Sync="TRUE">local time</mettc><langmeta Sync="TRUE">en</langmeta><metextns><onlink Sync="TRUE">http://www.esri.com/metadata/esriprof80.html</onlink><metprof Sync="TRUE">ESRI Metadata Profile</metprof></metextns></metainfo><Esri><CreaDate>20100707</CreaDate><CreaTime>10464300</CreaTime><SyncOnce>FALSE</SyncOnce><SyncDate>20100727</SyncDate><SyncTime>07183800</SyncTime><ModDate>20100727</ModDate><ModTime>07183800</ModTime><ArcGISFormat>1.0</ArcGISFormat><ArcGISstyle>Item Description</ArcGISstyle></Esri><dataIdInfo><envirDesc Sync="TRUE">Microsoft Windows XP Version 5.1 (Build 2600) Service Pack 3; ESRI ArcCatalog 9.3.1.3000</envirDesc><dataLang><languageCode Sync="TRUE" value="en"></languageCode></dataLang><idCitation><resTitle Sync="TRUE">FWS_Regional_Boundaries</resTitle><presForm><PresFormCd Sync="TRUE" value="005"></PresFormCd></presForm></idCitation><spatRpType><SpatRepTypCd Sync="TRUE" value="001"></SpatRepTypCd></spatRpType><dataExt><geoEle><GeoBndBox esriExtentType="native"><westBL Sync="TRUE">-179.133392</westBL><eastBL Sync="TRUE">179.772678</eastBL><northBL Sync="TRUE">71.398048</northBL><southBL Sync="TRUE">-0.581546</southBL><exTypeCode Sync="TRUE">1</exTypeCode></GeoBndBox></geoEle></dataExt><geoBox esriExtentType="decdegrees"><westBL Sync="TRUE">-179.133392</westBL><eastBL Sync="TRUE">179.772678</eastBL><northBL Sync="TRUE">71.398048</northBL><southBL Sync="TRUE">-0.581546</southBL><exTypeCode Sync="TRUE">1</exTypeCode></geoBox></dataIdInfo><mdLang><languageCode Sync="TRUE" value="en"></languageCode></mdLang><mdStanName Sync="TRUE">ISO 19115 Geographic Information - Metadata</mdStanName><mdStanVer Sync="TRUE">DIS_ESRI1.0</mdStanVer><mdChar><CharSetCd Sync="TRUE" value="004"></CharSetCd></mdChar><mdHrLv><ScopeCd Sync="TRUE" value="005"></ScopeCd></mdHrLv><mdHrLvName Sync="TRUE">dataset</mdHrLvName><distInfo><distributor><distorTran><onLineSrc><linkage Sync="TRUE">file://\\ifw9bct-fp2.fws.doi.net\sharedfolders\DSS\GIS\FWS_DATA\Shapefiles\FWS_Regional_Boundaries.shp</linkage><orDesc Sync="TRUE">002</orDesc><protocol Sync="TRUE">Local Area Network</protocol></onLineSrc><transSize Sync="TRUE">5.117</transSize></distorTran><distorFormat><formatName Sync="TRUE">Shapefile</formatName></distorFormat></distributor></distInfo><spdoinfo><direct Sync="TRUE">Vector</direct><ptvctinf><esriterm Name="FWS_Regional_Boundaries"><efeatyp Sync="TRUE">Simple</efeatyp><efeageom Sync="TRUE">Polygon</efeageom><esritopo Sync="TRUE">FALSE</esritopo><efeacnt Sync="TRUE">11</efeacnt><spindex Sync="TRUE">TRUE</spindex><linrefer Sync="TRUE">FALSE</linrefer></esriterm><sdtsterm Name="FWS_Regional_Boundaries"><sdtstype Sync="TRUE">G-polygon</sdtstype><ptvctcnt Sync="TRUE">11</ptvctcnt></sdtsterm></ptvctinf></spdoinfo><spref><horizsys><cordsysn><geogcsn Sync="TRUE">GCS_North_American_1983</geogcsn></cordsysn><geograph><geogunit Sync="TRUE">Decimal degrees</geogunit><latres Sync="TRUE">0.000000</latres><longres Sync="TRUE">0.000000</longres></geograph><geodetic><horizdn Sync="TRUE">North American Datum of 1983</horizdn><ellips Sync="TRUE">Geodetic Reference System 80</ellips><semiaxis Sync="TRUE">6378137.000000</semiaxis><denflat Sync="TRUE">298.257222</denflat></geodetic></horizsys><vertdef><altsys><altenc Sync="TRUE">Explicit elevation coordinate included with horizontal coordinates</altenc><altres Sync="TRUE">1.000000</altres></altsys></vertdef></spref><refSysInfo><RefSystem><refSysID><identCode Sync="TRUE">GCS_North_American_1983</identCode></refSysID></RefSystem></refSysInfo><spatRepInfo><VectSpatRep><topLvl><TopoLevCd Sync="TRUE" value="001"></TopoLevCd></topLvl><geometObjs Name="FWS_Regional_Boundaries"><geoObjTyp><GeoObjTypCd Sync="TRUE" value="001"></GeoObjTypCd></geoObjTyp><geoObjCnt Sync="TRUE">11</geoObjCnt></geometObjs></VectSpatRep></spatRepInfo><eainfo><detailed Name="FWS_Regional_Boundaries"><enttyp><enttypl Sync="TRUE">FWS_Regional_Boundaries</enttypl><enttypt Sync="TRUE">Feature Class</enttypt><enttypc Sync="TRUE">11</enttypc></enttyp><attr><attrlabl Sync="TRUE">FID</attrlabl><attalias Sync="TRUE">FID</attalias><attrtype Sync="TRUE">OID</attrtype><attwidth Sync="TRUE">4</attwidth><atprecis Sync="TRUE">0</atprecis><attscale Sync="TRUE">0</attscale><attrdef Sync="TRUE">Internal feature number.</attrdef><attrdefs Sync="TRUE">ESRI</attrdefs><attrdomv><udom Sync="TRUE">Sequential unique whole numbers that are automatically generated.</udom></attrdomv></attr><attr><attrlabl Sync="TRUE">Shape</attrlabl><attalias Sync="TRUE">Shape</attalias><attrtype Sync="TRUE">Geometry</attrtype><attwidth Sync="TRUE">0</attwidth><atprecis Sync="TRUE">0</atprecis><attscale Sync="TRUE">0</attscale><attrdef Sync="TRUE">Feature geometry.</attrdef><attrdefs Sync="TRUE">ESRI</attrdefs><attrdomv><udom Sync="TRUE">Coordinates defining the features.</udom></attrdomv></attr><attr><attrlabl Sync="TRUE">OBJECTID</attrlabl><attalias Sync="TRUE">OBJECTID</attalias><attrtype Sync="TRUE">Number</attrtype><attwidth Sync="TRUE">9</attwidth></attr><attr><attrlabl Sync="TRUE">REGION_1</attrlabl><attalias Sync="TRUE">REGION_1</attalias><attrtype Sync="TRUE">String</attrtype><attwidth Sync="TRUE">10</attwidth></attr><attr><attrlabl Sync="TRUE">REGNAME_1</attrlabl><attalias Sync="TRUE">REGNAME_1</attalias><attrtype Sync="TRUE">String</attrtype><attwidth Sync="TRUE">50</attwidth></attr><attr><attrlabl Sync="TRUE">Shape_Leng</attrlabl><attalias Sync="TRUE">Shape_Leng</attalias><attrtype Sync="TRUE">Float</attrtype><attwidth Sync="TRUE">19</attwidth><atnumdec Sync="TRUE">11</atnumdec></attr><attr><attrlabl Sync="TRUE">Shape_Area</attrlabl><attalias Sync="TRUE">Shape_Area</attalias><attrtype Sync="TRUE">Float</attrtype><attwidth Sync="TRUE">19</attwidth><attrdef Sync="TRUE">Area of feature in internal units squared.</attrdef><attrdefs Sync="TRUE">ESRI</attrdefs><attrdomv><udom Sync="TRUE">Positive real numbers that are automatically generated.</udom></attrdomv><atnumdec Sync="TRUE">11</atnumdec></attr></detailed></eainfo><mdDateSt Sync="TRUE">20100727</mdDateSt></metadata>
