<metadata xml:lang="en"><Esri><DataProperties><itemProps><itemName Sync="TRUE">CO_1990NAAQS</itemName><itemSize Sync="TRUE">1.831</itemSize><itemLocation><linkage Sync="FALSE">withheld</linkage><protocol Sync="TRUE">Local Area Network</protocol></itemLocation><imsContentType Sync="TRUE" export="False">002</imsContentType><nativeExtBox><westBL Sync="TRUE">-150.044594</westBL><eastBL Sync="TRUE">-70.868654</eastBL><southBL Sync="TRUE">31.739605</southBL><northBL Sync="TRUE">64.864055</northBL><exTypeCode Sync="TRUE">1</exTypeCode></nativeExtBox></itemProps><coordRef><type Sync="TRUE">Geographic</type><geogcsn Sync="TRUE">GCS_WGS_1984</geogcsn><csUnits Sync="TRUE">Angular Unit: Degree (0.017453)</csUnits><peXml Sync="TRUE">&lt;GeographicCoordinateSystem xsi:type='typens:GeographicCoordinateSystem' xmlns:xsi='http://www.w3.org/2001/XMLSchema-instance' xmlns:xs='http://www.w3.org/2001/XMLSchema' xmlns:typens='http://www.esri.com/schemas/ArcGIS/10.1'&gt;&lt;WKT&gt;GEOGCS[&amp;quot;GCS_WGS_1984&amp;quot;,DATUM[&amp;quot;D_WGS_1984&amp;quot;,SPHEROID[&amp;quot;WGS_1984&amp;quot;,6378137.0,298.257223563]],PRIMEM[&amp;quot;Greenwich&amp;quot;,0.0],UNIT[&amp;quot;Degree&amp;quot;,0.0174532925199433],METADATA[&amp;quot;World&amp;quot;,-180.0,-90.0,180.0,90.0,0.0,0.0174532925199433,0.0,1262],AUTHORITY[&amp;quot;EPSG&amp;quot;,4326]]&lt;/WKT&gt;&lt;XOrigin&gt;-400&lt;/XOrigin&gt;&lt;YOrigin&gt;-400&lt;/YOrigin&gt;&lt;XYScale&gt;11258999068426.238&lt;/XYScale&gt;&lt;ZOrigin&gt;-100000&lt;/ZOrigin&gt;&lt;ZScale&gt;10000&lt;/ZScale&gt;&lt;MOrigin&gt;-100000&lt;/MOrigin&gt;&lt;MScale&gt;10000&lt;/MScale&gt;&lt;XYTolerance&gt;8.983152841195215e-009&lt;/XYTolerance&gt;&lt;ZTolerance&gt;0.001&lt;/ZTolerance&gt;&lt;MTolerance&gt;0.001&lt;/MTolerance&gt;&lt;HighPrecision&gt;true&lt;/HighPrecision&gt;&lt;LeftLongitude&gt;-180&lt;/LeftLongitude&gt;&lt;WKID&gt;4326&lt;/WKID&gt;&lt;LatestWKID&gt;4326&lt;/LatestWKID&gt;&lt;/GeographicCoordinateSystem&gt;</peXml></coordRef></DataProperties><SyncDate>20130424</SyncDate><SyncTime>14055300</SyncTime><ModDate>20130425</ModDate><ModTime>13360600</ModTime><CreaDate>20130424</CreaDate><CreaTime>12274400</CreaTime><ArcGISFormat>1.0</ArcGISFormat><ArcGISstyle>ISO 19139 Metadata Implementation Specification</ArcGISstyle><SyncOnce>FALSE</SyncOnce><ArcGISProfile>ISO19139</ArcGISProfile><scaleRange><minScale>150000000</minScale><maxScale>5000</maxScale></scaleRange></Esri><mdLang><languageCode value="eng"/><countryCode value="USA" Sync="TRUE"/></mdLang><mdChar><CharSetCd value="004"/></mdChar><mdHrLv><ScopeCd value="005"/></mdHrLv><mdContact xmlns=""><rpIndName>Office of Geospatial Information Systems</rpIndName><rpOrgName>Research and Innovative Technology Administration's Bureau of Transportation Statistics (RITA/BTS)</rpOrgName><rpCntInfo><cntPhone><voiceNum>1 202 366 DATA</voiceNum></cntPhone><cntAddress addressType="both"><delPoint>1200 New Jersey Ave., SE</delPoint><city>Washington</city><adminArea>DC</adminArea><postCode>20590</postCode><country>US</country><eMailAdd>answers@bts.gov</eMailAdd></cntAddress></rpCntInfo><role><RoleCd value="007"/></role></mdContact><mdStanName>ArcGIS Metadata</mdStanName><mdStanVer>1.0</mdStanVer><distInfo xmlns=""><distributor xmlns=""><distorOrdPrc xmlns=""><resFees units="">None</resFees><planAvDtTm>2011-01-01T00:00:00</planAvDtTm><ordInstr>Call (202-366-DATA), or E-mail (answers@bts.gov) RITA/BTS to request the National Transportation Atlas Databases (NTAD) 2013 DVD. The NTAD DVD can be ordered from the online bookstore at www.bts.gov. Individual datasets from the NTAD can also be downloaded from the Office of Geospatial Information Systems website at http://www.bts.gov/programs/geographic_information_services/.</ordInstr></distorOrdPrc><distorFormat xmlns=""><formatName>ESRI Shapefile</formatName><formatVer>2013</formatVer><fileDecmTech>No compression applied. However, if using digital transfer online option, note access instructions.</fileDecmTech></distorFormat><distorTran xmlns=""><transSize>5.098</transSize><onLineSrc xmlns=""><linkage>http://www.bts.gov/programs/geographic_information_services/</linkage></onLineSrc></distorTran><distorTran xmlns=""><transSize>5.098</transSize><offLineMed xmlns=""><medName><MedNameCd value="002"/></medName><medFormat><MedFormCd value="004"/></medFormat></offLineMed></distorTran><distorTran xmlns=""><onLineSrc xmlns=""><orDesc>National Transportation Atlas Database (NTAD) 2013</orDesc></onLineSrc></distorTran></distributor><distTranOps xmlns=""><onLineSrc xmlns=""><linkage>http://www.bts.gov/programs/geographic_information_services/</linkage></onLineSrc><transSize Sync="TRUE">1.831</transSize></distTranOps><distFormat xmlns=""><formatName Sync="TRUE">Shapefile</formatName><formatVer>2013</formatVer></distFormat><distributor xmlns=""><distorCont xmlns=""><editorSource>external</editorSource><editorDigest>c7cdbb44e11bb380dc14f79f2e7e2b5e</editorDigest><rpOrgName>Research and Innovative Technology Administration/Bureau of Transportation Statistics</rpOrgName><rpCntInfo><cntAddress addressType=""><delPoint>1200 New Jersey Ave. SE</delPoint><city>Washington</city><adminArea>DC</adminArea><postCode>20590</postCode><eMailAdd>answers@BTS.gov</eMailAdd></cntAddress><cntPhone><voiceNum tddtty="">202-366-DAT</voiceNum></cntPhone></rpCntInfo><role><RoleCd value="010"/></role><rpIndName>National Transportation Atlas Database (NTAD) 2013</rpIndName><rpPosName>Geospatial Information Systems</rpPosName><editorSave>True</editorSave><displayName>Research and Innovative Technology Administration/Bureau of Transportation Statistics</displayName></distorCont></distributor></distInfo><dataIdInfo><idCitation xmlns=""><date><pubDate>2006-01-01T00:00:00</pubDate></date><citRespParty xmlns=""><rpOrgName>Research and Innovative Technology Administration's Bureau of Transportation Statistics (RITA/BTS)</rpOrgName><role><RoleCd value="006"/></role></citRespParty><citRespParty xmlns=""><rpOrgName>Federal Highway Administration, Office of Planning, HEPP-1</rpOrgName><role><RoleCd value="006"/></role></citRespParty><citRespParty xmlns=""><rpOrgName>Research and Innovative Technology Administration's Bureau of Transportation Statistics (RITA/BTS)</rpOrgName><rpCntInfo><cntAddress><delPoint>Washington, DC</delPoint></cntAddress></rpCntInfo><role><RoleCd value="010"/></role></citRespParty><presForm xmlns=""><PresFormCd value="005"/></presForm><presForm xmlns=""><fgdcGeoform>vector digital data</fgdcGeoform></presForm><citOnlineRes><linkage>http://www.bts.gov/programs/geographic_information_services/</linkage></citOnlineRes><resTitle Sync="TRUE">CO_1990NAAQS</resTitle><citRespParty xmlns=""><rpOrgName>U.S. Environmental Protection Agency</rpOrgName><role><RoleCd value="006"/></role><displayName>U.S. Environmental Protection Agency</displayName><rpIndName>Butch Stackhouse</rpIndName><rpPosName>State and Local Programs Group, Air Quality Policy Division, Office of Air Quality Planning and Standards</rpPosName><rpCntInfo xmlns=""><cntAddress addressType=""><eMailAdd>stackhouse.butch@epa.gov</eMailAdd></cntAddress><cntPhone><voiceNum tddtty="">919.541.5208</voiceNum></cntPhone></rpCntInfo></citRespParty></idCitation><idAbs>&lt;DIV STYLE="text-align:Left;"&gt;&lt;DIV&gt;&lt;DIV&gt;&lt;P&gt;&lt;SPAN&gt;Non-attainment and maintenance areas for the United States and its territories. The standard for the CO NAA is 9 ppm. For more detailed information on this dataset, see the Overview Description in the Entity Attribute section of this document.&lt;/SPAN&gt;&lt;/P&gt;&lt;/DIV&gt;&lt;/DIV&gt;&lt;/DIV&gt;</idAbs><idPurp>To establish the spatial boundaries of each nonattainment and maintenance area. </idPurp><idStatus><ProgCd value="001"/></idStatus><idPoC xmlns=""><rpIndName>Office of Geospatial Information Systems</rpIndName><rpOrgName>Research and Innovative Technology Administration's Bureau of Transportation Statistics (RITA/BTS)</rpOrgName><rpCntInfo xmlns=""><cntPhone><voiceNum tddtty="">1 202 366 DATA</voiceNum></cntPhone><cntAddress addressType="both"><delPoint>1200 New Jersey Ave., SE</delPoint><city>Washington</city><adminArea>DC</adminArea><postCode>20590</postCode><country>US</country><eMailAdd>answers@bts.gov</eMailAdd></cntAddress></rpCntInfo><role><RoleCd value="007"/></role></idPoC><resMaint xmlns=""><maintFreq><MaintFreqCd value="008"/></maintFreq></resMaint><placeKeys xmlns=""><keyword>USA</keyword></placeKeys><tempKeys xmlns=""><keyword>2007</keyword><keyword>2011</keyword><keyword>2008</keyword><keyword>2009</keyword><keyword>2010</keyword><keyword>2012</keyword><keyword>2013</keyword></tempKeys><themeKeys xmlns=""><thesaName><resTitle>Air Quality</resTitle></thesaName><keyword>Maintenance area</keyword><keyword>Nonattainment area</keyword><keyword>Criteria Pollutant</keyword><keyword>Carbon Monoxide</keyword></themeKeys><searchKeys><keyword>Maintenance area</keyword><keyword>2007</keyword><keyword>2011</keyword><keyword>USA</keyword><keyword>Nonattainment area</keyword><keyword>2008</keyword><keyword>Criteria Pollutant</keyword><keyword>2009</keyword><keyword>Carbon Monoxide</keyword><keyword>2010</keyword><keyword>2012</keyword><keyword>2013</keyword></searchKeys><resConst><LegConsts xmlns=""><useLimit>None</useLimit></LegConsts></resConst><resConst><Consts xmlns=""><useLimit>&lt;DIV STYLE="text-align:Left;"&gt;&lt;DIV&gt;&lt;DIV&gt;&lt;P&gt;&lt;SPAN&gt;The Non-attainment Area - Carbon Monoxide dataset, or any portion thereof, can be freely distributed as long as this metadata entry is included with each distribution. Acknowledgment of the Research and Innovative Technology Administration's Bureau of Transportation Statistics (RITA/BTS) National Transportation Atlas Databases (NTAD) 2013 would be appreciated in products derived from these data.&lt;/SPAN&gt;&lt;/P&gt;&lt;/DIV&gt;&lt;/DIV&gt;&lt;/DIV&gt;</useLimit></Consts></resConst><aggrInfo xmlns=""><aggrDSName xmlns=""><resTitle>National Transportation Atlas Databases (NTAD) 2013</resTitle><date><pubDate>2011-01-01</pubDate></date><citRespParty xmlns=""><rpOrgName>Research and Innovative Technology Administration's Bureau of Transportation Statistics (RITA/BTS)</rpOrgName><rpCntInfo xmlns=""><cntAddress addressType=""><delPoint>Washington, DC</delPoint></cntAddress></rpCntInfo><role><RoleCd value="010"/></role></citRespParty><citRespParty xmlns=""><rpOrgName>Research and Innovative Technology Administration's Bureau of Transportation Statistics (RITA/BTS)</rpOrgName><role><RoleCd value="006"/></role></citRespParty><presForm xmlns=""><PresFormCd value="005"/></presForm><presForm xmlns=""><fgdcGeoform>vector digital data</fgdcGeoform></presForm><citOnlineRes><linkage>http://www.bts.gov/programs/geographic_information_services/</linkage></citOnlineRes></aggrDSName><assocType><AscTypeCd value="001"/></assocType></aggrInfo><spatRpType><SpatRepTypCd value="001"/></spatRpType><dataLang><languageCode value="eng"/><countryCode value="USA" Sync="TRUE"/></dataLang><dataExt xmlns=""><exDesc>publication date</exDesc><tempEle><TempExtent><exTemp><TM_Instant><tmPosition>2011-01-01</tmPosition></TM_Instant></exTemp></TempExtent></tempEle></dataExt><dataChar><CharSetCd value="004"/></dataChar><envirDesc Sync="TRUE">Microsoft Windows 7 Version 6.1 (Build 7601) Service Pack 1; Esri ArcGIS 10.1.0.3035</envirDesc><idPoC xmlns=""><rpOrgName>U.S. Environmental Protection Agency</rpOrgName><role><RoleCd value="006"/></role><displayName>U.S. Environmental Protection Agency</displayName><rpIndName>Butch Stackhouse</rpIndName><rpPosName>State and Local Programs Group, Air Quality Policy Division, Office of Air Quality Planning and Standards</rpPosName><rpCntInfo xmlns=""><cntAddress addressType=""><eMailAdd>stackhouse.butch@epa.gov</eMailAdd></cntAddress><cntPhone><voiceNum tddtty="">919.541.5208</voiceNum></cntPhone></rpCntInfo><displayName>U.S. Environmental Protection Agency</displayName></idPoC></dataIdInfo><dqInfo xmlns=""><dqScope><scpLvl><ScopeCd value="005"/></scpLvl></dqScope><report type="DQConcConsis" dimension="" xmlns=""><measDesc>None</measDesc></report><report type="DQCompOm" dimension="" xmlns=""><measDesc>Unknown</measDesc></report><report type="DQQuanAttAcc" dimension="" xmlns=""><measDesc>Unknown</measDesc><evalMethDesc>Unknown</evalMethDesc><measResult><QuanResult><quanVal>None</quanVal></QuanResult></measResult></report><report type="DQAbsExtPosAcc" dimension="horizontal" xmlns=""><measDesc>Unknown</measDesc></report><dataLineage><prcStep xmlns=""><stepDesc>Data collected from the Environmental Protection Agency or created using base geographic reference layers and physical descriptions provided by EPA and contained in in 40 Code of Federal Regulations Part 81.</stepDesc><stepDateTm>2004-01-01T00:00:00</stepDateTm></prcStep><prcStep xmlns=""><stepDesc>Updated with information from the EPA Green Book.</stepDesc><stepDateTm>2005-01-01T00:00:00</stepDateTm></prcStep><prcStep xmlns=""><stepDesc>Spatial data edited and cleaned to more closely match shorelines.</stepDesc><stepDateTm>2006-01-01T00:00:00</stepDateTm></prcStep><prcStep xmlns=""><stepDesc>Standard quality control processes performed in preparation for publication.</stepDesc><stepDateTm>2006-01-01T00:00:00</stepDateTm><stepProc xmlns=""><rpIndName>Geospatial Information Program</rpIndName><rpOrgName>Research and Innovative Technology Administration's Bureau of Transportation Statistics (RITA/BTS)</rpOrgName><rpCntInfo><cntPhone><voiceNum>1 202 366 DATA</voiceNum><faxNum>1 202 366 3640</faxNum></cntPhone><cntAddress><eMailAdd>answers@bts.gov</eMailAdd></cntAddress></rpCntInfo><role><RoleCd value="009"/></role></stepProc></prcStep><dataSource xmlns="" type=""><srcDesc>The spatial boundaries of each nonattainment and maintenance area are defined in 40 Code of Federal Regulations Part 81.</srcDesc><srcCitatn xmlns=""><resTitle>40 Code of Federal Regulations Part 81</resTitle><resAltTitle>40 CFR</resAltTitle><date><pubDate>2005-01-01</pubDate></date><otherCitDet>The spatial boundaries of each nonattainment and maintenance area are defined in 40 Code of Federal Regulations Part 81.</otherCitDet><citOnlineRes><linkage>http://www.epa.gov/epahome/cfr40.htm</linkage></citOnlineRes></srcCitatn><srcExt xmlns=""><exDesc>publication date</exDesc><tempEle><TempExtent><exTemp><TM_Instant><tmPosition>2005-01-01</tmPosition></TM_Instant></exTemp></TempExtent></tempEle></srcExt></dataSource><dataSource xmlns="" type=""><srcDesc>The United States Environmental Protection Agency's (EPA) "Green Book" defines Criteria Pollutants. EPA uses six "criteria pollutants" as indicators of air quality, and has established for each of them a maximum concentration above which adverse effects on human health may occur. These threshold concentrations are called National Ambient Air Quality Standards (NAAQS).</srcDesc><srcCitatn xmlns=""><resTitle>Green Book</resTitle><resAltTitle>Green Book</resAltTitle><date><pubDate>2005-01-01</pubDate></date><citRespParty><rpOrgName>U.S. Environmental Protection Agency</rpOrgName><role><RoleCd value="006"/></role></citRespParty><citOnlineRes><linkage>http://www.epa.gov/oar/oaqps/greenbk/</linkage></citOnlineRes></srcCitatn><srcExt xmlns=""><exDesc>publication date</exDesc><tempEle><TempExtent><exTemp><TM_Instant><tmPosition>2006-01-01</tmPosition></TM_Instant></exTemp></TempExtent></tempEle></srcExt></dataSource></dataLineage></dqInfo><eainfo><detailed Name="CO_1990NAAQS" xmlns=""><enttyp><enttypl Sync="TRUE">CO_1990NAAQS</enttypl><enttypd>Non-Attainment Areas: Carbon Monoxide</enttypd><enttypds>RITA/BTS</enttypds><enttypt Sync="TRUE">Feature Class</enttypt><enttypc Sync="TRUE">77</enttypc></enttyp><attr xmlns=""><attrlabl>FID</attrlabl><attrdef>Internal feature number.</attrdef><attrdefs>ESRI</attrdefs><attrdomv><udom>Sequential unique whole numbers that are automatically generated.</udom></attrdomv><attalias Sync="TRUE">FID</attalias><attrtype Sync="TRUE">OID</attrtype><attwidth Sync="TRUE">4</attwidth><atprecis Sync="TRUE">0</atprecis><attscale Sync="TRUE">0</attscale></attr><attr xmlns=""><attrlabl>Shape</attrlabl><attrdef>Feature geometry.</attrdef><attrdefs>ESRI</attrdefs><attrdomv><udom>Coordinates defining the features.</udom></attrdomv><attalias Sync="TRUE">Shape</attalias><attrtype Sync="TRUE">Geometry</attrtype><attwidth Sync="TRUE">0</attwidth><atprecis Sync="TRUE">0</atprecis><attscale Sync="TRUE">0</attscale></attr><attr xmlns=""><attrlabl Sync="TRUE">COMPOSID</attrlabl><attalias Sync="TRUE">COMPOSID</attalias><attrtype Sync="TRUE">String</attrtype><attwidth Sync="TRUE">50</attwidth><atprecis Sync="TRUE">0</atprecis><attscale Sync="TRUE">0</attscale><attrdef>Composite ID of area. Pollutant name, year of designation, and text name of area</attrdef><attrdefs>EPA</attrdefs></attr><attr xmlns=""><attrlabl Sync="TRUE">Pollutant</attrlabl><attalias Sync="TRUE">Pollutant</attalias><attrtype Sync="TRUE">String</attrtype><attwidth Sync="TRUE">254</attwidth><atprecis Sync="TRUE">0</atprecis><attscale Sync="TRUE">0</attscale><attrdef>Type of pollutant</attrdef><attrdefs>EPA</attrdefs><attrdomv><edom xmlns=""><edomv>CO</edomv><edomvd>Areas of Carbon Monoxide, in 1990</edomvd><edomvds>EPA</edomvds></edom></attrdomv></attr><attr xmlns=""><attrlabl>AREA_NAME</attrlabl><attrdef>Name of the NAA as designated by the EPA</attrdef><attrdefs>EPA</attrdefs><attrdomv><udom>Character Value</udom></attrdomv><attrtype Sync="TRUE">String</attrtype><attwidth Sync="TRUE">254</attwidth><attalias Sync="TRUE">Area_Name</attalias><atprecis Sync="TRUE">0</atprecis><attscale Sync="TRUE">0</attscale></attr><attr xmlns=""><attrlabl Sync="TRUE">State</attrlabl><attalias Sync="TRUE">State</attalias><attrtype Sync="TRUE">String</attrtype><attwidth Sync="TRUE">254</attwidth><atprecis Sync="TRUE">0</atprecis><attscale Sync="TRUE">0</attscale><attrdef>Primary state in which NAA is found</attrdef><attrdefs>EPA</attrdefs><attrdomv><codesetd xmlns=""><codesetn>Official List of U.S. Postal Code Abbreviations</codesetn><codesets>U.S. Postal Service (USPS)</codesets></codesetd></attrdomv></attr><attr xmlns=""><attrlabl Sync="TRUE">Current_At</attrlabl><attalias Sync="TRUE">Current_At</attalias><attrtype Sync="TRUE">String</attrtype><attwidth Sync="TRUE">254</attwidth><atprecis Sync="TRUE">0</atprecis><attscale Sync="TRUE">0</attscale><attrdef>Current Attainment</attrdef><attrdefs>EPA</attrdefs><attrdomv><edom xmlns=""><edomv>Maintenance</edomv><edomvd>Under supervision</edomvd><edomvds>EPA</edomvds></edom></attrdomv></attr><attr xmlns=""><attrlabl>CLASSIFICA</attrlabl><attrdef>Severity classification as identified by the EPA.</attrdef><attrdefs>EPA</attrdefs><attrdomv><edom xmlns=""><edomv>Moderate &lt;= 12.7 ppm</edomv><edomvd>moderate, less than or equal to 12.7 parts per million</edomvd><edomvds>EPA</edomvds></edom><edom xmlns=""><edomv>Moderate &gt; 12.7 ppm</edomv><edomvd>moderate, greater than 12.7 parts per million</edomvd><edomvds>EPA</edomvds></edom><edom xmlns=""><edomv>Not Classified</edomv><edomvd>not classified</edomvd><edomvds>EPA</edomvds></edom><edom xmlns=""><edomv>Serious</edomv><edomvd>serious</edomvd><edomvds>EPA</edomvds></edom></attrdomv><attrtype Sync="TRUE">String</attrtype><attwidth Sync="TRUE">254</attwidth><attalias Sync="TRUE">Classifica</attalias><atprecis Sync="TRUE">0</atprecis><attscale Sync="TRUE">0</attscale></attr><attr xmlns=""><attrlabl Sync="TRUE">Redesignat</attrlabl><attalias Sync="TRUE">Redesignat</attalias><attrtype Sync="TRUE">Date</attrtype><attwidth Sync="TRUE">8</attwidth><atprecis Sync="TRUE">0</atprecis><attscale Sync="TRUE">0</attscale><attrdef>Date of redesignation</attrdef><attrdefs>EPA</attrdefs></attr></detailed><overview xmlns=""><eaover>Carbon monoxide (CO) is a colorless, odorless and poisonous gas produced by incomplete burning of carbon in fuels. When CO enters the bloodstream, it reduces the delivery of oxygen to the body's organs and tissues. Health threats are most serious for those who suffer from cardiovascular disease, particularly those with angina or peripheral vascular disease. Exposure to elevated CO levels can cause impairment of visual perception, manual dexterity, learning ability and performance of complex tasks. 

77% of the nationwide CO emissions are from transportation sources. The largest emissions contribution comes from highway motor vehicles. Thus, the focus of CO monitoring has been on traffic oriented sites in urban areas where the main source of CO is motor vehicle exhaust. Other major CO sources are wood-burning stoves, incinerators and industrial sources. 

The National Ambient Air Quality Standard for carbon monoxide is 9 ppm 8-hour nonoverlapping average not to be exceeded more than once per year. The rounding convention in the standard specifies that values of 9.5 ppm, or greater, are counted as exceeding the level of the standard. An area meets the carbon monoxide NAAQS if no more than one 8-hour value per year exceeds the threshold. (High values that occur within 8 hours of the first one are exempted. This is known as using "nonoverlapping averages.") To be in attainment, an area must meet the NAAQS for two consecutive years and carry out air quality monitoring during the entire time. Air quality carbon monoxide value is estimated using EPA guidance for calculating design values (Laxton Memorandum, June 18, 1990).

Title 40, Part 50 of the Code of the Federal Regulations lists the ambient air quality standard for carbon monoxide. 

Sections 107(d)(4)(A) and 186 of the Clean Air Act lists the requirements for designations and classifications of carbon monoxide areas.</eaover></overview></eainfo><mdHrLvName Sync="TRUE">dataset</mdHrLvName><refSysInfo><RefSystem dimension=""><refSysID xmlns=""><identCode code="4326" Sync="TRUE" value="4326"/><idCodeSpace Sync="TRUE">EPSG</idCodeSpace><idVersion Sync="TRUE">7.9.4</idVersion></refSysID></RefSystem></refSysInfo><spatRepInfo><VectSpatRep xmlns=""><geometObjs Name="CO_1990NAAQS"><geoObjTyp><GeoObjTypCd value="002" Sync="TRUE"/></geoObjTyp><geoObjCnt Sync="TRUE">77</geoObjCnt></geometObjs><topLvl><TopoLevCd value="001" Sync="TRUE"/></topLvl></VectSpatRep></spatRepInfo><spdoinfo><ptvctinf><esriterm Name="CO_1990NAAQS"><efeatyp Sync="TRUE">Simple</efeatyp><efeageom code="4" Sync="TRUE"/><esritopo Sync="TRUE">FALSE</esritopo><efeacnt Sync="TRUE">77</efeacnt><spindex Sync="TRUE">TRUE</spindex><linrefer Sync="TRUE">FALSE</linrefer></esriterm></ptvctinf></spdoinfo><mdDateSt Sync="TRUE">20130425</mdDateSt><mdContact xmlns=""><rpOrgName>U.S. Environmental Protection Agency</rpOrgName><role><RoleCd value="006"/></role><displayName>U.S. Environmental Protection Agency</displayName><rpIndName>Butch Stackhouse</rpIndName><rpPosName>State and Local Programs Group, Air Quality Policy Division, Office of Air Quality Planning and Standards</rpPosName><rpCntInfo><cntAddress addressType=""><eMailAdd>stackhouse.butch@epa.gov</eMailAdd></cntAddress><cntPhone><voiceNum tddtty="">919.541.5208</voiceNum></cntPhone></rpCntInfo><displayName>U.S. Environmental Protection Agency</displayName></mdContact></metadata>
