<?xml version="1.0"?>
<!--<!DOCTYPE metadata SYSTEM "http://www.esri.com/metadata/esriprof80.dtd">-->
<metadata xml:lang="en"><Esri><CreaDate>20110207</CreaDate><CreaTime>07312400</CreaTime><SyncOnce>FALSE</SyncOnce><DataProperties><lineage><Process Name="Merge_3" ToolSource="M:\Program Files\ArcGIS\ArcToolbox\Toolboxes\Data Management Tools.tbx\Merge" Date="20090709" Time="143320">Merge 'C:\Projects\Shape files\Plays_blocks\lines\BlakePlateau_PolygonToLine.shp';'C:\Projects\Shape files\Plays_blocks\lines\CZKJCarolinaTroughSaltBasin_.shp';'C:\Projects\Shape files\Plays_blocks\lines\CZKJPaleoSlopeSiliciclastic_.shp';'C:\Projects\Shape files\Plays_blocks\lines\CZKJPaleoSlopeSiliciclasticE.shp';'C:\Projects\Shape files\Plays_blocks\lines\HydrothermalDolomite_Feature.shp';'C:\Projects\Shape files\Plays_blocks\lines\JShelfStratigraphic_PolygonT.shp';'C:\Projects\Shape files\Plays_blocks\lines\KJInteriorShelfStructure_Fea.shp';'C:\Projects\Shape files\Plays_blocks\lines\KJMarginalFaltBelt_FeatureTo.shp';'C:\Projects\Shape files\Plays_blocks\lines\Tr-JRiftBasin_FeatureToLine.shp' "C:\Projects\Shape files\Plays_blocks\lines\LineShape.shp" "LEFT_FID LEFT_FID true false false 9 Long 0 9 ,First,#,C:\Projects\Shape files\Plays_blocks\lines\BlakePlateau_PolygonToLine.shp,LEFT_FID,-1,-1,C:\Projects\Shape files\Plays_blocks\lines\JShelfStratigraphic_PolygonT.shp,LEFT_FID,-1,-1;RIGHT_FID RIGHT_FID true false false 9 Long 0 9 ,First,#,C:\Projects\Shape files\Plays_blocks\lines\BlakePlateau_PolygonToLine.shp,RIGHT_FID,-1,-1,C:\Projects\Shape files\Plays_blocks\lines\JShelfStratigraphic_PolygonT.shp,RIGHT_FID,-1,-1;FID_CZ_K_J FID_CZ_K_J true false false 9 Long 0 9 ,First,#,C:\Projects\Shape files\Plays_blocks\lines\CZKJCarolinaTroughSaltBasin_.shp,FID_CZ_K_J,-1,-1,C:\Projects\Shape files\Plays_blocks\lines\CZKJPaleoSlopeSiliciclastic_.shp,FID_CZ_K_J,-1,-1,C:\Projects\Shape files\Plays_blocks\lines\CZKJPaleoSlopeSiliciclasticE.shp,FID_CZ_K_J,-1,-1;Id Id true false false 6 Long 0 6 ,First,#,C:\Projects\Shape files\Plays_blocks\lines\CZKJCarolinaTroughSaltBasin_.shp,Id,-1,-1,C:\Projects\Shape files\Plays_blocks\lines\CZKJPaleoSlopeSiliciclastic_.shp,Id,-1,-1,C:\Projects\Shape files\Plays_blocks\lines\CZKJPaleoSlopeSiliciclasticE.shp,Id,-1,-1,C:\Projects\Shape files\Plays_blocks\lines\HydrothermalDolomite_Feature.shp,Id,-1,-1,C:\Projects\Shape files\Plays_blocks\lines\KJInteriorShelfStructure_Fea.shp,Id,-1,-1,C:\Projects\Shape files\Plays_blocks\lines\KJMarginalFaltBelt_FeatureTo.shp,Id,-1,-1,C:\Projects\Shape files\Plays_blocks\lines\Tr-JRiftBasin_FeatureToLine.shp,Id,-1,-1;FID_Hydrot FID_Hydrot true false false 9 Long 0 9 ,First,#,C:\Projects\Shape files\Plays_blocks\lines\HydrothermalDolomite_Feature.shp,FID_Hydrot,-1,-1;FID_K_J_In FID_K_J_In true false false 9 Long 0 9 ,First,#,C:\Projects\Shape files\Plays_blocks\lines\KJInteriorShelfStructure_Fea.shp,FID_K_J_In,-1,-1;FID_K_J_Ma FID_K_J_Ma true false false 9 Long 0 9 ,First,#,C:\Projects\Shape files\Plays_blocks\lines\KJMarginalFaltBelt_FeatureTo.shp,FID_K_J_Ma,-1,-1;FID_Tr___J FID_Tr___J true false false 9 Long 0 9 ,First,#,C:\Projects\Shape files\Plays_blocks\lines\Tr-JRiftBasin_FeatureToLine.shp,FID_Tr___J,-1,-1"</Process><Process Name="FeatureToPolygon_4" ToolSource="M:\Program Files\ArcGIS\ArcToolbox\Toolboxes\Data Management Tools.tbx\FeatureToPolygon" Date="20090930" Time="105109">FeatureToPolygon 'C:\Projects\Shape files\Plays_blocks\Modified\LineShape.shp' "C:\Projects\Shape files\Plays_blocks\Modified\LineShape_FeatureToPolygon2.shp" "10 Meters" ATTRIBUTES #</Process><Process Name="Dissolve_1" ToolSource="M:\Program Files\ArcGIS\ArcToolbox\Toolboxes\Data Management Tools.tbx\Dissolve" Date="20090930" Time="115339">Dissolve "C:\Projects\Shape files\Plays_blocks\Modified\J_Shelf_Stratigraphic.shp" "C:\Projects\Shape files\Plays_blocks\Modified\J_Shelf_Stratigraphic_Dissol.shp" Shape # MULTI_PART</Process></lineage></DataProperties><SyncDate>20090930</SyncDate><SyncTime>11533700</SyncTime><ModDate>20090930</ModDate><ModTime>11533700</ModTime><MetaID>{FC27B615-2C37-4C1A-82E8-FE4B8E7CDAE1}</MetaID></Esri><idinfo><native Sync="TRUE">Microsoft Windows 2000 Version 5.2 (Build 3790) Service Pack 2; ESRI ArcCatalog 9.1.0.722</native><descript><langdata Sync="TRUE">en</langdata><abstract>REQUIRED: A brief narrative summary of the data set.</abstract><purpose>REQUIRED: A summary of the intentions with which the data set was developed.</purpose></descript><citation><citeinfo><origin>REQUIRED: The name of an organization or individual that developed the data set.</origin><pubdate>REQUIRED: The date when the data set is published or otherwise made available for release.</pubdate><title Sync="TRUE">J_Shelf_Stratigraphic_Dissol</title><ftname Sync="TRUE">J_Shelf_Stratigraphic_Dissol</ftname><geoform Sync="TRUE">vector digital data</geoform><onlink Sync="TRUE">\\IMSNOLNA04\Groups\RE\RE_All\Richest\2011 National Assessment\2011 Assessment Play Shapes\ATL Play Shapefiles\New Folder\J_Shelf_Stratigraphic</onlink></citeinfo></citation><timeperd><current>REQUIRED: The basis on which the time period of content information is determined.</current><timeinfo><sngdate><caldate>REQUIRED: The year (and optionally month, or month and day) for which the data set corresponds to the ground.</caldate></sngdate></timeinfo></timeperd><status><progress>REQUIRED: The state of the data set.</progress><update>REQUIRED: The frequency with which changes and additions are made to the data set after the initial data set is completed.</update></status><spdom><bounding><westbc Sync="TRUE">REQUIRED: Western-most coordinate of the limit of coverage expressed in longitude.</westbc><eastbc Sync="TRUE">REQUIRED: Eastern-most coordinate of the limit of coverage expressed in longitude.</eastbc><northbc Sync="TRUE">REQUIRED: Northern-most coordinate of the limit of coverage expressed in latitude.</northbc><southbc Sync="TRUE">REQUIRED: Southern-most coordinate of the limit of coverage expressed in latitude.</southbc></bounding></spdom><keywords><theme><themekt>REQUIRED: Reference to a formally registered thesaurus or a similar authoritative source of theme keywords.</themekt><themekey>REQUIRED: Common-use word or phrase used to describe the subject of the data set.</themekey></theme></keywords><accconst>REQUIRED: Restrictions and legal prerequisites for accessing the data set.</accconst><useconst>REQUIRED: Restrictions and legal prerequisites for using the data set after access is granted.</useconst><natvform Sync="TRUE">Shapefile</natvform></idinfo><dataIdInfo><envirDesc Sync="TRUE">Microsoft Windows 2000 Version 5.2 (Build 3790) Service Pack 2; ESRI ArcCatalog 9.1.0.722</envirDesc><dataLang><languageCode Sync="TRUE" value="en"></languageCode></dataLang><idCitation><resTitle Sync="TRUE">J_Shelf_Stratigraphic_Dissol</resTitle><presForm><PresFormCd Sync="TRUE" value="005"></PresFormCd></presForm></idCitation><spatRpType><SpatRepTypCd Sync="TRUE" value="001"></SpatRepTypCd></spatRpType></dataIdInfo><metainfo><langmeta Sync="TRUE">en</langmeta><metstdn Sync="TRUE">FGDC Content Standards for Digital Geospatial Metadata</metstdn><metstdv Sync="TRUE">FGDC-STD-001-1998</metstdv><mettc Sync="TRUE">local time</mettc><metc><cntinfo><cntorgp><cntper>REQUIRED: The person responsible for the metadata information.</cntper><cntorg>REQUIRED: The organization responsible for the metadata information.</cntorg></cntorgp><cntaddr><addrtype>REQUIRED: The mailing and/or physical address for the organization or individual.</addrtype><city>REQUIRED: The city of the address.</city><state>REQUIRED: The state or province of the address.</state><postal>REQUIRED: The ZIP or other postal code of the address.</postal></cntaddr><cntvoice>REQUIRED: The telephone number by which individuals can speak to the organization or individual.</cntvoice></cntinfo></metc><metd Sync="TRUE">20090930</metd><metextns><onlink Sync="TRUE">http://www.esri.com/metadata/esriprof80.html</onlink><metprof Sync="TRUE">ESRI Metadata Profile</metprof></metextns></metainfo><mdLang><languageCode Sync="TRUE" value="en"></languageCode></mdLang><mdStanName Sync="TRUE">ISO 19115 Geographic Information - Metadata</mdStanName><mdStanVer Sync="TRUE">DIS_ESRI1.0</mdStanVer><mdChar><CharSetCd Sync="TRUE" value="004"></CharSetCd></mdChar><mdHrLv><ScopeCd Sync="TRUE" value="005"></ScopeCd></mdHrLv><mdHrLvName Sync="TRUE">dataset</mdHrLvName><distinfo><resdesc Sync="TRUE">Downloadable Data</resdesc><stdorder><digform><digtinfo><transize Sync="TRUE">0.000</transize><dssize Sync="TRUE">0.000</dssize></digtinfo></digform></stdorder></distinfo><distInfo><distributor><distorTran><onLineSrc><orDesc Sync="TRUE">002</orDesc><linkage Sync="TRUE">file://\\IMSNOLNA04\Groups\RE\RE_All\Richest\2011 National Assessment\2011 Assessment Play Shapes\ATL Play Shapefiles\New Folder\J_Shelf_Stratigraphic</linkage><protocol Sync="TRUE">Local Area Network</protocol></onLineSrc><transSize Sync="TRUE">0.000</transSize></distorTran><distorFormat><formatName Sync="TRUE">Shapefile</formatName></distorFormat></distributor></distInfo><spdoinfo><direct Sync="TRUE">Vector</direct><ptvctinf><esriterm Name="J_Shelf_Stratigraphic_Dissol"><efeatyp Sync="TRUE">Simple</efeatyp><efeageom Sync="TRUE">Polygon</efeageom><esritopo Sync="TRUE">FALSE</esritopo><efeacnt Sync="TRUE">0</efeacnt><spindex Sync="TRUE">FALSE</spindex><linrefer Sync="TRUE">FALSE</linrefer></esriterm><sdtsterm Name="J_Shelf_Stratigraphic_Dissol"><sdtstype Sync="TRUE">G-polygon</sdtstype><ptvctcnt Sync="TRUE">0</ptvctcnt></sdtsterm></ptvctinf></spdoinfo><spref><horizsys><cordsysn><geogcsn Sync="TRUE">GCS_North_American_1983</geogcsn></cordsysn><geodetic><horizdn Sync="TRUE">North American Datum of 1983</horizdn><ellips Sync="TRUE">Geodetic Reference System 80</ellips><semiaxis Sync="TRUE">6378137.000000</semiaxis><denflat Sync="TRUE">298.257222</denflat></geodetic><geograph><geogunit Sync="TRUE">Decimal degrees</geogunit><latres Sync="TRUE">0.000000</latres><longres Sync="TRUE">0.000000</longres></geograph></horizsys></spref><refSysInfo><RefSystem><refSysID><identCode Sync="TRUE">GCS_North_American_1983</identCode></refSysID></RefSystem></refSysInfo><spatRepInfo><VectSpatRep><topLvl><TopoLevCd Sync="TRUE" value="001"></TopoLevCd></topLvl><geometObjs Name="J_Shelf_Stratigraphic_Dissol"><geoObjTyp><GeoObjTypCd Sync="TRUE" value="001"></GeoObjTypCd></geoObjTyp><geoObjCnt Sync="TRUE">0</geoObjCnt></geometObjs></VectSpatRep></spatRepInfo><eainfo><detailed Name="J_Shelf_Stratigraphic_Dissol"><enttyp><enttypl Sync="TRUE">J_Shelf_Stratigraphic_Dissol</enttypl><enttypt Sync="TRUE">Feature Class</enttypt><enttypc Sync="TRUE">0</enttypc></enttyp><attr><attrlabl Sync="TRUE">FID</attrlabl><attalias Sync="TRUE">FID</attalias><attrtype Sync="TRUE">OID</attrtype><attwidth Sync="TRUE">4</attwidth><atprecis Sync="TRUE">0</atprecis><attscale Sync="TRUE">0</attscale><attrdef Sync="TRUE">Internal feature number.</attrdef><attrdefs Sync="TRUE">ESRI</attrdefs><attrdomv><udom Sync="TRUE">Sequential unique whole numbers that are automatically generated.</udom></attrdomv></attr><attr><attrlabl Sync="TRUE">Shape</attrlabl><attalias Sync="TRUE">Shape</attalias><attrtype Sync="TRUE">Geometry</attrtype><attwidth Sync="TRUE">0</attwidth><atprecis Sync="TRUE">0</atprecis><attscale Sync="TRUE">0</attscale><attrdef Sync="TRUE">Feature geometry.</attrdef><attrdefs Sync="TRUE">ESRI</attrdefs><attrdomv><udom Sync="TRUE">Coordinates defining the features.</udom></attrdomv></attr><attr><attrlabl Sync="TRUE">Id</attrlabl><attalias Sync="TRUE">Id</attalias><attrtype Sync="TRUE">Number</attrtype><attwidth Sync="TRUE">6</attwidth></attr></detailed></eainfo><mdDateSt Sync="TRUE">20090930</mdDateSt><dataqual><lineage><procstep><procdesc Sync="TRUE">Dataset copied.</procdesc><srcused Sync="TRUE"></srcused><date Sync="TRUE">20090930</date><time Sync="TRUE">11124100</time></procstep><procstep><procdesc Sync="TRUE">Dataset copied.</procdesc><srcused Sync="TRUE"></srcused><date Sync="TRUE">20090930</date><time Sync="TRUE">11282500</time></procstep><procstep><procdesc Sync="TRUE">Dataset copied.</procdesc><srcused Sync="TRUE">G:\RE\RE_All\lik\ShapeFiles\PlayBlocks_ATL\Plays\J_Shelf_Stratigraphic</srcused><date Sync="TRUE">20110207</date><time Sync="TRUE">07312400</time></procstep></lineage></dataqual></metadata>
