<metadata xml:lang="en"><Esri><CreaDate>20130404</CreaDate><CreaTime>07541700</CreaTime><ArcGISFormat>1.0</ArcGISFormat><ArcGISstyle>ISO 19139 Metadata Implementation Specification</ArcGISstyle><SyncOnce>FALSE</SyncOnce><DataProperties><itemProps><itemName Sync="TRUE">ports</itemName><imsContentType Sync="TRUE" export="False">002</imsContentType><nativeExtBox><westBL Sync="TRUE">-178.319529</westBL><eastBL Sync="TRUE">179.132450</eastBL><southBL Sync="TRUE">-14.500000</southBL><northBL Sync="TRUE">71.292642</northBL><exTypeCode Sync="TRUE">1</exTypeCode></nativeExtBox><itemSize Sync="TRUE">0.672</itemSize><itemLocation><linkage Sync="FALSE">withheld</linkage><protocol Sync="TRUE">Local Area Network</protocol></itemLocation></itemProps><coordRef><type Sync="TRUE">Geographic</type><geogcsn Sync="TRUE">GCS_WGS_1984</geogcsn><csUnits Sync="TRUE">Angular Unit: Degree (0.017453)</csUnits><peXml Sync="TRUE">&lt;GeographicCoordinateSystem xsi:type='typens:GeographicCoordinateSystem' xmlns:xsi='http://www.w3.org/2001/XMLSchema-instance' xmlns:xs='http://www.w3.org/2001/XMLSchema' xmlns:typens='http://www.esri.com/schemas/ArcGIS/10.1'&gt;&lt;WKT&gt;GEOGCS[&amp;quot;GCS_WGS_1984&amp;quot;,DATUM[&amp;quot;D_WGS_1984&amp;quot;,SPHEROID[&amp;quot;WGS_1984&amp;quot;,6378137.0,298.257223563]],PRIMEM[&amp;quot;Greenwich&amp;quot;,0.0],UNIT[&amp;quot;Degree&amp;quot;,0.0174532925199433],METADATA[&amp;quot;World&amp;quot;,-180.0,-90.0,180.0,90.0,0.0,0.0174532925199433,0.0,1262],AUTHORITY[&amp;quot;EPSG&amp;quot;,4326]]&lt;/WKT&gt;&lt;XOrigin&gt;-400&lt;/XOrigin&gt;&lt;YOrigin&gt;-400&lt;/YOrigin&gt;&lt;XYScale&gt;11258999068426.238&lt;/XYScale&gt;&lt;ZOrigin&gt;-100000&lt;/ZOrigin&gt;&lt;ZScale&gt;10000&lt;/ZScale&gt;&lt;MOrigin&gt;-100000&lt;/MOrigin&gt;&lt;MScale&gt;10000&lt;/MScale&gt;&lt;XYTolerance&gt;8.983152841195215e-009&lt;/XYTolerance&gt;&lt;ZTolerance&gt;0.001&lt;/ZTolerance&gt;&lt;MTolerance&gt;0.001&lt;/MTolerance&gt;&lt;HighPrecision&gt;true&lt;/HighPrecision&gt;&lt;LeftLongitude&gt;-180&lt;/LeftLongitude&gt;&lt;WKID&gt;4326&lt;/WKID&gt;&lt;LatestWKID&gt;4326&lt;/LatestWKID&gt;&lt;/GeographicCoordinateSystem&gt;</peXml></coordRef></DataProperties><scaleRange><minScale>150000000</minScale><maxScale>5000</maxScale></scaleRange><SyncDate>20130412</SyncDate><SyncTime>10010700</SyncTime><ModDate>20130412</ModDate><ModTime>10010700</ModTime><ArcGISProfile>ISO19139</ArcGISProfile></Esri><mdLang><languageCode value="eng"/><countryCode value="USA" Sync="TRUE"/></mdLang><mdChar><CharSetCd value="004"/></mdChar><mdHrLv><ScopeCd value="005"/></mdHrLv><mdContact xmlns=""><rpIndName>Office of Geospatial Information Systems</rpIndName><rpOrgName>Research and Innovative Technology Administration's Bureau of Transportation Statistics (RITA/BTS)</rpOrgName><rpCntInfo xmlns=""><cntPhone><voiceNum tddtty="">(202) 366-3282</voiceNum><faxNum>(202) 366-3640</faxNum></cntPhone><cntAddress addressType="both"><delPoint>1200 New Jersey Ave. S.E.</delPoint><city>Washington</city><adminArea>DC</adminArea><postCode>20590</postCode><country>US</country><eMailAdd>answers@bts.gov</eMailAdd></cntAddress></rpCntInfo><role><RoleCd value="007"/></role></mdContact><mdStanName>ArcGIS Metadata</mdStanName><mdStanVer>1.0</mdStanVer><distInfo xmlns=""><distributor xmlns=""><distorCont xmlns=""><rpIndName>National Transportation Atlas Database (NTAD) 2013</rpIndName><rpOrgName>Research and Innovative Technology Administration's Bureau of Transportation Statistics (RITA/BTS)</rpOrgName><rpCntInfo xmlns=""><cntPhone><voiceNum tddtty="">(202) 366-3282</voiceNum><faxNum>(202) 366-3640</faxNum></cntPhone><cntAddress addressType="both"><delPoint>1200 New Jersey Ave. S.E.</delPoint><city>Washington</city><adminArea>DC</adminArea><postCode>20590</postCode><country>US</country><eMailAdd>answers@bts.gov</eMailAdd></cntAddress></rpCntInfo><role><RoleCd value="005"/></role><rpPosName>Office of Geospatial Information Systems</rpPosName></distorCont><distorOrdPrc xmlns=""><resFees units="">None</resFees><planAvDtTm>2011-01-01T00:00:00</planAvDtTm><ordInstr>Call (202-366-DATA), or E-mail (answers@bts.gov) RITA/BTS to request the National Transportation Atlas Databases (NTAD) 2013 DVD. The NTAD DVD can be ordered from the online bookstore at www.bts.gov. Individual datasets from the NTAD can also be downloaded from the Office of Geospatial Information Systems website at http://www.bts.gov/programs/geographic_information_services/</ordInstr></distorOrdPrc><distorFormat xmlns=""><formatName>ESRI Shapefile</formatName><formatVer>2013</formatVer><fileDecmTech>No compression applied. However, if using digital transfer online option, note access instructions.</fileDecmTech></distorFormat><distorTran xmlns=""><transSize>20.132</transSize><offLineMed xmlns=""><medName><MedNameCd value="002"/></medName><medDensity>650</medDensity><medDenUnits>megabytes</medDenUnits></offLineMed></distorTran><distorTran xmlns=""><onLineSrc xmlns=""><orDesc>National Transportation Atlas Databases (NTAD) 2013</orDesc></onLineSrc></distorTran></distributor><distFormat xmlns=""><formatName Sync="TRUE">Shapefile</formatName></distFormat><distTranOps xmlns=""><transSize Sync="TRUE">0.672</transSize></distTranOps></distInfo><dataIdInfo><idCitation xmlns=""><date><pubDate>2012-07-24T00:00:00</pubDate></date><citRespParty xmlns=""><rpOrgName>Research and Innovative Technology Administration's Bureau of Transportation Statistics (RITA/BTS)</rpOrgName><role><RoleCd value="005"/></role><rpIndName>National Transportation Atlas Database (NTAD) 2013</rpIndName><rpPosName>Geospatial Information Services</rpPosName></citRespParty><citRespParty xmlns=""><rpOrgName>US Army Corps of Engineers (USACE)</rpOrgName><role><RoleCd value="006"/></role></citRespParty><collTitle>National Transportation Atlas Databases (NTAD) 2013</collTitle><citOnlineRes><linkage>&lt;http://www.iwr.usace.army.mil/ndc/data/datapwd.htm&gt;</linkage></citOnlineRes><citOnlineRes><linkage>&lt;http://www.bts.gov/programs/geographic_information_services/&gt;</linkage></citOnlineRes><resAltTitle>U.S. Ports</resAltTitle><citRespParty xmlns=""><rpOrgName>Research and Innovative Technology Administration's Bureau of Transportation Statistics (RITA/BTS)</rpOrgName><rpCntInfo><cntAddress><delPoint>Washington DC</delPoint></cntAddress></rpCntInfo><role><RoleCd value="010"/></role><displayName>Research and Innovative Technology Administration's Bureau of Transportation Statistics (RITA/BTS)</displayName></citRespParty><resTitle Sync="TRUE">ports</resTitle><citRespParty xmlns=""><rpIndName>National Transportation Atlas Database (NTAD) 2013</rpIndName><rpOrgName>Research and Innovative Technology Administration's Bureau of Transportation Statistics (RITA/BTS)</rpOrgName><rpCntInfo xmlns=""><cntPhone><voiceNum tddtty="">(202) 366-3282</voiceNum><faxNum>(202) 366-3640</faxNum></cntPhone><cntAddress addressType="both"><delPoint>1200 New Jersey Ave. S.E.</delPoint><city>Washington</city><adminArea>DC</adminArea><postCode>20590</postCode><country>US</country><eMailAdd>answers@bts.gov</eMailAdd></cntAddress></rpCntInfo><role><RoleCd value="005"/></role><rpPosName>Office of Geospatial Information Systems</rpPosName><displayName>National Transportation Atlas Database (NTAD) 2013</displayName></citRespParty><presForm xmlns=""><PresFormCd value="005" Sync="TRUE"/></presForm></idCitation><idAbs>&lt;DIV STYLE="text-align:Left;"&gt;&lt;DIV&gt;&lt;DIV&gt;&lt;P&gt;&lt;SPAN&gt;Contains physical information on commercial facilities at the principal U.S. Coastal, Great Lakes and Inland Ports. The data consists of listings of port area's waterfront facilities, including information on berthing, cranes, transit sheds, grain elevators, marine repair plants, fleeting areas, and docking and storage facilities. Collection of data is performed on a rotational basis to ensure on-site accuracy at each facility.&lt;/SPAN&gt;&lt;/P&gt;&lt;/DIV&gt;&lt;/DIV&gt;&lt;/DIV&gt;</idAbs><idPurp>The Navigation Data Center had several objectives in developing the U.S. Waterway Data. These objectives support the concept of a National Spatial Data Provide public access to national waterway data. Foster interagency and intra-agency cooperation through data sharing. Provide a mechanism to integrate waterway data (U.S. Army Corps of Engineers Port/Facility and U.S. Coast Guard Accident Data, for example) Provide a basis for intermodal analysis. Assist standardization of waterway entity definitions (Ports/Facilities, Locks, etc.). Provide public access to the National Waterway Network, which can be used as a basemap to support graphical overlays and analysis with other spatial data (waterway and modal network/facility databases, for example). Provide reliable data to support future waterway and intermodal applications.</idPurp><idCredit>The National Waterway Network was created on behalf of the Research and Innovative Technology Administration's Bureau of Transportation Statistics, the U.S. Army Corps of Engineers, the U.S. Bureau of Census, and the U.S. Coast Guard by Vanderbilt University and Oak Ridge National Laboratory. Additional agencies with input into network development include Volpe National Transportation Systems Center, Maritime Administration, Military Traffic Management Command, Tennessee Valley Authority, U.S. Environmental Protection Agency, and the Federal Railroad Administration.</idCredit><idStatus><ProgCd value="001"/></idStatus><idPoC xmlns=""><rpOrgName>US Army Corps of Engineers (USACE)</rpOrgName><rpCntInfo xmlns=""><cntPhone><voiceNum tddtty="">703.428.9061</voiceNum><faxNum>703.428.6047</faxNum></cntPhone><cntAddress addressType="both"><delPoint>7701 Telegraph Road, Casey Bldg</delPoint><city>Alexandria</city><adminArea>VA</adminArea><postCode>22315-3868</postCode><country>US</country></cntAddress></rpCntInfo><role><RoleCd value="007"/></role></idPoC><resMaint xmlns=""><maintFreq><MaintFreqCd value="001"/></maintFreq><maintCont xmlns=""><rpIndName>Office of Geospatial Information Systems</rpIndName><rpOrgName>Research and Innovative Technology Administration's Bureau of Transportation Statistics (RITA/BTS)</rpOrgName><rpCntInfo xmlns=""><cntPhone><voiceNum tddtty="">(202) 366-3282</voiceNum><faxNum>(202) 366-3640</faxNum></cntPhone><cntAddress addressType="both"><delPoint>1200 New Jersey Ave. S.E.</delPoint><city>Washington</city><adminArea>DC</adminArea><postCode>20590</postCode><country>US</country><eMailAdd>answers@bts.gov</eMailAdd></cntAddress></rpCntInfo><role><RoleCd value="007"/></role><displayName>Office of Geospatial Information Systems</displayName></maintCont></resMaint><placeKeys xmlns=""><keyword>US Territories</keyword><keyword>United States</keyword></placeKeys><stratKeys xmlns=""><keyword>ground</keyword></stratKeys><tempKeys xmlns=""><keyword>2007</keyword><keyword>2008</keyword><keyword>2009</keyword><keyword>2010</keyword><keyword>2011</keyword><keyword>2012</keyword><keyword>2013</keyword></tempKeys><themeKeys xmlns=""><keyword>Point</keyword><keyword>transportation</keyword><keyword>port</keyword></themeKeys><searchKeys><keyword>Point</keyword><keyword>2011</keyword><keyword>US Territories</keyword><keyword>United States</keyword><keyword>transportation</keyword><keyword>2009</keyword><keyword>ground</keyword><keyword>2010</keyword><keyword>2007</keyword><keyword>2008</keyword><keyword>port</keyword><keyword>2012</keyword><keyword>2013</keyword></searchKeys><resConst><LegConsts xmlns=""><useLimit>None</useLimit></LegConsts></resConst><resConst><SecConsts xmlns=""><class><ClasscationCd value="001"/></class><classSys>none</classSys></SecConsts></resConst><resConst><Consts xmlns=""><useLimit>&lt;DIV STYLE="text-align:Left;"&gt;&lt;DIV&gt;&lt;DIV&gt;&lt;P&gt;&lt;SPAN&gt;None. Acknowledgment of the Research and Innovative Technology Administration's Bureau of Transportation Statistics National Transportation Atlas Database 2013 would be appreciated in products derived from these data.&lt;/SPAN&gt;&lt;/P&gt;&lt;/DIV&gt;&lt;/DIV&gt;&lt;/DIV&gt;</useLimit></Consts></resConst><aggrInfo xmlns=""><aggrDSName xmlns=""><resTitle>National Transportation Atlas Databases (NTAD) 2013</resTitle><date><pubDate>2012-07-24T00:00:00</pubDate></date><citRespParty xmlns=""><rpOrgName>Research and Innovative Technology Administration's Bureau of Transportation Statistics (RITA/BTS)</rpOrgName><rpCntInfo xmlns=""><cntAddress addressType=""><delPoint>Washington DC</delPoint></cntAddress></rpCntInfo><role><RoleCd value="010"/></role></citRespParty><citRespParty xmlns=""><rpOrgName>Research and Innovative Technology Administration's Bureau of Transportation Statistics (RITA/BTS)</rpOrgName><role><RoleCd value="006"/></role></citRespParty><presForm xmlns=""><PresFormCd value="005"/></presForm><presForm xmlns=""><fgdcGeoform>vector digital data</fgdcGeoform></presForm><citOnlineRes><linkage>&lt;http://www.bts.gov/programs/geographic_information_services/&gt;</linkage></citOnlineRes></aggrDSName><assocType><AscTypeCd value="001"/></assocType></aggrInfo><aggrInfo xmlns=""><aggrDSName xmlns=""><resTitle>National Transportation Atlas Databases (NTAD) 2013</resTitle><date><pubDate>2012-07-24T00:00:00</pubDate></date><citRespParty xmlns=""><rpOrgName>Research and Innovative Technology Administration's Bureau of Transportation Statistics (RITA/BTS)</rpOrgName><role><RoleCd value="006"/></role></citRespParty><citRespParty xmlns=""><rpOrgName>Research and Innovative Technology Administration's Bureau of Transportation Statistics (RITA/BTS)</rpOrgName><rpCntInfo><cntAddress><delPoint>Washington, DC</delPoint></cntAddress></rpCntInfo><role><RoleCd value="010"/></role></citRespParty><presForm xmlns=""><PresFormCd value="005"/></presForm><presForm xmlns=""><fgdcGeoform>vector digital data</fgdcGeoform></presForm><citOnlineRes><linkage>&lt;http://www.bts.gov/programs/geographic_information_services/&gt;</linkage></citOnlineRes></aggrDSName><assocType><AscTypeCd value="002"/></assocType></aggrInfo><dataLang><languageCode value="eng"/><countryCode value="USA" Sync="TRUE"/></dataLang><dataExt xmlns=""><exDesc>publication date</exDesc><tempEle><TempExtent><exTemp><TM_Instant><tmPosition>2011-01-01T00:00:00</tmPosition></TM_Instant></exTemp></TempExtent></tempEle></dataExt><dataChar><CharSetCd value="004"/></dataChar><idPoC xmlns=""><rpOrgName>Research and Innovative Technology Administration/Bureau of Transportation Statistics</rpOrgName><rpCntInfo xmlns=""><cntAddress addressType=""><delPoint>1200 New Jersey Ave. SE</delPoint><city>Washington</city><adminArea>DC</adminArea><postCode>20590</postCode><eMailAdd>answers@BTS.gov</eMailAdd></cntAddress><cntPhone><voiceNum tddtty="">202-366-DATA</voiceNum></cntPhone></rpCntInfo><role><RoleCd value="005"/></role><rpIndName>National Transportation Atlas Database (NTAD) 2013</rpIndName><rpPosName>Geospatial Information Systems</rpPosName><displayName>Research and Innovative Technology Administration/Bureau of Transportation Statistics</displayName></idPoC><envirDesc Sync="TRUE">Microsoft Windows 7 Version 6.1 (Build 7601) Service Pack 1; Esri ArcGIS 10.1.0.3035</envirDesc><spatRpType><SpatRepTypCd value="001" Sync="TRUE"/></spatRpType><dataExt xmlns=""><geoEle xmlns=""><GeoBndBox esriExtentType="search"><exTypeCode Sync="TRUE">1</exTypeCode><westBL Sync="TRUE">-178.319529</westBL><eastBL Sync="TRUE">179.132450</eastBL><northBL Sync="TRUE">71.292642</northBL><southBL Sync="TRUE">-14.500000</southBL></GeoBndBox></geoEle></dataExt><tpCat><TopicCatCd value="018"/></tpCat><tpCat><TopicCatCd value="005"/></tpCat><tpCat><TopicCatCd value="012"/></tpCat><tpCat><TopicCatCd value="013"/></tpCat><tpCat><TopicCatCd value="017"/></tpCat></dataIdInfo><mdMaint xmlns=""><maintCont xmlns=""><rpOrgName>Research and Innovative Technology Administration/Bureau of Transportation Statistics</rpOrgName><rpCntInfo xmlns=""><cntAddress addressType=""><delPoint>1200 New Jersey Ave. SE</delPoint><city>Washington</city><adminArea>DC</adminArea><postCode>20590</postCode><eMailAdd>answers@BTS.gov</eMailAdd></cntAddress><cntPhone><voiceNum tddtty="">202-366-DATA</voiceNum></cntPhone></rpCntInfo><role><RoleCd value="005"/></role><rpIndName>National Transportation Atlas Database (NTAD) 2013</rpIndName><rpPosName>Geospatial Information Systems</rpPosName><displayName>Research and Innovative Technology Administration/Bureau of Transportation Statistics</displayName></maintCont><maintCont xmlns=""><rpOrgName>US Army Corps of Engineers (USACE)</rpOrgName><role><RoleCd value="006"/></role><displayName>US Army Corps of Engineers (USACE)</displayName></maintCont></mdMaint><mdConst><SecConsts xmlns=""><class><ClasscationCd value="001"/></class><classSys>none</classSys></SecConsts></mdConst><dqInfo xmlns=""><dqScope><scpLvl><ScopeCd value="005"/></scpLvl></dqScope><report type="DQConcConsis" dimension="" xmlns=""><measDesc>RITA/BTS quality checks were to cross reference the place dataset with the state dataset, to determine that the spatial data and attribute data were accurate</measDesc></report><report type="DQQuanAttAcc" dimension="" xmlns=""><measDesc>Attribute accuracy is tested by manual comparison of the source with hard copy printouts and/or symbolized display of digital line graphs on an interactive computer graphic system; selected attributes that cannot be visually verified on plots or on screen, are interactively queried and verified on screen.</measDesc><measResult><QuanResult><quanVal>unknown</quanVal></QuanResult></measResult></report><report type="DQAbsExtPosAcc" dimension="horizontal" xmlns=""><measDesc>The accuracy of each point element is correlated to the data source used to derive that element. For example, links and nodes derived from 1:100,000 scale Digital Line Graphs are more accurate than links and nodes derived from 1:500,000 scale NOAA Navigational Charts. Elements with an "M" in the source field (indicating an unknown or missing source) are the least accurate.</measDesc><measResult><QuanResult><quanVal>unknown</quanVal></QuanResult></measResult></report><dataLineage><prcStep xmlns=""><stepDesc>Extraction of the USACE identified port nodes from the National Waterway Network file.</stepDesc><stepDateTm>2006-01-01T00:00:00</stepDateTm><stepSrc type="used"><srcCitatn><resAltTitle>PORT</resAltTitle></srcCitatn></stepSrc></prcStep><dataSource xmlns="" type=""><srcMedName><MedNameCd value="028"/></srcMedName><srcCitatn><resTitle>USACE Port Database</resTitle><date><pubDate>2011-01-01</pubDate></date><citRespParty><rpOrgName>Vanderbilt Engineering Center for Transportation Operations and Research Vanderbilt University</rpOrgName><role><RoleCd value="006"/></role></citRespParty><citOnlineRes><linkage>http://www.bts.gov/programs/geographic_information_services/</linkage></citOnlineRes></srcCitatn><srcExt><exDesc>publication date</exDesc><tempEle><TempExtent><exTemp><TM_Instant><tmPosition>2011-01-01</tmPosition></TM_Instant></exTemp></TempExtent></tempEle></srcExt></dataSource></dataLineage></dqInfo><eainfo><detailed Name="ports" xmlns=""><enttyp><enttypl Sync="TRUE">ports</enttypl><enttypd>A description of the physical and Intermodal (infrastructure) characteristics of the: coastal, Great Lakes, and inland ports of the United States.</enttypd><enttypds>USACE</enttypds><enttypt Sync="TRUE">Feature Class</enttypt><enttypc Sync="TRUE">25160</enttypc></enttyp><attr xmlns=""><attrlabl>FID</attrlabl><attrdef>Internal feature number.</attrdef><attrdefs>ESRI</attrdefs><attrdomv><udom>Sequential unique whole numbers that are automatically generated.</udom></attrdomv><attalias Sync="TRUE">FID</attalias><attrtype Sync="TRUE">OID</attrtype><attwidth Sync="TRUE">4</attwidth><atprecis Sync="TRUE">0</atprecis><attscale Sync="TRUE">0</attscale></attr><attr xmlns=""><attrlabl>Shape</attrlabl><attrdef>Feature geometry.</attrdef><attrdefs>ESRI</attrdefs><attrdomv><udom>Coordinates defining the features.</udom></attrdomv><attalias Sync="TRUE">Shape</attalias><attrtype Sync="TRUE">Geometry</attrtype><attwidth Sync="TRUE">0</attwidth><atprecis Sync="TRUE">0</atprecis><attscale Sync="TRUE">0</attscale></attr><attr xmlns=""><attrlabl>ID</attrlabl><attrdef>Unique Identifier</attrdef><attrdefs>BTS</attrdefs><attrdomv><udom>Numeric String</udom></attrdomv><attrtype Sync="TRUE">Double</attrtype><attwidth Sync="TRUE">10</attwidth><attalias Sync="TRUE">ID</attalias><atprecis Sync="TRUE">10</atprecis><attscale Sync="TRUE">0</attscale></attr><attr xmlns=""><attrlabl Sync="TRUE">NAV_UNIT_I</attrlabl><attalias Sync="TRUE">NAV_UNIT_I</attalias><attrtype Sync="TRUE">String</attrtype><attwidth Sync="TRUE">4</attwidth><atprecis Sync="TRUE">0</atprecis><attscale Sync="TRUE">0</attscale><attrdef>Alphanumeric unique identifier for a facility</attrdef><attrdefs>USACE</attrdefs></attr><attr xmlns=""><attrlabl Sync="TRUE">UNLOCODE</attrlabl><attalias Sync="TRUE">UNLOCODE</attalias><attrtype Sync="TRUE">String</attrtype><attwidth Sync="TRUE">3</attwidth><atprecis Sync="TRUE">0</atprecis><attscale Sync="TRUE">0</attscale><attrdef>United Nations Location Code</attrdef><attrdefs>USACE</attrdefs></attr><attr xmlns=""><attrlabl Sync="TRUE">NAV_UNIT_N</attrlabl><attalias Sync="TRUE">NAV_UNIT_N</attalias><attrtype Sync="TRUE">String</attrtype><attwidth Sync="TRUE">150</attwidth><atprecis Sync="TRUE">0</atprecis><attscale Sync="TRUE">0</attscale><attrdef>Name of facility</attrdef><attrdefs>USACE</attrdefs></attr><attr xmlns=""><attrlabl Sync="TRUE">LOCATION_D</attrlabl><attalias Sync="TRUE">LOCATION_D</attalias><attrtype Sync="TRUE">String</attrtype><attwidth Sync="TRUE">254</attwidth><atprecis Sync="TRUE">0</atprecis><attscale Sync="TRUE">0</attscale><attrdef>Textual description of the location of the facility</attrdef><attrdefs>USACE</attrdefs></attr><attr xmlns=""><attrlabl Sync="TRUE">FACILITY_T</attrlabl><attalias Sync="TRUE">FACILITY_T</attalias><attrtype Sync="TRUE">String</attrtype><attwidth Sync="TRUE">100</attwidth><atprecis Sync="TRUE">0</atprecis><attscale Sync="TRUE">0</attscale><attrdef>Facility type i.e. ('Dock', 'Fleeting Area', 'Lock and/or Dam', 'Milepoint', etc.)</attrdef><attrdefs>USACE</attrdefs></attr><attr xmlns=""><attrlabl Sync="TRUE">STREET_ADD</attrlabl><attalias Sync="TRUE">STREET_ADD</attalias><attrtype Sync="TRUE">String</attrtype><attwidth Sync="TRUE">100</attwidth><atprecis Sync="TRUE">0</atprecis><attscale Sync="TRUE">0</attscale><attrdef>Address of facility</attrdef><attrdefs>USACE</attrdefs></attr><attr xmlns=""><attrlabl Sync="TRUE">CITY_OR_TO</attrlabl><attalias Sync="TRUE">CITY_OR_TO</attalias><attrtype Sync="TRUE">String</attrtype><attwidth Sync="TRUE">50</attwidth><atprecis Sync="TRUE">0</atprecis><attscale Sync="TRUE">0</attscale><attrdef>City or town where facility is located</attrdef><attrdefs>USACE</attrdefs></attr><attr xmlns=""><attrlabl Sync="TRUE">STATE_POST</attrlabl><attalias Sync="TRUE">STATE_POST</attalias><attrtype Sync="TRUE">String</attrtype><attwidth Sync="TRUE">2</attwidth><atprecis Sync="TRUE">0</atprecis><attscale Sync="TRUE">0</attscale><attrdef>State where facility is located</attrdef><attrdefs>USACE</attrdefs></attr><attr xmlns=""><attrlabl Sync="TRUE">ZIPCODE</attrlabl><attalias Sync="TRUE">ZIPCODE</attalias><attrtype Sync="TRUE">String</attrtype><attwidth Sync="TRUE">10</attwidth><atprecis Sync="TRUE">0</atprecis><attscale Sync="TRUE">0</attscale><attrdef>Postal zip code</attrdef><attrdefs>USACE</attrdefs></attr><attr xmlns=""><attrlabl Sync="TRUE">COUNTY_NAM</attrlabl><attalias Sync="TRUE">COUNTY_NAM</attalias><attrtype Sync="TRUE">String</attrtype><attwidth Sync="TRUE">31</attwidth><atprecis Sync="TRUE">0</atprecis><attscale Sync="TRUE">0</attscale><attrdef>County name</attrdef><attrdefs>USACE</attrdefs></attr><attr xmlns=""><attrlabl Sync="TRUE">CONGRESS</attrlabl><attalias Sync="TRUE">CONGRESS</attalias><attrtype Sync="TRUE">String</attrtype><attwidth Sync="TRUE">3</attwidth><atprecis Sync="TRUE">0</atprecis><attscale Sync="TRUE">0</attscale><attrdef>Congress number (i.e. 108, 109, etc.)</attrdef><attrdefs>USACE</attrdefs></attr><attr xmlns=""><attrlabl Sync="TRUE">CONGRESS_F</attrlabl><attalias Sync="TRUE">CONGRESS_F</attalias><attrtype Sync="TRUE">String</attrtype><attwidth Sync="TRUE">2</attwidth><atprecis Sync="TRUE">0</atprecis><attscale Sync="TRUE">0</attscale><attrdef>Congressional District FIPS code</attrdef><attrdefs>USACE</attrdefs></attr><attr xmlns=""><attrlabl Sync="TRUE">WTWY_NAME</attrlabl><attalias Sync="TRUE">WTWY_NAME</attalias><attrtype Sync="TRUE">String</attrtype><attwidth Sync="TRUE">130</attwidth><atprecis Sync="TRUE">0</atprecis><attscale Sync="TRUE">0</attscale><attrdef>Name of waterway where facility is located</attrdef><attrdefs>USACE</attrdefs></attr><attr xmlns=""><attrlabl>PORT_NAME</attrlabl><attrdef>Port in which the wharf is located</attrdef><attrdefs>USACE</attrdefs><attrdomv><udom>Character String</udom></attrdomv><attrtype Sync="TRUE">String</attrtype><attwidth Sync="TRUE">130</attwidth><attalias Sync="TRUE">PORT_NAME</attalias><atprecis Sync="TRUE">0</atprecis><attscale Sync="TRUE">0</attscale></attr><attr xmlns=""><attrlabl>MILE</attrlabl><attrdef>Waterway mile of wharf location above or below a datum point</attrdef><attrdefs>USACE</attrdefs><attrdomv><udom>Number</udom></attrdomv><attrtype Sync="TRUE">Single</attrtype><attwidth Sync="TRUE">7</attwidth><attalias Sync="TRUE">MILE</attalias><atprecis Sync="TRUE">6</atprecis><attscale Sync="TRUE">3</attscale></attr><attr xmlns=""><attrlabl Sync="TRUE">LATITUDE1</attrlabl><attalias Sync="TRUE">LATITUDE1</attalias><attrtype Sync="TRUE">Double</attrtype><attwidth Sync="TRUE">19</attwidth><atprecis Sync="TRUE">18</atprecis><attscale Sync="TRUE">4</attscale><attrdef>Latitude</attrdef><attrdefs>USACE</attrdefs></attr><attr xmlns=""><attrlabl Sync="TRUE">LONGITUDE1</attrlabl><attalias Sync="TRUE">LONGITUDE1</attalias><attrtype Sync="TRUE">Double</attrtype><attwidth Sync="TRUE">19</attwidth><atprecis Sync="TRUE">18</atprecis><attscale Sync="TRUE">4</attscale><attrdef>Longitude</attrdef><attrdefs>USACE</attrdefs></attr><attr xmlns=""><attrlabl Sync="TRUE">OPERATORS</attrlabl><attalias Sync="TRUE">OPERATORS</attalias><attrtype Sync="TRUE">String</attrtype><attwidth Sync="TRUE">254</attwidth><atprecis Sync="TRUE">0</atprecis><attscale Sync="TRUE">0</attscale><attrdef>Current operators of the facility with phone and fax numbers</attrdef><attrdefs>USACE</attrdefs></attr><attr xmlns=""><attrlabl Sync="TRUE">OWNERS</attrlabl><attalias Sync="TRUE">OWNERS</attalias><attrtype Sync="TRUE">String</attrtype><attwidth Sync="TRUE">254</attwidth><atprecis Sync="TRUE">0</atprecis><attscale Sync="TRUE">0</attscale><attrdef>Current owner or owner/operators of the facility with phone and fax numbers</attrdef><attrdefs>USACE</attrdefs></attr><attr xmlns=""><attrlabl Sync="TRUE">HIGHWAY_NO</attrlabl><attalias Sync="TRUE">HIGHWAY_NO</attalias><attrtype Sync="TRUE">String</attrtype><attwidth Sync="TRUE">254</attwidth><atprecis Sync="TRUE">0</atprecis><attscale Sync="TRUE">0</attscale><attrdef>Surface road connections</attrdef><attrdefs>USACE</attrdefs></attr><attr xmlns=""><attrlabl Sync="TRUE">RAILWAY_NO</attrlabl><attalias Sync="TRUE">RAILWAY_NO</attalias><attrtype Sync="TRUE">String</attrtype><attwidth Sync="TRUE">254</attwidth><atprecis Sync="TRUE">0</atprecis><attscale Sync="TRUE">0</attscale><attrdef>Railway connections</attrdef><attrdefs>USACE</attrdefs></attr><attr xmlns=""><attrlabl Sync="TRUE">DOCK</attrlabl><attalias Sync="TRUE">DOCK</attalias><attrtype Sync="TRUE">SmallInteger</attrtype><attwidth Sync="TRUE">3</attwidth><atprecis Sync="TRUE">3</atprecis><attscale Sync="TRUE">0</attscale><attrdef>Waterborne Commerce Statistics Center's three digit dock code</attrdef><attrdefs>USACE</attrdefs></attr><attr xmlns=""><attrlabl Sync="TRUE">COMMODITIE</attrlabl><attalias Sync="TRUE">COMMODITIE</attalias><attrtype Sync="TRUE">String</attrtype><attwidth Sync="TRUE">254</attwidth><atprecis Sync="TRUE">0</atprecis><attscale Sync="TRUE">0</attscale><attrdef>List of commodities handled at the facility at the two digit Lock Performance Monitoring System level</attrdef><attrdefs>USACE</attrdefs></attr><attr xmlns=""><attrlabl Sync="TRUE">CONSTRUCTI</attrlabl><attalias Sync="TRUE">CONSTRUCTI</attalias><attrtype Sync="TRUE">String</attrtype><attwidth Sync="TRUE">254</attwidth><atprecis Sync="TRUE">0</atprecis><attscale Sync="TRUE">0</attscale><attrdef>Description of type of construction</attrdef><attrdefs>USACE</attrdefs></attr><attr xmlns=""><attrlabl Sync="TRUE">MECHANICAL</attrlabl><attalias Sync="TRUE">MECHANICAL</attalias><attrtype Sync="TRUE">String</attrtype><attwidth Sync="TRUE">254</attwidth><atprecis Sync="TRUE">0</atprecis><attscale Sync="TRUE">0</attscale><attrdef>Description of equipment available at the facility</attrdef><attrdefs>USACE</attrdefs></attr><attr xmlns=""><attrlabl>REMARKS</attrlabl><attrdef>Remarks, including description of wharf - related storage facilities and their operators</attrdef><attrdefs>USACE</attrdefs><attrdomv><udom>Character String</udom></attrdomv><attrtype Sync="TRUE">String</attrtype><attwidth Sync="TRUE">254</attwidth><attalias Sync="TRUE">REMARKS</attalias><atprecis Sync="TRUE">0</atprecis><attscale Sync="TRUE">0</attscale></attr><attr xmlns=""><attrlabl Sync="TRUE">VERTICAL_D</attrlabl><attalias Sync="TRUE">VERTICAL_D</attalias><attrtype Sync="TRUE">String</attrtype><attwidth Sync="TRUE">50</attwidth><atprecis Sync="TRUE">0</atprecis><attscale Sync="TRUE">0</attscale><attrdef>Depth/Height Datum used</attrdef><attrdefs>USACE</attrdefs></attr><attr xmlns=""><attrlabl Sync="TRUE">DEPTH_MIN</attrlabl><attalias Sync="TRUE">DEPTH_MIN</attalias><attrtype Sync="TRUE">Single</attrtype><attwidth Sync="TRUE">5</attwidth><atprecis Sync="TRUE">4</atprecis><attscale Sync="TRUE">1</attscale><attrdef>Minimum depth alongside facility</attrdef><attrdefs>USACE</attrdefs></attr><attr xmlns=""><attrlabl Sync="TRUE">DEPTH_MAX</attrlabl><attalias Sync="TRUE">DEPTH_MAX</attalias><attrtype Sync="TRUE">Single</attrtype><attwidth Sync="TRUE">5</attwidth><atprecis Sync="TRUE">4</atprecis><attscale Sync="TRUE">1</attscale><attrdef>Maximum depth alongside facility</attrdef><attrdefs>USACE</attrdefs></attr><attr xmlns=""><attrlabl Sync="TRUE">BERTHING_L</attrlabl><attalias Sync="TRUE">BERTHING_L</attalias><attrtype Sync="TRUE">Integer</attrtype><attwidth Sync="TRUE">8</attwidth><atprecis Sync="TRUE">8</atprecis><attscale Sync="TRUE">0</attscale><attrdef>Largest single berthing space in feet</attrdef><attrdefs>USACE</attrdefs></attr><attr xmlns=""><attrlabl Sync="TRUE">BERTHING_T</attrlabl><attalias Sync="TRUE">BERTHING_T</attalias><attrtype Sync="TRUE">Integer</attrtype><attwidth Sync="TRUE">8</attwidth><atprecis Sync="TRUE">8</atprecis><attscale Sync="TRUE">0</attscale><attrdef>Total berthing space in feet</attrdef><attrdefs>USACE</attrdefs></attr><attr xmlns=""><attrlabl Sync="TRUE">DECK_HEIGH</attrlabl><attalias Sync="TRUE">DECK_HEIGH</attalias><attrtype Sync="TRUE">Single</attrtype><attwidth Sync="TRUE">6</attwidth><atprecis Sync="TRUE">5</atprecis><attscale Sync="TRUE">1</attscale><attrdef>Minimum deck height</attrdef><attrdefs>USACE</attrdefs></attr><attr xmlns=""><attrlabl Sync="TRUE">DECK_HEIG1</attrlabl><attalias Sync="TRUE">DECK_HEIG1</attalias><attrtype Sync="TRUE">Single</attrtype><attwidth Sync="TRUE">6</attwidth><atprecis Sync="TRUE">5</atprecis><attscale Sync="TRUE">1</attscale><attrdef>Maximum deck height</attrdef><attrdefs>USACE</attrdefs></attr><attr xmlns=""><attrlabl Sync="TRUE">SERVICE_IN</attrlabl><attalias Sync="TRUE">SERVICE_IN</attalias><attrtype Sync="TRUE">String</attrtype><attwidth Sync="TRUE">50</attwidth><atprecis Sync="TRUE">0</atprecis><attscale Sync="TRUE">0</attscale><attrdef>Date facility started service</attrdef><attrdefs>USACE</attrdefs></attr><attr xmlns=""><attrlabl Sync="TRUE">SERVICE_TE</attrlabl><attalias Sync="TRUE">SERVICE_TE</attalias><attrtype Sync="TRUE">String</attrtype><attwidth Sync="TRUE">50</attwidth><atprecis Sync="TRUE">0</atprecis><attscale Sync="TRUE">0</attscale><attrdef>Date facility stopped service</attrdef><attrdefs>USACE</attrdefs></attr><attr xmlns=""><attrlabl>STFIPS</attrlabl><attalias Sync="TRUE">STFIPS</attalias><attrdef>The 2-character FIPS code of the  State or State equivalent</attrdef><attrdefs>RITA/BTS</attrdefs><attrdomv><codesetd><codesetn>Codes for the Identification of the States, the District of Columbia and the Outlying Areas of the United States, and Associated Areas, FIPS 5-2.</codesetn><codesets>U.S. Department of Commerce, National Institute of Standards and Technology</codesets></codesetd></attrdomv><attrtype Sync="TRUE">String</attrtype><attwidth Sync="TRUE">2</attwidth><atprecis Sync="TRUE">0</atprecis><attscale Sync="TRUE">0</attscale></attr><attr xmlns=""><attrlabl>CTFIPS</attrlabl><attalias Sync="TRUE">CTFIPS</attalias><attrdef>The 3-character FIPS code of the County or County equivalent</attrdef><attrdefs>RITA/BTS</attrdefs><attrdomv><codesetd><codesetn>Codes for the Identification of the States, the District of Columbia and the Outlying Areas of the United States, and Associated Areas, FIPS 5-2.</codesetn><codesets>U.S. Department of Commerce, National Institute of Standards and Technology</codesets></codesetd></attrdomv><attrtype Sync="TRUE">String</attrtype><attwidth Sync="TRUE">3</attwidth><atprecis Sync="TRUE">0</atprecis><attscale Sync="TRUE">0</attscale></attr><attr xmlns=""><attrlabl>BANK</attrlabl><attrdef>Bank of river for wharf location (Left or Right)</attrdef><attrdefs>USACE</attrdefs><attrtype>String</attrtype><attalias Sync="TRUE">BANK</attalias><attwidth Sync="TRUE">11</attwidth><atprecis Sync="TRUE">0</atprecis><attscale Sync="TRUE">0</attscale></attr><attr xmlns=""><attrlabl>LOCATION</attrlabl><attrdef>Waterborne Commerce Statistics Center's five digit location code</attrdef><attrdefs>USACE</attrdefs><attwidth>5</attwidth><attalias Sync="TRUE">LOCATION</attalias><attrtype Sync="TRUE">Integer</attrtype><atprecis Sync="TRUE">5</atprecis><attscale Sync="TRUE">0</attscale></attr><attr xmlns=""><attrlabl>PURPOSE</attrlabl><attrdef>Purpose for which wharf is used, including commodities handled and/or services performed</attrdef><attrdefs>USACE</attrdefs><attrtype>string</attrtype><attwidth>254</attwidth><attalias Sync="TRUE">PURPOSE</attalias><atprecis Sync="TRUE">0</atprecis><attscale Sync="TRUE">0</attscale></attr></detailed></eainfo><mdHrLvName Sync="TRUE">dataset</mdHrLvName><refSysInfo><RefSystem dimension=""><refSysID xmlns=""><identCode code="4326" Sync="TRUE" value="4326"/><idCodeSpace Sync="TRUE">EPSG</idCodeSpace><idVersion Sync="TRUE">7.9.4</idVersion></refSysID></RefSystem></refSysInfo><spatRepInfo><VectSpatRep><geometObjs Name="ports"><geoObjTyp><GeoObjTypCd value="004" Sync="TRUE"></GeoObjTypCd></geoObjTyp><geoObjCnt Sync="TRUE">25160</geoObjCnt></geometObjs><topLvl><TopoLevCd value="001" Sync="TRUE"></TopoLevCd></topLvl></VectSpatRep></spatRepInfo><spdoinfo><ptvctinf><esriterm Name="ports"><efeatyp Sync="TRUE">Simple</efeatyp><efeageom code="1" Sync="TRUE"></efeageom><esritopo Sync="TRUE">FALSE</esritopo><efeacnt Sync="TRUE">25160</efeacnt><spindex Sync="TRUE">FALSE</spindex><linrefer Sync="TRUE">FALSE</linrefer></esriterm></ptvctinf></spdoinfo><mdDateSt Sync="TRUE">20130412</mdDateSt></metadata>
