<?xml version="1.0"?>
<metadata xml:lang="en"><idinfo><native>Microsoft Windows XP Version 5.1 (Build 2600) Service Pack 3; ESRI ArcCatalog 9.2.6.1500</native><descript><abstract>Bureau of Ocean Energy Management Pacific OCS Platforms as of August 24, 2010</abstract><purpose>Current active platforms for the Bureau of Ocean Energy Management Pacific OCS Region as of August, 24 2011</purpose><supplinf>Represents current  platforms as of August, 24 2011 for the Bureau of Ocean Energy Management Pacific OCS Region</supplinf></descript><citation><citeinfo><origin>REQUIRED: The name of an organization or individual that developed the data set.</origin><pubdate>REQUIRED: The date when the data set is published or otherwise made available for release.</pubdate><title>BOEM_ Pacific_ Active_Platforms_2011-08</title><geoform>vector digital data</geoform><onlink>http://www.boem.gov/Oil-and-Gas-Energy-Program/Mapping-and-Data/Pacific-files/pc_plat(2).aspx</onlink><onlink>http://www.boem.gov/Oil-and-Gas-Energy-Program/Mapping-and-Data/Pacific.aspx</onlink></citeinfo></citation><timeperd><current>August 24, 2011</current><timeinfo><sngdate><caldate>unknown</caldate></sngdate></timeinfo></timeperd><status><progress>Complete</progress><update>As needed</update></status><spdom><bounding><westbc>-120.729428</westbc><eastbc>-118.116494</eastbc><northbc>34.610419</northbc><southbc>33.563781</southbc></bounding></spdom><keywords><theme><themekt>Platforms</themekt><themekey>BOEM Pacific Active Platforms</themekey><themekey>Oil and Gas</themekey><themekey>Pacific</themekey><themekey>Offshore</themekey></theme><place><placekey>Pacific</placekey><placekey>Pacific OCS</placekey><placekey>Pacific Region</placekey></place></keywords><accconst>none</accconst><useconst>none</useconst><datacred>BOEM Pacific OCS Region, Office of Production, Development, and Resource Evaluation</datacred><ptcontac><cntinfo><cntperp><cntorg>Bureau of Ocean Energy Management</cntorg><cntper>Stephanie Rozek</cntper></cntperp><cntpos>GIS Specialsit</cntpos><cntaddr><addrtype>mailing address</addrtype><address>770 Paseo Camarillo</address><city>Camarillo</city><state>Ca</state><postal>93010</postal></cntaddr><cntvoice>805-389-7750</cntvoice><cntemail>stephanie.rozek@mms.gov</cntemail></cntinfo></ptcontac></idinfo><metainfo><metstdn>FGDC Content Standards for Digital Geospatial Metadata</metstdn><metstdv>FGDC-STD-001-1998</metstdv><mettc>local time</mettc><metd>20110825</metd><metc><cntinfo><cntorgp><cntorg>REQUIRED: The organization responsible for the metadata information.</cntorg><cntper>REQUIRED: The person responsible for the metadata information.</cntper></cntorgp><cntaddr><addrtype>REQUIRED: The mailing and/or physical address for the organization or individual.</addrtype><city>REQUIRED: The city of the address.</city><state>REQUIRED: The state or province of the address.</state><postal>REQUIRED: The ZIP or other postal code of the address.</postal></cntaddr><cntvoice>REQUIRED: The telephone number by which individuals can speak to the organization or individual.</cntvoice></cntinfo></metc></metainfo><distinfo><resdesc>Downloadable Data</resdesc><stdorder><digform><digtinfo><transize>0.001</transize></digtinfo></digform></stdorder></distinfo><spdoinfo><direct>Vector</direct><ptvctinf/></spdoinfo><spref><horizsys><geograph><latres>0.000001</latres><longres>0.000001</longres><geogunit>Decimal degrees</geogunit></geograph><geodetic><horizdn>North American Datum of 1927</horizdn><ellips>Clarke 1866</ellips><semiaxis>6378206.400000</semiaxis><denflat>294.978698</denflat></geodetic></horizsys></spref><eainfo><detailed><enttyp><enttypl>BOEM_Pacific_Active_Platform_2011-08_nad83</enttypl></enttyp><attr><attrlabl>FID</attrlabl><attrdef>Internal feature number.</attrdef><attrdefs>ESRI</attrdefs><attrdomv><udom>Sequential unique whole numbers that are automatically generated.</udom></attrdomv></attr><attr><attrlabl>Shape</attrlabl><attrdef>Feature geometry.</attrdef><attrdefs>ESRI</attrdefs><attrdomv><udom>Coordinates defining the features.</udom></attrdomv></attr><attr><attrlabl>LONGITUDE_</attrlabl></attr><attr><attrlabl>LATITUDE_N</attrlabl></attr><attr><attrlabl>PLATFORM_N</attrlabl></attr><attr><attrlabl>LEASE</attrlabl></attr></detailed></eainfo><mdLang><languageCode value="eng"/><countryCode value="USA"/></mdLang><mdChar><CharSetCd value="004"/></mdChar><mdHrLv><ScopeCd value="005"/></mdHrLv><mdStanName>ArcGIS Metadata</mdStanName><mdStanVer>1.0</mdStanVer><distInfo><distTranOps><onLineSrc><linkage>http://www.boem.gov/Oil-and-Gas-Energy-Program/Mapping-and-Data/Pacific-files/pc_plat(2).aspx</linkage></onLineSrc><onLineSrc><linkage>\\IMSOCAMPC105834\D\webpage_old\Send to MBB\BOEM_ Pacific_ Active_Platforms_2011-08.shp</linkage></onLineSrc><transSize>0.001</transSize></distTranOps><distFormat><formatName>Shapefile</formatName></distFormat></distInfo><dataIdInfo><idCitation><resTitle>BOEM_Pacific_Active_Platform_2011-08_nad83</resTitle><presForm><PresFormCd value="005"/></presForm></idCitation><idAbs>Bureau of Ocean Energy Management Pacific OCS Platforms as of August 24, 2010</idAbs><idPurp>Current active platforms for the Bureau of Ocean Energy Management Pacific OCS Region as of August, 24 2011</idPurp><idCredit>BOEM Pacific OCS Region, Office of Production, Development, and Resource Evaluation</idCredit><idStatus><ProgCd value="001"/></idStatus><idPoC><rpIndName>Stephanie Rozek</rpIndName><rpOrgName>Bureau of Ocean Energy Management</rpOrgName><rpPosName>GIS Specialsit</rpPosName><rpCntInfo><cntPhone><voiceNum>805-389-7750</voiceNum></cntPhone><cntAddress addressType="postal"><delPoint>770 Paseo Camarillo</delPoint><city>Camarillo</city><adminArea>Ca</adminArea><postCode>93010</postCode><country>US</country><eMailAdd>stephanie.rozek@mms.gov</eMailAdd></cntAddress></rpCntInfo><role><RoleCd value="007"/></role></idPoC><resMaint><maintFreq><MaintFreqCd value="009"/></maintFreq></resMaint><placeKeys><keyword>Pacific</keyword><keyword>Pacific OCS</keyword><keyword>Pacific Region</keyword></placeKeys><themeKeys><keyword>Oil and Gas</keyword><keyword>Pacific</keyword><keyword>Offshore</keyword><keyword>BOEM Pacific Active Platforms</keyword><thesaName><resTitle>Platforms</resTitle></thesaName></themeKeys><searchKeys><keyword>Oil and Gas</keyword><keyword>Pacific</keyword><keyword>Pacific OCS</keyword><keyword>Pacific</keyword><keyword>Offshore</keyword><keyword>BOEM Pacific Active Platforms</keyword><keyword>Pacific Region</keyword></searchKeys><dataLang><languageCode value="eng"/><countryCode value="USA"/></dataLang><dataExt><exDesc>August 24, 2011</exDesc><tempEle><TempExtent><exTemp><TM_Instant><tmPosition date="unknown"/></TM_Instant></exTemp></TempExtent></tempEle><geoEle/></dataExt><suppInfo>Represents current platforms as of August, 24 2011 for the Bureau of Ocean Energy Management Pacific OCS Region</suppInfo><envirDesc>Microsoft Windows 7 Version 6.1 (Build 7601) Service Pack 1; ESRI ArcGIS 10.0.5.4400</envirDesc><spatRpType><SpatRepTypCd value="001"/></spatRpType><dataExt><geoEle><GeoBndBox esriExtentType="search"><exTypeCode>1</exTypeCode><westBL>-120.730435</westBL><eastBL>-118.117392</eastBL><northBL>34.610403</northBL><southBL>33.563803</southBL></GeoBndBox></geoEle></dataExt></dataIdInfo><mdHrLvName>dataset</mdHrLvName><refSysInfo><RefSystem><refSysID><identCode code="0" value="4269"/><idCodeSpace>EPSG</idCodeSpace><idVersion>7.4.1</idVersion></refSysID></RefSystem></refSysInfo><spatRepInfo><VectSpatRep><geometObjs><geoObjTyp><GeoObjTypCd value="004"/></geoObjTyp><geoObjCnt>23</geoObjCnt></geometObjs><topLvl><TopoLevCd value="001"/></topLvl></VectSpatRep></spatRepInfo><mdDateSt>20120810</mdDateSt><dataqual><lineage><procstep><procdesc>Dataset copied.</procdesc></procstep><procstep><procdesc>Dataset copied.</procdesc></procstep><procstep><procdesc>Dataset copied.</procdesc></procstep></lineage></dataqual></metadata>
