<?xml version="1.0" encoding="UTF-8"?>
<metadata><Data_Set_Character_Set>8859part1</Data_Set_Character_Set><Data_Set_Language>eng</Data_Set_Language><Esri><CreaDate>20130404</CreaDate><CreaTime>15144700</CreaTime><ArcGISstyle>ISO 19139 Metadata Implementation Specification</ArcGISstyle><SyncOnce>FALSE</SyncOnce><DataProperties><itemProps><itemLocation><linkage Sync="FALSE">withheld</linkage><protocol Sync="TRUE">Local Area Network</protocol></itemLocation><itemName Sync="TRUE">state_pol</itemName><imsContentType Sync="TRUE" export="False">002</imsContentType><nativeExtBox><westBL Sync="TRUE">-179.231101</westBL><eastBL Sync="TRUE">179.859666</eastBL><southBL Sync="TRUE">-14.601806</southBL><northBL Sync="TRUE">71.441059</northBL><exTypeCode Sync="TRUE">1</exTypeCode></nativeExtBox><itemSize Sync="TRUE">13.060</itemSize></itemProps><coordRef><type Sync="TRUE">Geographic</type><geogcsn Sync="TRUE">GCS_WGS_1984</geogcsn><csUnits Sync="TRUE">Angular Unit: Degree (0.017453)</csUnits><peXml Sync="TRUE">&lt;GeographicCoordinateSystem xsi:type='typens:GeographicCoordinateSystem' xmlns:xsi='http://www.w3.org/2001/XMLSchema-instance' xmlns:xs='http://www.w3.org/2001/XMLSchema' xmlns:typens='http://www.esri.com/schemas/ArcGIS/10.1'&gt;&lt;WKT&gt;GEOGCS[&amp;quot;GCS_WGS_1984&amp;quot;,DATUM[&amp;quot;D_WGS_1984&amp;quot;,SPHEROID[&amp;quot;WGS_1984&amp;quot;,6378137.0,298.257223563]],PRIMEM[&amp;quot;Greenwich&amp;quot;,0.0],UNIT[&amp;quot;Degree&amp;quot;,0.0174532925199433],METADATA[&amp;quot;World&amp;quot;,-180.0,-90.0,180.0,90.0,0.0,0.0174532925199433,0.0,1262],AUTHORITY[&amp;quot;EPSG&amp;quot;,4326]]&lt;/WKT&gt;&lt;XOrigin&gt;-400&lt;/XOrigin&gt;&lt;YOrigin&gt;-400&lt;/YOrigin&gt;&lt;XYScale&gt;11258999068426.238&lt;/XYScale&gt;&lt;ZOrigin&gt;-100000&lt;/ZOrigin&gt;&lt;ZScale&gt;10000&lt;/ZScale&gt;&lt;MOrigin&gt;-100000&lt;/MOrigin&gt;&lt;MScale&gt;10000&lt;/MScale&gt;&lt;XYTolerance&gt;8.983152841195215e-009&lt;/XYTolerance&gt;&lt;ZTolerance&gt;0.001&lt;/ZTolerance&gt;&lt;MTolerance&gt;0.001&lt;/MTolerance&gt;&lt;HighPrecision&gt;true&lt;/HighPrecision&gt;&lt;LeftLongitude&gt;-180&lt;/LeftLongitude&gt;&lt;WKID&gt;4326&lt;/WKID&gt;&lt;LatestWKID&gt;4326&lt;/LatestWKID&gt;&lt;/GeographicCoordinateSystem&gt;</peXml></coordRef><lineage/></DataProperties><ArcGISFormat>1.0</ArcGISFormat><ModDate>20130424</ModDate><ModTime>13425100</ModTime><ArcGISProfile>ISO19139</ArcGISProfile><SyncDate>20130424</SyncDate><SyncTime>13425100</SyncTime><scaleRange><minScale>150000000</minScale><maxScale>5000</maxScale></scaleRange></Esri><mdLang><languageCode value="eng"/><countryCode value="USA" Sync="TRUE"/></mdLang><mdChar><CharSetCd value="004"/></mdChar><mdHrLv><ScopeCd value="005"/></mdHrLv><mdContact><rpIndName>Office of Geospatial Information Systems</rpIndName><rpOrgName>Research and Innovative Technology Administration's Bureau of Transportation Statistics (RITA/BTS)</rpOrgName><rpCntInfo><cntPhone><voiceNum tddtty="">202-366-3282</voiceNum></cntPhone><cntAddress addressType="both"><delPoint>1200 New Jersey Ave., SE</delPoint><city>Washington</city><adminArea>DC</adminArea><postCode>20590</postCode><eMailAdd>answers@bts.gov</eMailAdd></cntAddress></rpCntInfo><role><RoleCd value="007"/></role></mdContact><mdStanName>ArcGIS Metadata</mdStanName><mdStanVer>1.0</mdStanVer><distInfo xmlns=""><distributor xmlns=""><distorCont xmlns=""><rpIndName>Office of Geospatial Information Systems</rpIndName><rpOrgName>Research and Innovative Technology Administration's Bureau of Transportation Statistics (RITA/BTS)</rpOrgName><rpCntInfo xmlns=""><cntPhone><voiceNum tddtty="">202-366-3282</voiceNum></cntPhone><cntAddress addressType="both"><delPoint>1200 New Jersey Ave., SE</delPoint><city>Washington</city><adminArea>DC</adminArea><postCode>20590</postCode><country>US</country><eMailAdd>answers@bts.gov</eMailAdd></cntAddress></rpCntInfo><role><RoleCd value="005"/></role></distorCont><distorOrdPrc xmlns=""><resFees units="">None</resFees><planAvDtTm>2011-01-01T00:00:00</planAvDtTm><ordInstr>Call 202-366-DATA, or E-mail (answers@bts.gov) RITA/BTS to request the National Transportation Atlas Databases (NTAD) 2013 DVD. This and other RITA/BTS products may be ordered from the RITA/BTS Internet website http://www.bts.gov/programs/geographic_information_services/.</ordInstr></distorOrdPrc><distorFormat xmlns=""><formatName>ESRI Shapefile</formatName><formatVer>2013</formatVer><fileDecmTech>No compression applied. However, if using digital transfer online option, note access instructions.</fileDecmTech></distorFormat><distorTran xmlns=""><transSize>43.235</transSize><offLineMed xmlns=""><medName><MedNameCd value="002"/></medName><medDensity>650</medDensity><medDenUnits>megabytes</medDenUnits><medFormat><MedFormCd value="004"/></medFormat></offLineMed></distorTran><distorTran xmlns=""><onLineSrc><orDesc>National Transportation Atlas Databases (NTAD) 2013</orDesc></onLineSrc></distorTran></distributor><distFormat xmlns=""><formatName Sync="TRUE">Shapefile</formatName></distFormat><distTranOps xmlns=""><transSize Sync="TRUE">13.060</transSize></distTranOps></distInfo><dataIdInfo><idCitation><date><pubDate>2012-01-01T00:00:00</pubDate></date><citRespParty xmlns=""><rpOrgName>Research and Innovative Technology Administration's Bureau of Transportation Statistics (RITA/BTS)</rpOrgName><role><RoleCd value="006"/></role></citRespParty><citRespParty xmlns=""><rpOrgName>U.S. Bureau of the Census (BOC)</rpOrgName><role><RoleCd value="006"/></role></citRespParty><citRespParty xmlns=""><rpOrgName>U.S. Census Bureau (BOC)</rpOrgName><rpCntInfo><cntAddress addressType=""><delPoint>Suitland, MD</delPoint></cntAddress></rpCntInfo><role><RoleCd value="010"/></role></citRespParty><otherCitDet>Compiled by the University of Tennessee Center for Transportation Research GIS GROUP from TIGER/Line machine readable files.</otherCitDet><collTitle>National Transportation Atlas Databases (NTAD) 2013</collTitle><citOnlineRes><linkage>http://www.bts.gov/programs/geographic_information_services/</linkage></citOnlineRes><citOnlineRes><linkage>http://www.census.gov</linkage></citOnlineRes><resTitle Sync="TRUE">state_pol</resTitle><presForm><PresFormCd value="005" Sync="TRUE"/></presForm><citRespParty xmlns=""><rpIndName>Office of Geospatial Information Systems</rpIndName><rpOrgName>Research and Innovative Technology Administration's Bureau of Transportation Statistics (RITA/BTS)</rpOrgName><rpCntInfo xmlns=""><cntPhone><voiceNum tddtty="">202-366-3282</voiceNum></cntPhone><cntAddress addressType="both"><delPoint>1200 New Jersey Ave., SE</delPoint><city>Washington</city><adminArea>DC</adminArea><postCode>20590</postCode><country>US</country><eMailAdd>answers@bts.gov</eMailAdd></cntAddress></rpCntInfo><role><RoleCd value="005"/></role><editorSave>False</editorSave><displayName>Office of Geospatial Information Systems</displayName><rpPosName>NTAD 2013</rpPosName></citRespParty></idCitation><idAbs>&lt;DIV STYLE="text-align:Left;"&gt;&lt;DIV&gt;&lt;DIV&gt;&lt;P&gt;&lt;SPAN&gt;State boundaries with political limit - boundaries extending into the ocean. The State Boundary with Detailed Shorelines database was created using TIGER/LINE 2011 shapefile data gathered from ESRI's Geography Network. The individual county shapefiles were processed into Arc/Info coverages and then appended together to create complete state coverages. RITA/BTS Hydrographic data was integrated to create detailed shorelines. The TIGER/Line Files are shapefiles and related database files (.dbf) that are an extract of selected geographic and cartographic information from the U.S. Census Bureau's Master Address File / Topologically Integrated Geographic Encoding and Referencing (MAF/TIGER) Database (MTDB). The MTDB represents a seamless national file with no overlaps or gaps between parts, however, each TIGER/Line File is designed to stand alone as an independent data set, or they can be combined to cover the entire nation. States and equivalent entities are the primary governmental divisions of the United States. In addition to the fifty States, the Census Bureau treats the District of Columbia, Puerto Rico, and each of the Island Areas (American Samoa, the Commonwealth of the Northern Mariana Islands, Guam, and the U.S. Virgin Islands) as the statistical equivalents of States for the purpose of data presentation.&lt;/SPAN&gt;&lt;/P&gt;&lt;/DIV&gt;&lt;/DIV&gt;&lt;/DIV&gt;</idAbs><idPurp>The United States State Boundaries database is a geographic database of state political boundaries. The database includes boundaries for all 50 states plus Puerto Rico, Washington D.C., American Samoa, the Commonwealth of the Northern Mariana Islands, Guam, and the U.S. Virgin Islands.</idPurp><idStatus><ProgCd value="001"/></idStatus><idPoC><rpIndName>Office of Geospatial Information Systems</rpIndName><rpOrgName>Research and Innovative Technology Administration's Bureau of Transportation Statistics (RITA/BTS)</rpOrgName><rpCntInfo><cntPhone><voiceNum tddtty="">202-366-3282</voiceNum></cntPhone><cntAddress addressType="both"><delPoint>1200 New Jersey Ave., SE</delPoint><city>Washington</city><adminArea>DC</adminArea><postCode>20590</postCode><country>US</country><eMailAdd>answers@bts.gov</eMailAdd></cntAddress></rpCntInfo><role><RoleCd value="007"/></role></idPoC><resMaint><maintFreq><MaintFreqCd value="011"/></maintFreq></resMaint><placeKeys xmlns=""><keyword>United States</keyword><keyword>USA</keyword><keyword>United States of America</keyword><keyword>US</keyword></placeKeys><stratKeys xmlns=""><keyword>ground</keyword></stratKeys><tempKeys xmlns=""><keyword>2011</keyword><keyword>2000</keyword><keyword>2010</keyword><keyword>2008</keyword><keyword>2006</keyword><keyword>2009</keyword><keyword>2012</keyword><keyword>2013</keyword></tempKeys><themeKeys xmlns=""><keyword>line</keyword><keyword>state</keyword><keyword>polygon</keyword><keyword>boundary</keyword></themeKeys><searchKeys><keyword>line</keyword><keyword>state</keyword><keyword>2011</keyword><keyword>ground</keyword><keyword>United States</keyword><keyword>polygon</keyword><keyword>2000</keyword><keyword>USA</keyword><keyword>2010</keyword><keyword>United States of America</keyword><keyword>US</keyword><keyword>boundary</keyword><keyword>2008</keyword><keyword>2006</keyword><keyword>2009</keyword><keyword>2012</keyword><keyword>2013</keyword></searchKeys><resConst><LegConsts><useLimit>None</useLimit></LegConsts></resConst><resConst><SecConsts><class><ClasscationCd value="001"/></class><classSys>none</classSys></SecConsts></resConst><resConst><Consts><useLimit>&lt;DIV STYLE="text-align:Left;"&gt;&lt;DIV&gt;&lt;DIV&gt;&lt;P&gt;&lt;SPAN&gt;Acknowledgement of the Research and Innovative Technology Administration's Bureau of Transportation Statistics (RITA/BTS) National Transportation Atlas Database (NTAD) 2013 would be appreciated in products derived from these data. The TIGER/Line Shapefile products are not copyrighted however TIGER/Line and Census TIGER are registered trademarks of the U.S. Census Bureau. These products are free to use in a product or publication, however acknowledgement must be given to the U.S. Census Bureau as the source. The boundary information in the TIGER/Line Shapefiles are for statistical data collection and tabulation purposes only; their depiction and designation for statistical purposes does not constitute a determination of jurisdictional authority or rights of ownership or entitlement and they are not legal land descriptions.Coordinates in the TIGER/Line shapefiles have six implied decimal places, but the positional accuracy of these coordinates is not as great as the six decimal places suggest.&lt;/SPAN&gt;&lt;/P&gt;&lt;/DIV&gt;&lt;/DIV&gt;&lt;/DIV&gt;</useLimit></Consts></resConst><aggrInfo><aggrDSName><resTitle>National Transportation Atlas Databases (NTAD) 2013</resTitle><date><pubDate>2013-01-01T00:00:00</pubDate></date><citRespParty><rpOrgName>U.S. Bureau of the Census (BOC)</rpOrgName><role><RoleCd value="006"/></role></citRespParty><citRespParty><rpOrgName>Research and Innovative Technology Administration's Bureau of Transportation Statistics (RITA/BTS)</rpOrgName><rpCntInfo><cntAddress addressType=""><delPoint>Washington, DC</delPoint></cntAddress></rpCntInfo><role><RoleCd value="010"/></role></citRespParty><citRespParty><rpOrgName>Research and Innovative Technology Administration's Bureau of Transportation Statistics (RITA/BTS)</rpOrgName><role><RoleCd value="006"/></role></citRespParty><presForm><PresFormCd value="005"/></presForm><presForm><fgdcGeoform>vector digital data</fgdcGeoform></presForm><citOnlineRes><linkage>http://www.bts.gov/programs/geographic_information_services/</linkage></citOnlineRes></aggrDSName><assocType><AscTypeCd value="001"/></assocType></aggrInfo><aggrInfo><aggrDSName><resTitle>National Transportation Atlas Databases (NTAD) 2013</resTitle><date><pubDate>2013-01-01T00:00:00</pubDate></date><citRespParty><rpOrgName>Research and Innovative Technology Administration's Bureau of Transportation Statistics (RITA/BTS)</rpOrgName><rpCntInfo><cntAddress addressType=""><delPoint>Washington DC</delPoint></cntAddress></rpCntInfo><role><RoleCd value="010"/></role></citRespParty><citRespParty><rpOrgName>Research and Innovative Technology Administration's Bureau of Transportation Statistics (RITA/BTS)</rpOrgName><role><RoleCd value="006"/></role></citRespParty><citOnlineRes><linkage>http://www.bts.gov/programs/geographic_information_services/</linkage></citOnlineRes></aggrDSName><assocType><AscTypeCd value="002"/></assocType></aggrInfo><dataLang><languageCode value="eng"/><countryCode value="USA" Sync="TRUE"/></dataLang><dataExt><exDesc>publication date</exDesc><tempEle><TempExtent><exTemp><TM_Instant><tmPosition>2010-01-01T00:00:00</tmPosition></TM_Instant></exTemp></TempExtent></tempEle></dataExt><suppInfo>The RITA/BTS State Boundary Database contains TIGER 2011 geometry and attributes. To find out more about TIGER/Line files and other Census TIGER data base derived data sets visit http://www.census.gov/geo/www/tiger.</suppInfo><dataChar><CharSetCd value="004"/></dataChar><envirDesc Sync="TRUE">Microsoft Windows 7 Version 6.1 (Build 7601) Service Pack 1; Esri ArcGIS 10.1.0.3035</envirDesc><spatRpType><SpatRepTypCd value="001" Sync="TRUE"/></spatRpType><dataExt><geoEle xmlns=""><GeoBndBox esriExtentType="search"><exTypeCode Sync="TRUE">1</exTypeCode><westBL Sync="TRUE">-179.231101</westBL><eastBL Sync="TRUE">179.859666</eastBL><northBL Sync="TRUE">71.441059</northBL><southBL Sync="TRUE">-14.601806</southBL></GeoBndBox></geoEle></dataExt><tpCat><TopicCatCd value="003"/></tpCat><tpCat><TopicCatCd value="005"/></tpCat><tpCat><TopicCatCd value="015"/></tpCat><tpCat><TopicCatCd value="016"/></tpCat></dataIdInfo><mdConst><SecConsts><class><ClasscationCd value="001"/></class></SecConsts></mdConst><dqInfo><dqScope><scpLvl><ScopeCd value="005"/></scpLvl></dqScope><report type="DQTopConsis"><evalMethDesc>All node-link and polygon topological relationships are created and verified using computer algorithms. Unique entity identifiers were similarly verified by computer algorithm.</evalMethDesc></report><report type="DQConcConsis"><measDesc>All node-link and polygon topological relationships are created and verified using computer algorithms. Unique entity identifiers were similarly verified by computer algorithm.</measDesc></report><report type="DQCompOm"><measDesc>Completeness report not provided.</measDesc></report><report type="DQQuanAttAcc"><measDesc>Attributes for the State Boundary data set were created using ARC/INFO, a Geographic Information System. All area and distance values were calculated to the nearest 50m.</measDesc><measResult><QuanResult><quanVal>unknown</quanVal></QuanResult></measResult></report><report type="DQAbsExtPosAcc" dimension="horizontal"><measDesc>Consistent with TIGER 2011</measDesc><measResult><QuanResult><quanVal>unknown</quanVal></QuanResult></measResult></report><dataLineage><prcStep><stepDesc>TIGER/Line Shapefiles are extracted from the Census MAF/TIGER database by nation, state, county, and entity. Census MAF/TIGER data for all of the aforementioned geographic entities are then distributed among the shapefiles each containing attributes for line, polygon, or landmark geographic data.</stepDesc><stepSrc type="used"><srcCitatn><resAltTitle>Census MAF/TIGER</resAltTitle></srcCitatn></stepSrc></prcStep><prcStep><stepDesc>When UTN processed the TIGER dataset for State, County and Hydrographic (line and polygons) it created a 3-mile buffer around Texas shorelines. This buffer removed the island off the coast of Texas. To correct this error, BTS used ARC/INFO to remove the 3-mile buffer to capture the islands along Texas. To capture the islands the state dataset needed to be reselected, by selecting the code = 1. This process created a few inaccurate polygons and they were removed. To create the final datasets, the datasets were dissolved and regions created on STFIPS and County FIPS.</stepDesc></prcStep><dataSource><srcMedName><MedNameCd value="001"/></srcMedName><srcScale><rfDenom>100</rfDenom></srcScale><srcCitatn><resTitle>Nationwide State Boundary Database with Detailed Shorelines</resTitle><resAltTitle>state</resAltTitle><date><pubDate>2001-01-01</pubDate></date><collTitle>TIGER</collTitle><citOnlineRes><linkage>http://www.bts.gov/programs/geographic_information_services/</linkage></citOnlineRes></srcCitatn><srcDesc>The selected geographic and cartographic information (line segments) are derived from the U.S. Census Bureau's Master Address File Topologically Integrated Geographic Encoding and Referencing (MAF/TIGER) database.</srcDesc></dataSource></dataLineage></dqInfo><eainfo><detailed Name="state_pol" xmlns=""><enttyp><enttypl Sync="TRUE">state_pol</enttypl><enttypd>ESRI Shapefile of U.S. State Boundaries</enttypd><enttypds>ESRI and BTS</enttypds><enttypt Sync="TRUE">Feature Class</enttypt><enttypc Sync="TRUE">56</enttypc></enttyp><attr xmlns=""><attrlabl>FID</attrlabl><attrdef>Internal feature number.</attrdef><attrdefs>ESRI</attrdefs><attrdomv><rdom><rdommin>0</rdommin><rdommax>51</rdommax></rdom></attrdomv><attrdomv><udom>Sequential unique whole numbers that are automatically generated.</udom></attrdomv><attalias Sync="TRUE">FID</attalias><attrtype Sync="TRUE">OID</attrtype><attwidth Sync="TRUE">4</attwidth><atprecis Sync="TRUE">0</atprecis><attscale Sync="TRUE">0</attscale></attr><attr xmlns=""><attrlabl>Shape</attrlabl><attrdef>Feature geometry.</attrdef><attrdefs>ESRI</attrdefs><attrdomv><edom><edomv>Polygon</edomv><edomvd>A "polygon" is an area feature comprised of points and line segments.</edomvd><edomvds>ESRI and BTS</edomvds></edom></attrdomv><attrdomv><udom>Coordinates defining the features.</udom></attrdomv><attalias Sync="TRUE">Shape</attalias><attrtype Sync="TRUE">Geometry</attrtype><attwidth Sync="TRUE">0</attwidth><atprecis Sync="TRUE">0</atprecis><attscale Sync="TRUE">0</attscale></attr><attr xmlns=""><attrlabl>STFIPS</attrlabl><attrdef>State FIPS code</attrdef><attrdefs>NIST</attrdefs><attrdomv><codesetd><codesetn>Federal Information Processing Standard (FIPS), Publication 6-4</codesetn><codesets>National Institute for Standards and Technology (NIST)</codesets></codesetd></attrdomv><attalias Sync="TRUE">STFIPS</attalias><attrtype Sync="TRUE">String</attrtype><attwidth Sync="TRUE">2</attwidth><atprecis Sync="TRUE">0</atprecis><attscale Sync="TRUE">0</attscale></attr><attr xmlns=""><attrlabl>STATE</attrlabl><attrdef>State name</attrdef><attrdefs>NIST</attrdefs><attrdomv><udom>string</udom></attrdomv><attalias Sync="TRUE">STATE</attalias><attrtype Sync="TRUE">String</attrtype><attwidth Sync="TRUE">66</attwidth><atprecis Sync="TRUE">0</atprecis><attscale Sync="TRUE">0</attscale></attr><attr xmlns=""><attrlabl>STPOSTAL</attrlabl><attrdef>U.S. Postal Service two letter state abbreviation.</attrdef><attrdefs>USPS</attrdefs><attrdomv><codesetd><codesetn>Official List of State Postal Abbreviations</codesetn><codesets>U.S. Postal Service</codesets></codesetd></attrdomv><attalias Sync="TRUE">STPOSTAL</attalias><attrtype Sync="TRUE">String</attrtype><attwidth Sync="TRUE">2</attwidth><atprecis Sync="TRUE">0</atprecis><attscale Sync="TRUE">0</attscale></attr><attr xmlns=""><attrlabl>DotRegion</attrlabl><attrdef>Geographic Regions of the USDOT</attrdef><attrdefs>USDOT</attrdefs><attrdomv><edom><edomv>1</edomv><edomvd>ME, NH, VT, MA, RI, CT</edomvd><edomvds>USDOT</edomvds></edom></attrdomv><attrdomv><edom><edomv>2</edomv><edomvd>NY, NJ</edomvd><edomvds>USDOT</edomvds></edom></attrdomv><attrdomv><edom><edomv>3</edomv><edomvd>PA, WV, MD, DC, DE, VA</edomvd><edomvds>USDOT</edomvds></edom></attrdomv><attrdomv><edom><edomv>4</edomv><edomvd>KY, TN, MS, AL, GA, SC, NC, FL</edomvd><edomvds>USDOT</edomvds></edom></attrdomv><attrdomv><edom><edomv>5</edomv><edomvd>MN, WI, IL, IN, OH, MI</edomvd><edomvds>USDOT</edomvds></edom></attrdomv><attrdomv><edom><edomv>6</edomv><edomvd>NM, TX, OK, AR, LA</edomvd><edomvds>USDOT</edomvds></edom></attrdomv><attrdomv><edom><edomv>7</edomv><edomvd>KS, NE, IA, MO</edomvd><edomvds>USDOT</edomvds></edom></attrdomv><attrdomv><edom><edomv>8</edomv><edomvd>MT, SD, ND, WY, UT, CO</edomvd><edomvds>USDOT</edomvds></edom></attrdomv><attrdomv><edom><edomv>9</edomv><edomvd>CA, HI, NV, AZ</edomvd><edomvds>USDOT</edomvds></edom></attrdomv><attrdomv><edom><edomv>10</edomv><edomvd>WA, OR, ID, AK</edomvd><edomvds>USDOT</edomvds></edom></attrdomv><attalias Sync="TRUE">DOTREGION</attalias><attrtype Sync="TRUE">SmallInteger</attrtype><attwidth Sync="TRUE">4</attwidth><atprecis Sync="TRUE">4</atprecis><attscale Sync="TRUE">0</attscale></attr></detailed></eainfo><mdHrLvName Sync="TRUE">dataset</mdHrLvName><refSysInfo><RefSystem dimension=""><refSysID><identCode code="4269" Sync="TRUE" value="4326"/><idCodeSpace Sync="TRUE">EPSG</idCodeSpace><idVersion Sync="TRUE">7.9.4</idVersion></refSysID></RefSystem></refSysInfo><spatRepInfo><VectSpatRep><geometObjs Name="state_pol"><geoObjTyp><GeoObjTypCd value="002" Sync="TRUE"></GeoObjTypCd></geoObjTyp><geoObjCnt Sync="TRUE">56</geoObjCnt></geometObjs><topLvl><TopoLevCd value="001" Sync="TRUE"></TopoLevCd></topLvl></VectSpatRep></spatRepInfo><spdoinfo><ptvctinf><esriterm Name="state_pol"><efeatyp Sync="TRUE">Simple</efeatyp><efeageom code="4" Sync="TRUE"></efeageom><esritopo Sync="TRUE">FALSE</esritopo><efeacnt Sync="TRUE">56</efeacnt><spindex Sync="TRUE">TRUE</spindex><linrefer Sync="TRUE">FALSE</linrefer></esriterm></ptvctinf></spdoinfo><mdDateSt Sync="TRUE">20130424</mdDateSt><mdMaint><maintFreq><MaintFreqCd value="008"/></maintFreq></mdMaint></metadata>
