<metadata xml:lang="en"><Esri><CreaDate>20130405</CreaDate><CreaTime>10571500</CreaTime><ArcGISFormat>1.0</ArcGISFormat><ArcGISstyle>ISO 19139 Metadata Implementation Specification</ArcGISstyle><SyncOnce>FALSE</SyncOnce><DataProperties><itemProps><itemLocation><linkage Sync="FALSE">withheld</linkage><protocol Sync="TRUE">Local Area Network</protocol></itemLocation><itemName Sync="TRUE">tmas</itemName><imsContentType Sync="TRUE" export="False">002</imsContentType><nativeExtBox><westBL Sync="TRUE">-169.933684</westBL><eastBL Sync="TRUE">0.000000</eastBL><southBL Sync="TRUE">0.000000</southBL><northBL Sync="TRUE">48.959300</northBL><exTypeCode Sync="TRUE">1</exTypeCode></nativeExtBox><itemSize Sync="TRUE">0.402</itemSize></itemProps><coordRef><type Sync="TRUE">Geographic</type><geogcsn Sync="TRUE">GCS_WGS_1984</geogcsn><csUnits Sync="TRUE">Angular Unit: Degree (0.017453)</csUnits><peXml Sync="TRUE">&lt;GeographicCoordinateSystem xsi:type='typens:GeographicCoordinateSystem' xmlns:xsi='http://www.w3.org/2001/XMLSchema-instance' xmlns:xs='http://www.w3.org/2001/XMLSchema' xmlns:typens='http://www.esri.com/schemas/ArcGIS/10.1'&gt;&lt;WKT&gt;GEOGCS[&amp;quot;GCS_WGS_1984&amp;quot;,DATUM[&amp;quot;D_WGS_1984&amp;quot;,SPHEROID[&amp;quot;WGS_1984&amp;quot;,6378137.0,298.257223563]],PRIMEM[&amp;quot;Greenwich&amp;quot;,0.0],UNIT[&amp;quot;Degree&amp;quot;,0.0174532925199433],METADATA[&amp;quot;World&amp;quot;,-180.0,-90.0,180.0,90.0,0.0,0.0174532925199433,0.0,1262],AUTHORITY[&amp;quot;EPSG&amp;quot;,4326]]&lt;/WKT&gt;&lt;XOrigin&gt;-400&lt;/XOrigin&gt;&lt;YOrigin&gt;-400&lt;/YOrigin&gt;&lt;XYScale&gt;11258999068426.238&lt;/XYScale&gt;&lt;ZOrigin&gt;-100000&lt;/ZOrigin&gt;&lt;ZScale&gt;10000&lt;/ZScale&gt;&lt;MOrigin&gt;-100000&lt;/MOrigin&gt;&lt;MScale&gt;10000&lt;/MScale&gt;&lt;XYTolerance&gt;8.983152841195215e-009&lt;/XYTolerance&gt;&lt;ZTolerance&gt;0.001&lt;/ZTolerance&gt;&lt;MTolerance&gt;0.001&lt;/MTolerance&gt;&lt;HighPrecision&gt;true&lt;/HighPrecision&gt;&lt;LeftLongitude&gt;-180&lt;/LeftLongitude&gt;&lt;WKID&gt;4326&lt;/WKID&gt;&lt;LatestWKID&gt;4326&lt;/LatestWKID&gt;&lt;/GeographicCoordinateSystem&gt;</peXml></coordRef></DataProperties><scaleRange><minScale>150000000</minScale><maxScale>5000</maxScale></scaleRange><SyncDate>20130412</SyncDate><SyncTime>12331400</SyncTime><ModDate>20130412</ModDate><ModTime>12331400</ModTime><ArcGISProfile>ISO19139</ArcGISProfile></Esri><dataIdInfo><idCitation xmlns=""><resTitle Sync="FALSE">Travel Monitoring Analysis System (tmas) Automatic Traffic Recorder (ATR) Stations</resTitle><presForm xmlns=""><PresFormCd value="005" Sync="TRUE"/></presForm><citRespParty xmlns=""><rpOrgName>Research and Innovative Technology Administration/Bureau of Transportation Statistics</rpOrgName><rpCntInfo xmlns=""><cntAddress addressType=""><delPoint>1200 New Jersey Ave. SE</delPoint><city>Washington</city><adminArea>DC</adminArea><postCode>20590</postCode><eMailAdd>answers@BTS.gov</eMailAdd></cntAddress><cntPhone><voiceNum tddtty="">202-366-DATA</voiceNum></cntPhone></rpCntInfo><role><RoleCd value="005"/></role><rpIndName>National Transportation Atlas Database (NTAD) 2013</rpIndName><rpPosName>Geospatial Information Systems</rpPosName><displayName>Research and Innovative Technology Administration/Bureau of Transportation Statistics</displayName></citRespParty><citRespParty xmlns=""><rpIndName>Steve Jessberger</rpIndName><rpOrgName>FHWA</rpOrgName><rpPosName>Program Manager</rpPosName><rpCntInfo xmlns=""><cntAddress addressType=""><delPoint>1200 New Jersey Ave. SE</delPoint><city>Washington</city><adminArea>DC</adminArea><postCode>20590</postCode><eMailAdd>steven.jessberger@dot.gov</eMailAdd></cntAddress><cntPhone><voiceNum tddtty="">202-366-5052</voiceNum></cntPhone><cntInstr>Program manager of Travel Monitoring Analysis System (TMAS)</cntInstr></rpCntInfo></citRespParty></idCitation><envirDesc Sync="TRUE">Microsoft Windows 7 Version 6.1 (Build 7601) Service Pack 1; Esri ArcGIS 10.1.0.3035</envirDesc><dataLang><languageCode value="eng" Sync="TRUE"/><countryCode value="USA" Sync="TRUE"/></dataLang><spatRpType><SpatRepTypCd value="001" Sync="TRUE"/></spatRpType><dataExt xmlns=""><geoEle xmlns=""><GeoBndBox esriExtentType="search"><exTypeCode Sync="TRUE">1</exTypeCode><westBL Sync="TRUE">-169.933684</westBL><eastBL Sync="TRUE">0.000000</eastBL><northBL Sync="TRUE">48.959300</northBL><southBL Sync="TRUE">0.000000</southBL></GeoBndBox></geoEle></dataExt><idPurp>Data from ATR stations (recored in this database) are used in the TVT system to process the continuous traffic volume data and produce the monthly Traffic Volume Trends report. The VTRIS is used to process the vehicle classification and truck weight data collected as part of the annual Truck Weight Study. Both are microcomputer database management systems that process, validate, summarize, and maintain traffic data. TVT and VTRIS may be used by anyone with data in the formats described in this section and can be retrieved from the FHWA web site at http://www.fhwa.dot.gov/ohim/tvtw/tvtwpage.htm The data collection program has been approved by the Office of Management and Budget, OMB # 2125-0587, and has a current expiration date of April 30, 2004.</idPurp><idAbs>&lt;DIV STYLE="text-align:Left;"&gt;&lt;DIV&gt;&lt;DIV&gt;&lt;P&gt;&lt;SPAN&gt;The data included in the GIS Traffic Stations Version database have been collected by the FHWA from the State DOTs. Location referencing information was derived from State offices of Transportation The attributes on the point elements of the database are used by FHWA for its Travel Monitoring and Analysis System and by State DOTs. The attributes for these databases have been intentionally limited to location referencing attributes since the core station description attribute data are contained within the Station Description Tables (SDT). here is a separate Station Description Table (SDT) for each of the station types. The attributes in the Station Description Table correspond with the Station Description Record found in Chapter 6 of the latest Traffic Monitoring Guide. The SDT contains the most recent stations available for each state and station type. This table was derived from files provided UTCTR by FHWA. The Station Description Table can be linked to the station shapefile via the STNNKEY field. Some station where not located in the US, and were beyond available geographic extents causing display problems. These were moved to Lat and Long 0,0. This is in recognition that the locations of these stations where in error, but were moved to a less obtusive area.&lt;/SPAN&gt;&lt;/P&gt;&lt;/DIV&gt;&lt;/DIV&gt;&lt;/DIV&gt;</idAbs><searchKeys><keyword>ATR</keyword><keyword>Traffic Modeling</keyword><keyword>Monitoring</keyword><keyword>2013</keyword><keyword>National</keyword><keyword>State</keyword><keyword>FHWA</keyword><keyword>TVT</keyword><keyword>Traffic Volume Trends</keyword></searchKeys><dataChar><CharSetCd value="004"/></dataChar><idPoC xmlns=""><rpIndName>Steve Jessberger</rpIndName><rpOrgName>FHWA</rpOrgName><rpPosName>Program Manager</rpPosName><rpCntInfo xmlns=""><cntAddress addressType=""><delPoint>1200 New Jersey Ave. SE</delPoint><city>Washington</city><adminArea>DC</adminArea><postCode>20590</postCode><eMailAdd>steven.jessberger@dot.gov</eMailAdd></cntAddress><cntPhone><voiceNum tddtty="">202-366-5052</voiceNum></cntPhone><cntInstr>Program manager of Travel Monitoring Analysis System (TMAS)</cntInstr></rpCntInfo><displayName>Steve Jessberger</displayName></idPoC><tempKeys xmlns=""><keyword>2012</keyword><keyword>2013</keyword></tempKeys><themeKeys xmlns=""><keyword>TMAS</keyword><keyword>Vehicle Monitoring</keyword><keyword>National</keyword><keyword>Stations</keyword></themeKeys><tpCat><TopicCatCd value="018"/></tpCat></dataIdInfo><eainfo><detailed Name="tmas" xmlns=""><enttyp><enttypl Sync="FALSE">tmas</enttypl><enttypt Sync="TRUE">Feature Class</enttypt><enttypc Sync="TRUE">15035</enttypc><enttypd>Points</enttypd><enttypds>Federal Highway Administration</enttypds></enttyp><attr xmlns=""><attrlabl>FID</attrlabl><attalias Sync="TRUE">FID</attalias><attrdef>internal feature number</attrdef><attrdefs>esri</attrdefs><attrtype Sync="TRUE">OID</attrtype><attwidth Sync="TRUE">4</attwidth><atprecis Sync="TRUE">0</atprecis><attscale Sync="TRUE">0</attscale><attrdomv><udom>Sequential unique whole numbers that are automatically generated.</udom></attrdomv></attr><attr xmlns=""><attrlabl>Shape</attrlabl><attalias Sync="TRUE">Shape</attalias><attrdef>Feature geometry</attrdef><attrdefs>esri</attrdefs><attrtype Sync="TRUE">Geometry</attrtype><attwidth Sync="TRUE">0</attwidth><atprecis Sync="TRUE">0</atprecis><attscale Sync="TRUE">0</attscale><attrdomv><udom>Coordinates defining the feature.</udom></attrdomv></attr><attr xmlns=""><attrlabl>state_abbr</attrlabl><attalias Sync="TRUE">State_Abbr</attalias><attrdefs>fhwa</attrdefs><attrtype Sync="TRUE">String</attrtype><attwidth Sync="TRUE">254</attwidth><atprecis Sync="TRUE">0</atprecis><attscale Sync="TRUE">0</attscale></attr><attr xmlns=""><attrlabl>state_name</attrlabl><attalias Sync="TRUE">State_Name</attalias><attrdef>Full State name</attrdef><attrdefs>fhwa</attrdefs><attrtype Sync="TRUE">String</attrtype><attwidth Sync="TRUE">254</attwidth><atprecis Sync="TRUE">0</atprecis><attscale Sync="TRUE">0</attscale></attr><attr xmlns=""><attrlabl>state_desc</attrlabl><attalias Sync="TRUE">State_Desc</attalias><attrdef>state postal code followed by full state name.</attrdef><attrdefs>fhwa</attrdefs><attrtype Sync="TRUE">String</attrtype><attwidth Sync="TRUE">254</attwidth><atprecis Sync="TRUE">0</atprecis><attscale Sync="TRUE">0</attscale></attr><attr xmlns=""><attrlabl>state_code</attrlabl><attalias Sync="TRUE">State_Code</attalias><attrdef>Census FIPS Code</attrdef><attrdefs>US Census</attrdefs><attrdomv><rdom><rdommin>1</rdommin><rdommax>99</rdommax></rdom></attrdomv><attrtype Sync="TRUE">Double</attrtype><attwidth Sync="TRUE">16</attwidth><atprecis Sync="TRUE">15</atprecis><attscale Sync="TRUE">6</attscale></attr><attr xmlns=""><attrlabl>station_id</attrlabl><attalias Sync="TRUE">Station_Id</attalias><attrdef>This field contains an alphanumeric designation for the station where the survey data are collected. 

</attrdef><attrdefs>fhwa - traffic monitoring guide</attrdefs><attrtype Sync="TRUE">String</attrtype><attwidth Sync="TRUE">254</attwidth><atprecis Sync="TRUE">0</atprecis><attscale Sync="TRUE">0</attscale></attr><attr xmlns=""><attrlabl>longitude</attrlabl><attalias Sync="TRUE">Longitude</attalias><attrdef>Longitude of the station location with the west hemisphere assumed and decimal place understood as XXX.XXX XXX</attrdef><attrdefs>fhwa</attrdefs><attrtype Sync="TRUE">Double</attrtype><attwidth Sync="TRUE">16</attwidth><atprecis Sync="TRUE">15</atprecis><attscale Sync="TRUE">6</attscale></attr><attr xmlns=""><attrlabl>latitude</attrlabl><attalias Sync="TRUE">Latitude</attalias><attrdef>Latitude of the station location with the north hemisphere assumed and decimal place understood as XX.XXX XXX.

</attrdef><attrdefs>fhwa</attrdefs><attrtype Sync="TRUE">Double</attrtype><attwidth Sync="TRUE">16</attwidth><atprecis Sync="TRUE">15</atprecis><attscale Sync="TRUE">6</attscale></attr><attr xmlns=""><attrlabl>travel_dir</attrlabl><attalias Sync="TRUE">Travel_Dir</attalias><attrdef>direction traffic is traveling at station site</attrdef><attrdefs>fhwa</attrdefs><attrtype Sync="TRUE">Double</attrtype><attrdomv><edom><edomv>1</edomv><edomvd>north</edomvd><edomvds>fhwa, traffic monitoring guide</edomvds></edom><edom><edomv>2</edomv><edomvd>northeast</edomvd><edomvds>fhwa, traffic monitoring guide</edomvds></edom><edom><edomv>3</edomv><edomvd>east</edomvd><edomvds>fhwa, traffic monitoring guide</edomvds></edom><edom><edomv>4</edomv><edomvd>southeast</edomvd><edomvds>fhwa, traffic monitoring guide</edomvds></edom><edom><edomv>5</edomv><edomvd>south</edomvd><edomvds>fhwa, traffic monitoring guide</edomvds></edom><edom><edomv>6</edomv><edomvd>southwest</edomvd><edomvds>fhwa, traffic monitoring guide</edomvds></edom><edom><edomv>7</edomv><edomvd>west</edomvd><edomvds>fhwa, traffic monitoring guide</edomvds></edom><edom><edomv>8</edomv><edomvd>northwest</edomvd><edomvds>fhwa, traffic monitoring guide</edomvds></edom><edom><edomv>9</edomv><edomvd>North-South or Northeast-Southwest combined (ATR stations only)</edomvd><edomvds>fhwa, traffic monitoring guide</edomvds></edom><edom><edomv>0</edomv><edomvd>East-West or Southeast-Northwest combined (ATR stations only) </edomvd><edomvds>fhwa, traffic monitoring guide</edomvds></edom></attrdomv><attwidth Sync="TRUE">16</attwidth><atprecis Sync="TRUE">15</atprecis><attscale Sync="TRUE">6</attscale></attr><attr xmlns=""><attrlabl>travel_lan</attrlabl><attalias Sync="TRUE">Travel_Lan</attalias><attrdef>Either each lane is considered a separate station or all lanes in each direction are combined.</attrdef><attrdefs>fhwa, traffic monitoring guide</attrdefs><attrdomv><edom><edomv>0</edomv><edomvd>data with lanes combined</edomvd><edomvds>fhwa, traffic monitoring guide</edomvds></edom><edom><edomv>1</edomv><edomvd>outside (rightmost) lane</edomvd><edomvds>fhwa, traffic monitoring guide</edomvds></edom></attrdomv><attrdomv><rdom><rdommin>2</rdommin><rdommax>9</rdommax><rdommean>Other lanes</rdommean></rdom></attrdomv><attrtype Sync="TRUE">Double</attrtype><attwidth Sync="TRUE">16</attwidth><atprecis Sync="TRUE">15</atprecis><attscale Sync="TRUE">6</attscale></attr><attr xmlns=""><attrlabl>f_system</attrlabl><attalias Sync="TRUE">F_System</attalias><attrdefs>fhwa, traffic monitoring guide</attrdefs><attrdomv><edom><edomv>1</edomv><edomvd>principal arterial - interstate</edomvd><edomvds>fhwa, traffic monitoring guide</edomvds></edom><edom><edomv>2</edomv><edomvd>principal arterial - other</edomvd></edom><edom><edomv>6</edomv><edomvd>minor arterial</edomvd><edomvds>fhwa, traffic monitoring guide</edomvds></edom><edom><edomv>7</edomv><edomvd>major collector</edomvd><edomvds>fhwa, traffic monitoring guide</edomvds></edom><edom><edomv>8</edomv><edomvd>minor collector</edomvd><edomvds>fhwa, traffic monitoring guide</edomvds></edom><edom><edomv>9</edomv><edomvd>local system</edomvd><edomvds>fhwa, traffic monitoring guide</edomvds></edom><edom><edomv>11</edomv><edomvd>principal arterial- interstate</edomvd></edom><edom><edomv>12</edomv><edomvd>principal arterial - other freeways or expressways</edomvd><edomvds>fhwa, traffic monitoring guide</edomvds></edom><edom><edomv>14</edomv><edomvd>principal arterial - other</edomvd><edomvds>fhwa, traffic monitoring guide</edomvds></edom><edom><edomv>16</edomv><edomvd>minor arterial</edomvd><edomvds>fhwa, traffic monitoring guide</edomvds></edom><edom><edomv>17</edomv><edomvd>collector</edomvd><edomvds>fhwa, traffic monitoring guide</edomvds></edom><edom><edomv>19</edomv><edomvd>local system</edomvd><edomvds>fhwa, traffic monitoring guide</edomvds></edom></attrdomv><attrtype Sync="TRUE">Double</attrtype><attwidth Sync="TRUE">16</attwidth><atprecis Sync="TRUE">15</atprecis><attscale Sync="TRUE">6</attscale></attr><attr xmlns=""><attrlabl>num_lanes</attrlabl><attalias Sync="TRUE">Num_Lanes</attalias><attrdef>Coded number of lanes in one direction at the site. "9" is coded if there are more than eight lanes.

</attrdef><attrdefs>fhwa, traffic monitoring guide</attrdefs><attrdomv><rdom><rdommin>0</rdommin><rdommax>9</rdommax></rdom></attrdomv><attrtype Sync="TRUE">Double</attrtype><attwidth Sync="TRUE">16</attwidth><atprecis Sync="TRUE">15</atprecis><attscale Sync="TRUE">6</attscale></attr><attr xmlns=""><attrlabl>sample_typ</attrlabl><attalias Sync="FALSE">Sample Typr</attalias><attrdefs>fhwa, traffic monitoring guide</attrdefs><attrdomv><edom><edomv>T</edomv><edomvd>station used for traffic volume trends</edomvd><edomvds>fhwa, traffic monitoring guide</edomvds></edom><edom><edomv>N</edomv><edomvd>station not used for traffic volume trends</edomvd><edomvds>fhwa, traffic monitoring guide</edomvds></edom></attrdomv><attrtype Sync="TRUE">String</attrtype><attwidth Sync="TRUE">254</attwidth><atprecis Sync="TRUE">0</atprecis><attscale Sync="TRUE">0</attscale></attr><attr xmlns=""><attrlabl Sync="FALSE">num_lanes_</attrlabl><attalias Sync="FALSE">number of lanes monitored for traffic volum</attalias><attrtype Sync="TRUE">Double</attrtype><attwidth Sync="TRUE">16</attwidth><atprecis Sync="TRUE">15</atprecis><attscale Sync="TRUE">6</attscale><attrdef>Coded number of lanes in one direction that are monitored at this site. "9" is coded if there are more than eight lanes.

</attrdef><attrdefs>fhwa, traffic monitoring guide</attrdefs><attrdomv><rdom><rdommin>0</rdommin><rdommax>9</rdommax></rdom></attrdomv></attr><attr xmlns=""><attrlabl Sync="FALSE">method_vol</attrlabl><attalias Sync="FALSE">method of traffic volume counting</attalias><attrtype Sync="TRUE">Double</attrtype><attwidth Sync="TRUE">16</attwidth><atprecis Sync="TRUE">15</atprecis><attscale Sync="TRUE">6</attscale><attrdefs>fhwa, traffic monitoring guide</attrdefs><attrdomv><edom><edomv>0</edomv><edomvd>not coded</edomvd><edomvds>fhwa, traffic monitoring guide</edomvds></edom><edom><edomv>1</edomv><edomvd>human observation (manual)</edomvd><edomvds>fhwa, traffic monitoring guide</edomvds></edom><edom><edomv>2</edomv><edomvd>portable traffic recording device</edomvd><edomvds>fhwa, traffic monitoring guide</edomvds></edom><edom><edomv>3</edomv><edomvd>permanent automatic trarffic recorder (ATR)</edomvd><edomvds>fhwa, traffic monitoring guide</edomvds></edom></attrdomv></attr><attr xmlns=""><attrlabl Sync="FALSE">sample_T_1</attrlabl><attalias Sync="FALSE">sample type for vehicle classification</attalias><attrtype Sync="TRUE">String</attrtype><attwidth Sync="TRUE">254</attwidth><atprecis Sync="TRUE">0</atprecis><attscale Sync="TRUE">0</attscale><attrdefs>fhwa, traffic monitoring guide</attrdefs><attrdomv><edom><edomv>H</edomv><edomvd>station used for heavy vehicle travel informstion system</edomvd><edomvds>fhwa, traffic monitoring guide</edomvds></edom><edom><edomv>N</edomv><edomvd>station not used for heavy vehicle travel information system</edomvd><edomvds>fhwa, traffic monitoring guide</edomvds></edom></attrdomv></attr><attr xmlns=""><attrlabl Sync="FALSE">num_lanes1</attrlabl><attalias Sync="FALSE">number of lanes monitored for vehicle classification</attalias><attrtype Sync="TRUE">Double</attrtype><attwidth Sync="TRUE">16</attwidth><atprecis Sync="TRUE">15</atprecis><attscale Sync="TRUE">6</attscale><attrdef>Number coded for number of lanes in one direction that are monitored for vehicle classification at this site. "9" is coded when there are more than eight lanes.

</attrdef><attrdomv><rdom><rdommin>0</rdommin><rdommax>9</rdommax></rdom></attrdomv></attr><attr xmlns=""><attrlabl Sync="FALSE">method_cla</attrlabl><attalias Sync="FALSE">method of vehicle classification</attalias><attrtype Sync="TRUE">String</attrtype><attwidth Sync="TRUE">254</attwidth><atprecis Sync="TRUE">0</atprecis><attscale Sync="TRUE">0</attscale><attrdefs>fhwa, traffic monitoring guide</attrdefs><attrdomv><edom><edomv>NULL</edomv><edomvd>not coded</edomvd></edom><edom><edomv>0</edomv><edomvd>not coded</edomvd></edom><edom><edomv>1</edomv><edomvd>human observation (manual) vehicle classification</edomvd><edomvds>fhwa, traffic monitoring guide</edomvds></edom><edom><edomv>2</edomv><edomvd>portable vehicle classification device</edomvd><edomvds>fhwa, traffic monitoring guide</edomvds></edom><edom><edomv>3</edomv><edomvd>permanent vehicle classification device</edomvd><edomvds>fhwa, traffic monitoring guide</edomvds></edom></attrdomv></attr><attr xmlns=""><attrlabl Sync="FALSE">algorithm_</attrlabl><attalias Sync="FALSE">Algorithm for vehicle classification</attalias><attrtype Sync="TRUE">String</attrtype><attwidth Sync="TRUE">254</attwidth><atprecis Sync="TRUE">0</atprecis><attscale Sync="TRUE">0</attscale><attrdef>type of input and processing used to classify vehicles.</attrdef><attrdefs>fhwa, traffic monitoring guide</attrdefs><attrdomv><edom><edomv>NULL</edomv><edomvd>not coded</edomvd><edomvds>fhwa, traffic monitoring guide</edomvds></edom><edom><edomv>0</edomv><edomvd>not coded</edomvd><edomvds>fhwa, traffic monitoring guide</edomvds></edom><edom><edomv>A</edomv><edomvd>human observation on site (manual)</edomvd><edomvds>fhwa, traffic monitoring guide</edomvds></edom><edom><edomv>B</edomv><edomvd>human observation of vehicle image (e.g., video)</edomvd><edomvds>fhwa, traffic monitoring guide</edomvds></edom><edom><edomv>C</edomv><edomvd>automated interpretation of vehicle image or signature (e.g., video, microwave, sonic) </edomvd><edomvds>fhwa, traffic monitoring guide</edomvds></edom><edom><edomv>D</edomv><edomvd>vehicle length classification</edomvd><edomvds>fhwa, traffic monitoring guide</edomvds></edom><edom><edomv>E</edomv><edomvd>axle spacing with ASTM standard E1572</edomvd><edomvds>fhwa, traffic monitoring guide</edomvds></edom><edom><edomv>F</edomv><edomvd>axle spacing with scheme F</edomvd><edomvds>fhwa, traffic monitoring guide</edomvds></edom><edom><edomv>G</edomv><edomvd>axle spacing with scheme F modified</edomvd><edomvds>fhwa, traffic monitoring guide</edomvds></edom><edom><edomv>H</edomv><edomvd>other axle spacing algorithm</edomvd><edomvds>fhwa, traffic monitoring guide</edomvds></edom><edom><edomv>K</edomv><edomvd>axle spacing and weight algorithm</edomvd><edomvds>fhwa, traffic monitoring guide</edomvds></edom><edom><edomv>L</edomv><edomvd>axle spacing and vehicle length algorithm</edomvd><edomvds>fhwa, traffic monitoring guide</edomvds></edom><edom><edomv>M</edomv><edomvd>axle spacing, weight, and vehicle length algorithm</edomvd><edomvds>fhwa, traffic monitoring guide</edomvds></edom><edom><edomv>N</edomv><edomvd>axle spacing and other input(s) not specified above</edomvd><edomvds>fhwa, traffic monitoring guide</edomvds></edom><edom><edomv>Z</edomv><edomvd>other means not specified above</edomvd><edomvds>fhwa, traffic monitoring guide</edomvds></edom></attrdomv></attr><attr xmlns=""><attrlabl Sync="FALSE">num_classe</attrlabl><attalias Sync="FALSE">classification system for vehicle classification</attalias><attrtype Sync="TRUE">Double</attrtype><attwidth Sync="TRUE">16</attwidth><atprecis Sync="TRUE">15</atprecis><attscale Sync="TRUE">6</attscale><attrdef>This indicates the total number of classes in the vehicle classification system. The default value is 13 which indicates the standard FHWA 13 class system (see Appendix 4-C). The other vehicle classification systems are based on the HPMS and the Traffic Monitoring System (TMS) documentation. The value that is used will determine the number of count fields needed on the Vehicle Classification Record. In the following list the numbers in parentheses are from the FHWA 13 class system:

</attrdef><attrdefs>fhwa, traffic monitoring guide</attrdefs><attrdomv><edom xmlns=""><edomv>1</edomv><edomvd>One class: total volume</edomvd></edom><edom xmlns=""><edomv>2</edomv><edomvd>Two classes: non-commercial (classes 1-3) and commercial (classes 4-13) vehicles</edomvd></edom><edom xmlns=""><edomv>3</edomv><edomvd>Three classes: non-commercial (classes 1-3), single-unit commercial (classes 4-7), combination commercial (classes 8-13) vehicles</edomvd></edom><edom xmlns=""><edomv>4</edomv><edomvd>Four classes: non-commercial (classes 1-3), single-unit commercial (classes 4-7), single-trailer commercial (classes 8-10), multi-trailer commercial (classes 11-13) vehicles</edomvd></edom><edom xmlns=""><edomv>5</edomv><edomvd>Five classes as follows: ◦1 of 5 = two-axle, two or four-tire vehicles (classes 1-3); 2 of 5 = buses (class 4); 3 of 5 = single-unit trucks (classes 5-7); 4 of 5 = single trailer combination trucks (classes 8-10); 5 of 5=multiple-trailer combination trucks (classes 11-13)</edomvd></edom><edom xmlns=""><edomv>13</edomv><edomvd>FHWA's standard 13 class system (see Appendix 4-C)</edomvd></edom><edom xmlns=""><edomv>14</edomv><edomvd>FHWA's 13 class system plus a class 14 (State or vendor defined)</edomvd></edom><edom xmlns=""><edomv>15</edomv><edomvd>FHWA's 13 class system plus classes 14 and 15 (State or vendor defined)</edomvd></edom><edom xmlns=""><edomv>&lt;&gt;</edomv><edomvd>Other numbers = number of classes (unsupported)</edomvd></edom></attrdomv></attr><attr xmlns=""><attrlabl Sync="FALSE">sample_T_2</attrlabl><attalias Sync="FALSE">Sample type for truck weight</attalias><attrtype Sync="TRUE">String</attrtype><attwidth Sync="TRUE">254</attwidth><atprecis Sync="TRUE">0</atprecis><attscale Sync="TRUE">0</attscale><attrdefs>fhwa, traffic monitoring guide</attrdefs><attrdomv><edom><edomv>B</edomv><edomvd>Station used for TMG sample and Strategic Highway Research Program (SHRP) Long Term Pavement Performance (LTPP) sample</edomvd></edom><edom><edomv>L</edomv><edomvd>Station used for SHRP/LTPP sample (but not TMG sample)</edomvd></edom><edom><edomv>T</edomv><edomvd>Station used for TMG sample (but not SHRP/LTPP sample)</edomvd></edom><edom><edomv>N</edomv><edomvd>station not used for any of the above</edomvd></edom></attrdomv></attr><attr xmlns=""><attrlabl Sync="FALSE">num_lane_1</attrlabl><attalias Sync="FALSE">number of lanes monitored for truck weight</attalias><attrtype Sync="TRUE">Double</attrtype><attwidth Sync="TRUE">16</attwidth><atprecis Sync="TRUE">15</atprecis><attscale Sync="TRUE">6</attscale><attrdef>number of lanes in one direction that are monitored for truck weight at this site. "9" is coded when there are more than eight lanes.

</attrdef><attrdefs>fhwa, traffic monitoring guide</attrdefs><attrdomv><rdom><rdommin>0</rdommin><rdommax>9</rdommax></rdom></attrdomv></attr><attr xmlns=""><attrlabl Sync="FALSE">method_tru</attrlabl><attalias Sync="FALSE">method of trucki weighing</attalias><attrtype Sync="TRUE">String</attrtype><attwidth Sync="TRUE">254</attwidth><atprecis Sync="TRUE">0</atprecis><attscale Sync="TRUE">0</attscale><attrdefs>fhwa, traffic monitoring guide</attrdefs><attrdomv><edom><edomv>1</edomv><edomvd>portable statistic scale</edomvd></edom><edom><edomv>2</edomv><edomvd>chassis-mounted, towed static scale</edomvd></edom><edom><edomv>3</edomv><edomvd>platform or pit static scale</edomvd></edom><edom><edomv>4</edomv><edomvd>portable weigh-in-motion system</edomvd></edom><edom><edomv>5</edomv><edomvd>permanent weigh-in-motion system</edomvd></edom></attrdomv></attr><attr xmlns=""><attrlabl Sync="FALSE">calibratio</attrlabl><attalias Sync="FALSE">calibration of weighing system</attalias><attrtype Sync="TRUE">String</attrtype><attwidth Sync="TRUE">254</attwidth><atprecis Sync="TRUE">0</atprecis><attscale Sync="TRUE">0</attscale><attrdef>method used to calibrate the weighing system, e.g., comparing weight-in-motion and weights from static scales.

</attrdef><attrdefs>fhwa, traffic monitoring guide</attrdefs><attrdomv><edom><edomv>A</edomv><edomvd>ASTM standard E1318</edomvd></edom><edom><edomv>B</edomv><edomvd>subset of ASTM standard E1318</edomvd></edom><edom><edomv>C</edomv><edomvd>Combination of test trucks and trucks from the traffic stream (but not ASTM E1318)</edomvd></edom><edom><edomv>D</edomv><edomvd>other sample of trucks from the traffic stream</edomvd></edom><edom><edomv>M</edomv><edomvd>moving average of the steering axle of 3S2s</edomvd></edom><edom><edomv>S</edomv><edomvd>static calibration</edomvd></edom><edom><edomv>T</edomv><edomvd>test trucks only</edomvd></edom><edom><edomv>U</edomv><edomvd>uncalibrated</edomvd></edom><edom><edomv>Z</edomv><edomvd>other method</edomvd></edom></attrdomv></attr><attr xmlns=""><attrlabl Sync="FALSE">data_retri</attrlabl><attalias Sync="FALSE">method of data retrieval</attalias><attrtype Sync="TRUE">Double</attrtype><attwidth Sync="TRUE">16</attwidth><atprecis Sync="TRUE">15</atprecis><attscale Sync="TRUE">6</attscale><attrdefs>fhwa, traffic monitoring guide</attrdefs><attrdomv><edom><edomv>1</edomv><edomvd>not automated (manual)</edomvd></edom><edom><edomv>2</edomv><edomvd>automated (telemetry)</edomvd></edom></attrdomv></attr><attr xmlns=""><attrlabl Sync="FALSE">type_senso</attrlabl><attalias Sync="FALSE">type of sensor</attalias><attrtype Sync="TRUE">String</attrtype><attwidth Sync="TRUE">254</attwidth><atprecis Sync="TRUE">0</atprecis><attscale Sync="TRUE">0</attscale><attrdef>Code the type of sensor used for traffic detection.

</attrdef><attrdomv><edom><edomv>A</edomv><edomvd>Automatic vehicle identification (AVI)</edomvd></edom><edom><edomv>B</edomv><edomvd>bending plate</edomvd></edom><edom><edomv>C</edomv><edomvd>capacitance strip</edomvd></edom><edom><edomv>D</edomv><edomvd>capacitance mat/pad</edomvd></edom><edom><edomv>E</edomv><edomvd>hydraulic load cells</edomvd></edom><edom><edomv>F</edomv><edomvd>fiber optic - NEW</edomvd></edom><edom><edomv>G</edomv><edomvd>strain gauge on bridge beam</edomvd></edom><edom><edomv>H</edomv><edomvd>human observation (manual)</edomvd></edom><edom><edomv>I</edomv><edomvd>infrared</edomvd></edom><edom><edomv>K</edomv><edomvd>laser/lidar</edomvd></edom><edom><edomv>L</edomv><edomvd>inductance loop</edomvd></edom><edom><edomv>M</edomv><edomvd>magnetometer</edomvd></edom><edom><edomv>P</edomv><edomvd>piezoelectric</edomvd></edom><edom><edomv>Q</edomv><edomvd>quartz piezoelectric - NEW</edomvd></edom><edom><edomv>R</edomv><edomvd>road tube</edomvd></edom><edom><edomv>S</edomv><edomvd>sonic/acoustic</edomvd></edom><edom><edomv>T</edomv><edomvd>tape switch</edomvd></edom><edom><edomv>U</edomv><edomvd>ultrasonic</edomvd></edom><edom><edomv>V</edomv><edomvd>video image</edomvd></edom><edom><edomv>W</edomv><edomvd>microwave</edomvd></edom><edom><edomv>X</edomv><edomvd>radio wave</edomvd></edom><edom><edomv>Z</edomv><edomvd>other</edomvd></edom></attrdomv><attrdefs>fhwa, traffic monitoring guide</attrdefs></attr><attr xmlns=""><attrlabl Sync="FALSE">type_sen_1</attrlabl><attalias Sync="FALSE">second type of sensor</attalias><attrtype Sync="TRUE">String</attrtype><attwidth Sync="TRUE">254</attwidth><atprecis Sync="TRUE">0</atprecis><attscale Sync="TRUE">0</attscale><attrdef>If there are two types of sensors at the station, the second is  coded using the same codes as Type of Sensor. Otherwise, "N" is coded.

</attrdef><attrdefs>fhwa, traffic monitoring guide</attrdefs></attr><attr xmlns=""><attrlabl Sync="FALSE">primary_pu</attrlabl><attalias Sync="FALSE">primary purpose</attalias><attrtype Sync="TRUE">String</attrtype><attwidth Sync="TRUE">254</attwidth><atprecis Sync="TRUE">0</atprecis><attscale Sync="TRUE">0</attscale><attrdef>This field indicates the primary purpose for installing the station and hence which organization is responsible for it and supplies the data.

</attrdef><attrdefs>fhwa, traffic monitoring guide</attrdefs><attrdomv><edom><edomv>E</edomv><edomvd>Enforcement purposes (e.g., speed or weight enforcement)</edomvd></edom><edom><edomv>I</edomv><edomvd>Operations purposes in support of ITS initiatives</edomvd></edom><edom><edomv>L</edomv><edomvd>Load data for pavement design or pavement management purposes</edomvd></edom><edom><edomv>O</edomv><edomvd>Operations purposes but not ITS</edomvd></edom><edom><edomv>P</edomv><edomvd>Planning or traffic statistics purposes</edomvd></edom><edom><edomv>R</edomv><edomvd>Research purposes (e.g., LTPP)</edomvd></edom></attrdomv></attr><attr xmlns=""><attrlabl Sync="TRUE">LRS_Id</attrlabl><attalias Sync="FALSE">LRS identification</attalias><attrtype Sync="TRUE">String</attrtype><attwidth Sync="TRUE">254</attwidth><atprecis Sync="TRUE">0</atprecis><attscale Sync="TRUE">0</attscale><attrdef>The LRS Identification reported in this item for the station is the same as the LRS identification reported in the HPMS for the section of roadway where the station is located. The LRS identification is a 12-character, right justified value. The LRS ID can be alphanumeric, but must not contain blanks; leading zeros must be coded. More information concerning the LRS may be found in Chapter V of the HPMS Field Manual, Linear Referencing System Requirements.

</attrdef><attrdefs>fhwa, traffic monitoring guide</attrdefs></attr><attr xmlns=""><attrlabl Sync="FALSE">LRS_point</attrlabl><attalias Sync="FALSE">LRS location point</attalias><attrtype Sync="TRUE">String</attrtype><attwidth Sync="TRUE">254</attwidth><atprecis Sync="TRUE">0</atprecis><attscale Sync="TRUE">0</attscale><attrdef>This is the LRS location point for the station. It is similar information to the LRS Beginning Point and LRS Ending Point in the HPMS. The KMPT for the station must be within the range of the LRS beginning point and LRS ending point for the roadway section upon which the station is located. It is coded in kilometers with an implied decimal in the middle: XXX.XXX.

</attrdef><attrdefs>fhwa, traffic monitoring guide</attrdefs></attr><attr xmlns=""><attrlabl Sync="FALSE">SHRP_id</attrlabl><attalias Sync="FALSE">SHRP site identification</attalias><attrtype Sync="TRUE">String</attrtype><attwidth Sync="TRUE">254</attwidth><atprecis Sync="TRUE">0</atprecis><attscale Sync="TRUE">0</attscale><attrdef>If the site is used in the SHRP/LTPP sample, the SHRP site ID is used here.</attrdef><attrdefs>fhwa, traffic monitoring guide</attrdefs></attr><attr xmlns=""><attrlabl Sync="FALSE">prev_stati</attrlabl><attalias Sync="FALSE">Previous station id</attalias><attrtype Sync="TRUE">String</attrtype><attwidth Sync="TRUE">254</attwidth><atprecis Sync="TRUE">0</atprecis><attscale Sync="TRUE">0</attscale><attrdef>if the station replaces another station, the code used here will be the station id that was used previously.</attrdef><attrdefs>fhwa, traffic monitoring guide</attrdefs></attr><attr xmlns=""><attrlabl Sync="FALSE">year_estab</attrlabl><attalias Sync="FALSE">year station established</attalias><attrtype Sync="TRUE">Double</attrtype><attwidth Sync="TRUE">16</attwidth><atprecis Sync="TRUE">15</atprecis><attscale Sync="TRUE">6</attscale><attrdef>last two digits of the appropriate year if known.</attrdef><attrdefs>fhwa, traffic monitoring guide</attrdefs></attr><attr xmlns=""><attrlabl Sync="FALSE">year_disco</attrlabl><attalias Sync="FALSE">year station discontinued</attalias><attrtype Sync="TRUE">String</attrtype><attwidth Sync="TRUE">254</attwidth><atprecis Sync="TRUE">0</atprecis><attscale Sync="TRUE">0</attscale><attrdef>last two digits of the year the station was closed if known.</attrdef><attrdefs>fhwa, traffic monitoring guide</attrdefs></attr><attr xmlns=""><attrlabl Sync="FALSE">county_cod</attrlabl><attalias Sync="FALSE">FIIPS countyt code</attalias><attrtype Sync="TRUE">Double</attrtype><attwidth Sync="TRUE">16</attwidth><atprecis Sync="TRUE">15</atprecis><attscale Sync="TRUE">6</attscale><attrdef>three-digit FIPS county code (see Federal Information Processing Standards Publication 6, "Counties of the States of the United States").

</attrdef><attrdefs>fhwa, traffic monitoring guide</attrdefs></attr><attr xmlns=""><attrlabl Sync="FALSE">is_sample</attrlabl><attalias Sync="FALSE">HPMS sample type</attalias><attrtype Sync="TRUE">Double</attrtype><attwidth Sync="TRUE">16</attwidth><atprecis Sync="TRUE">15</atprecis><attscale Sync="TRUE">6</attscale><attrdefs>fhwa, traffic monitoring guide</attrdefs><attrdomv><edom><edomv>N</edomv><edomvd>no, not on an HPMS standard sample section</edomvd></edom><edom><edomv>Y</edomv><edomvd>yes, on an HPMS standard sample section</edomvd></edom></attrdomv></attr><attr xmlns=""><attrlabl Sync="FALSE">sample_id</attrlabl><attalias Sync="FALSE">HPMS sample identifier</attalias><attrtype Sync="TRUE">Double</attrtype><attwidth Sync="TRUE">16</attwidth><atprecis Sync="TRUE">15</atprecis><attscale Sync="TRUE">6</attscale><attrdef>If the station is on an HPMS standard sample section, the HPMS Sample Identifier per the HPMS Field Manual (Item 47) is used here.

</attrdef><attrdefs>fhwa, traffic monitoring guide</attrdefs></attr><attr xmlns=""><attrlabl Sync="FALSE">nhs</attrlabl><attalias Sync="FALSE">national highway system</attalias><attrtype Sync="TRUE">Double</attrtype><attwidth Sync="TRUE">16</attwidth><atprecis Sync="TRUE">15</atprecis><attscale Sync="TRUE">6</attscale><attrdefs>fhwa, traffic monitoring guide</attrdefs><attrdomv><edom><edomv>N</edomv><edomvd>no, not on the national  highway system</edomvd></edom><edom><edomv>Y</edomv><edomvd>yes, on natiional highway system</edomvd></edom></attrdomv></attr><attr xmlns=""><attrlabl Sync="FALSE">posted_rou</attrlabl><attalias Sync="FALSE">posted route signing</attalias><attrtype Sync="TRUE">Double</attrtype><attwidth Sync="TRUE">16</attwidth><atprecis Sync="TRUE">15</atprecis><attscale Sync="TRUE">6</attscale><attrdef>this is the same as route signing in HPMS Field Manual (item 22)</attrdef><attrdefs>fhwa, traffic monitoring guide</attrdefs><attrdomv><edom><edomv>0</edomv><edomvd>not signed</edomvd></edom><edom><edomv>1</edomv><edomvd>interstate</edomvd></edom><edom><edomv>2</edomv><edomvd>U.S.</edomvd></edom><edom><edomv>3</edomv><edomvd>state</edomvd></edom><edom><edomv>4</edomv><edomvd>off-interstate business marker</edomvd></edom><edom><edomv>5</edomv><edomvd>county</edomvd></edom><edom><edomv>6</edomv><edomvd>township</edomvd></edom><edom><edomv>7</edomv><edomvd>municipal</edomvd></edom><edom><edomv>8</edomv><edomvd>parkway or forest route marker</edomvd></edom><edom><edomv>9</edomv><edomvd>none of the above</edomvd></edom></attrdomv></attr><attr xmlns=""><attrlabl Sync="FALSE">posted_sig</attrlabl><attalias Sync="FALSE">posted signed route number</attalias><attrtype Sync="TRUE">Double</attrtype><attwidth Sync="TRUE">16</attwidth><atprecis Sync="TRUE">15</atprecis><attscale Sync="TRUE">6</attscale><attrdef>route number of the principal route on which the station is located. If the station is located on a city street, zero-fill this field. This is the same as Signed Route Number in HPMS Field Manual (Item 24).

</attrdef></attr><attr xmlns=""><attrlabl Sync="FALSE">con_route_</attrlabl><attalias Sync="FALSE">concurrent route signing</attalias><attrtype Sync="TRUE">Double</attrtype><attwidth Sync="TRUE">16</attwidth><atprecis Sync="TRUE">15</atprecis><attscale Sync="TRUE">6</attscale><attrdef>Code same as Posted Route Signing for concurrent route if there is one.

</attrdef></attr><attr xmlns=""><attrlabl Sync="TRUE">Con_Signed</attrlabl><attalias Sync="FALSE">concurrent signed route number</attalias><attrtype Sync="TRUE">String</attrtype><attwidth Sync="TRUE">254</attwidth><atprecis Sync="TRUE">0</atprecis><attscale Sync="TRUE">0</attscale><attrdef>Code same as Posted Signed Route Number for concurrent route if there is one.

</attrdef></attr><attr xmlns=""><attrlabl Sync="TRUE">Station_Lo</attrlabl><attalias Sync="FALSE">station location</attalias><attrtype Sync="TRUE">String</attrtype><attwidth Sync="TRUE">254</attwidth><atprecis Sync="TRUE">0</atprecis><attscale Sync="TRUE">0</attscale><attrdef>stations located on a numbered route, the distance and direction of the station from the nearest major intersecting route or state border or landmark on state road maps is coded here. If the station is located on a city street, enter the city and street name. Abbreviate if necessary. Left justify</attrdef></attr></detailed></eainfo><mdLang><languageCode value="eng" Sync="TRUE"/><countryCode value="USA" Sync="TRUE"/></mdLang><distInfo xmlns=""><distFormat xmlns=""><formatName Sync="TRUE">Shapefile</formatName></distFormat><distTranOps xmlns=""><transSize Sync="TRUE">0.402</transSize><onLineSrc xmlns=""><linkage>http://www.bts.gov/programs/geographic_information_services/</linkage></onLineSrc></distTranOps><distributor xmlns=""><distorCont xmlns=""><rpIndName>Steve Jessberger</rpIndName><rpOrgName>FHWA</rpOrgName><rpPosName>Program Manager</rpPosName><rpCntInfo xmlns=""><cntAddress addressType=""><delPoint>1200 New Jersey Ave. SE</delPoint><city>Washington</city><adminArea>DC</adminArea><postCode>20590</postCode><eMailAdd>steven.jessberger@dot.gov</eMailAdd></cntAddress><cntPhone><voiceNum tddtty="">202-366-5052</voiceNum></cntPhone><cntInstr>Program manager of Travel Monitoring Analysis System (TMAS)</cntInstr></rpCntInfo><displayName>Steve Jessberger</displayName></distorCont></distributor><distributor xmlns=""><distorCont xmlns=""><rpOrgName>Research and Innovative Technology Administration/Bureau of Transportation Statistics</rpOrgName><rpCntInfo xmlns=""><cntAddress addressType=""><delPoint>1200 New Jersey Ave. SE</delPoint><city>Washington</city><adminArea>DC</adminArea><postCode>20590</postCode><eMailAdd>answers@BTS.gov</eMailAdd></cntAddress><cntPhone><voiceNum tddtty="">202-366-DATA</voiceNum></cntPhone></rpCntInfo><role><RoleCd value="005"/></role><rpIndName>National Transportation Atlas Database (NTAD) 2013</rpIndName><rpPosName>Geospatial Information Systems</rpPosName><displayName>Research and Innovative Technology Administration/Bureau of Transportation Statistics</displayName></distorCont><distorOrdPrc xmlns=""><ordInstr>Call (202-366-DATA), or E-mail (answers@bts.gov) RITA/BTS to request the National Transportation Atlas Databases (NTAD) 2013 DVD. The NTAD DVD can be ordered from the online bookstore at www.bts.gov. Individual datasets from the NTAD can also be downloaded from the Office of Geospatial Information Systems website at http://www.bts.gov/programs/geographic_information_services/</ordInstr></distorOrdPrc><distorFormat xmlns=""><formatName>ESRI Shapefile</formatName><formatVer>2013</formatVer></distorFormat><distorTran xmlns=""><offLineMed xmlns=""><medName><MedNameCd value="002"/></medName></offLineMed></distorTran><distorTran xmlns=""><onLineSrc xmlns=""><orDesc>National Transportation Atlas Databases (NTAD) 2013</orDesc></onLineSrc></distorTran></distributor></distInfo><mdHrLv><ScopeCd value="005" Sync="TRUE"/></mdHrLv><mdHrLvName Sync="TRUE">dataset</mdHrLvName><refSysInfo><RefSystem dimension=""><refSysID xmlns=""><identCode code="4326" Sync="TRUE" value="4326"/><idCodeSpace Sync="TRUE">EPSG</idCodeSpace><idVersion Sync="TRUE">7.9.4</idVersion></refSysID></RefSystem></refSysInfo><spatRepInfo><VectSpatRep><geometObjs Name="tmas"><geoObjTyp><GeoObjTypCd value="004" Sync="TRUE"></GeoObjTypCd></geoObjTyp><geoObjCnt Sync="TRUE">15035</geoObjCnt></geometObjs><topLvl><TopoLevCd value="001" Sync="TRUE"></TopoLevCd></topLvl></VectSpatRep></spatRepInfo><spdoinfo><ptvctinf><esriterm Name="tmas"><efeatyp Sync="TRUE">Simple</efeatyp><efeageom code="1" Sync="TRUE"></efeageom><esritopo Sync="TRUE">FALSE</esritopo><efeacnt Sync="TRUE">15035</efeacnt><spindex Sync="TRUE">TRUE</spindex><linrefer Sync="TRUE">FALSE</linrefer></esriterm></ptvctinf></spdoinfo><mdDateSt Sync="TRUE">20130412</mdDateSt><mdContact xmlns=""><rpIndName>Steve Jessberger</rpIndName><rpOrgName>FHWA</rpOrgName><rpPosName>Program Manager</rpPosName><rpCntInfo><cntAddress addressType=""><delPoint>1200 New Jersey Ave. SE</delPoint><city>Washington</city><adminArea>DC</adminArea><postCode>20590</postCode><eMailAdd>steven.jessberger@dot.gov</eMailAdd></cntAddress><cntPhone><voiceNum tddtty="">202-366-5052</voiceNum></cntPhone><cntInstr>Program manager of Travel Monitoring Analysis System (TMAS)</cntInstr></rpCntInfo><displayName>Steve Jessberger</displayName></mdContact><mdContact xmlns=""><rpOrgName>Research and Innovative Technology Administration/Bureau of Transportation Statistics</rpOrgName><rpCntInfo xmlns=""><cntAddress addressType=""><delPoint>1200 New Jersey Ave. SE</delPoint><city>Washington</city><adminArea>DC</adminArea><postCode>20590</postCode><eMailAdd>answers@BTS.gov</eMailAdd></cntAddress><cntPhone><voiceNum tddtty="">202-366-DATA</voiceNum></cntPhone></rpCntInfo><role><RoleCd value="005"/></role><rpIndName>National Transportation Atlas Database (NTAD) 2013</rpIndName><rpPosName>Geospatial Information Systems</rpPosName><displayName>Research and Innovative Technology Administration/Bureau of Transportation Statistics</displayName></mdContact><mdMaint xmlns=""><maintFreq><MaintFreqCd value="009"/></maintFreq><maintCont xmlns=""><rpIndName>Steve Jessberger</rpIndName><rpOrgName>FHWA</rpOrgName><rpPosName>Program Manager</rpPosName><rpCntInfo xmlns=""><cntAddress addressType=""><delPoint>1200 New Jersey Ave. SE</delPoint><city>Washington</city><adminArea>DC</adminArea><postCode>20590</postCode><eMailAdd>steven.jessberger@dot.gov</eMailAdd></cntAddress><cntPhone><voiceNum tddtty="">202-366-5052</voiceNum></cntPhone><cntInstr>Program manager of Travel Monitoring Analysis System (TMAS)</cntInstr></rpCntInfo><displayName>Steve Jessberger</displayName></maintCont></mdMaint><mdChar><CharSetCd value="004"/></mdChar><mdHrLv><ScopeCd value="019"/></mdHrLv></metadata>
