<metadata xml:lang="en"><Esri><CreaDate>20130401</CreaDate><CreaTime>08584000</CreaTime><ArcGISFormat>1.0</ArcGISFormat><ArcGISstyle>ISO 19139 Metadata Implementation Specification</ArcGISstyle><SyncOnce>FALSE</SyncOnce><DataProperties><itemProps><itemLocation><linkage Sync="FALSE">withheld</linkage><protocol Sync="TRUE">Local Area Network</protocol></itemLocation><itemName Sync="TRUE">waterwaynd</itemName><imsContentType Sync="TRUE" export="False">002</imsContentType><nativeExtBox><westBL Sync="TRUE">-179.312100</westBL><eastBL Sync="TRUE">179.135190</eastBL><southBL Sync="TRUE">-53.000000</southBL><northBL Sync="TRUE">72.199720</northBL><exTypeCode Sync="TRUE">1</exTypeCode></nativeExtBox><itemSize Sync="TRUE">0.167</itemSize></itemProps><coordRef><type Sync="TRUE">Geographic</type><geogcsn Sync="TRUE">GCS_WGS_1984</geogcsn><csUnits Sync="TRUE">Angular Unit: Degree (0.017453)</csUnits><peXml Sync="TRUE">&lt;GeographicCoordinateSystem xsi:type='typens:GeographicCoordinateSystem' xmlns:xsi='http://www.w3.org/2001/XMLSchema-instance' xmlns:xs='http://www.w3.org/2001/XMLSchema' xmlns:typens='http://www.esri.com/schemas/ArcGIS/10.1'&gt;&lt;WKT&gt;GEOGCS[&amp;quot;GCS_WGS_1984&amp;quot;,DATUM[&amp;quot;D_WGS_1984&amp;quot;,SPHEROID[&amp;quot;WGS_1984&amp;quot;,6378137.0,298.257223563]],PRIMEM[&amp;quot;Greenwich&amp;quot;,0.0],UNIT[&amp;quot;Degree&amp;quot;,0.0174532925199433],METADATA[&amp;quot;World&amp;quot;,-180.0,-90.0,180.0,90.0,0.0,0.0174532925199433,0.0,1262],AUTHORITY[&amp;quot;EPSG&amp;quot;,4326]]&lt;/WKT&gt;&lt;XOrigin&gt;-400&lt;/XOrigin&gt;&lt;YOrigin&gt;-400&lt;/YOrigin&gt;&lt;XYScale&gt;11258999068426.238&lt;/XYScale&gt;&lt;ZOrigin&gt;-100000&lt;/ZOrigin&gt;&lt;ZScale&gt;10000&lt;/ZScale&gt;&lt;MOrigin&gt;-100000&lt;/MOrigin&gt;&lt;MScale&gt;10000&lt;/MScale&gt;&lt;XYTolerance&gt;8.983152841195215e-009&lt;/XYTolerance&gt;&lt;ZTolerance&gt;0.001&lt;/ZTolerance&gt;&lt;MTolerance&gt;0.001&lt;/MTolerance&gt;&lt;HighPrecision&gt;true&lt;/HighPrecision&gt;&lt;LeftLongitude&gt;-180&lt;/LeftLongitude&gt;&lt;WKID&gt;4326&lt;/WKID&gt;&lt;LatestWKID&gt;4326&lt;/LatestWKID&gt;&lt;/GeographicCoordinateSystem&gt;</peXml></coordRef></DataProperties><ModDate>20130430</ModDate><ModTime>11092800</ModTime><ArcGISProfile>ISO19139</ArcGISProfile><SyncDate>20130430</SyncDate><SyncTime>11092800</SyncTime><scaleRange><minScale>150000000</minScale><maxScale>5000</maxScale></scaleRange></Esri><mdLang><languageCode value="eng"/><countryCode value="USA" Sync="TRUE"/></mdLang><mdChar><CharSetCd value="004"/></mdChar><mdHrLv><ScopeCd value="005"/></mdHrLv><mdContact><rpIndName>Office of Geospatial Information Systems</rpIndName><rpOrgName>Research and Innovative Technology Administration's Bureau of Transportation Statistics (RITA/BTS)</rpOrgName><rpCntInfo><cntPhone><voiceNum>202-366-DATA</voiceNum></cntPhone><cntAddress addressType="both"><delPoint>1200 New Jersey Ave. SE</delPoint><city>Washington</city><adminArea>DC</adminArea><postCode>20590</postCode><country>US</country><eMailAdd>answers@bts.gov</eMailAdd></cntAddress></rpCntInfo><role><RoleCd value="007"/></role></mdContact><mdStanName>ArcGIS Metadata</mdStanName><mdStanVer>1.0</mdStanVer><distInfo><distributor><distorCont><rpIndName>Office of Geospatial Information Systems</rpIndName><rpOrgName>Research and Innovative Technology Administration's Bureau of Transportation Statistics (RITA/BTS)</rpOrgName><rpCntInfo><cntPhone><voiceNum tddtty="">202-366-DATA</voiceNum></cntPhone><cntAddress addressType="both"><delPoint>1200 New Jersey Ave. SE</delPoint><city>Washington</city><adminArea>District of Columbia</adminArea><postCode>20590</postCode><country>US</country><eMailAdd>answers@bts.gov</eMailAdd></cntAddress></rpCntInfo><role><RoleCd value="005"/></role></distorCont><distorOrdPrc><resFees units="">None</resFees><planAvDtTm>2011-01-01T00:00:00</planAvDtTm><ordInstr>Call (202-366-DATA), or E-mail (answers@bts.gov) RITA/BTS to request the National Transportation Atlas Databases (NTAD) 2013 DVD.The NTAD DVD can be ordered from the online bookstore at www.bts.gov. Individual datasets from the NTAD can also be downloaded from the Office of Geospatial Information Systems website at http://www.bts.gov/programs/geographic_information_services/.</ordInstr></distorOrdPrc><distorFormat><formatName>ESRI Shapefile</formatName><formatVer>10.1</formatVer><fileDecmTech>No compression applied. However, if using digital transfer online option, note access instructions.</fileDecmTech></distorFormat><distorTran><transSize>3.75</transSize><offLineMed><medName><MedNameCd value="002"/></medName><medDensity>650</medDensity><medDenUnits>megabytes</medDenUnits><medFormat><MedFormCd value="004"/></medFormat></offLineMed></distorTran><distorTran><onLineSrc><orDesc>National Transportation Atlas Databases (NTAD) 2013</orDesc></onLineSrc></distorTran></distributor><distTranOps><onLineSrc><linkage>http://www.bts.gov/programs/geographic_information_services/</linkage></onLineSrc><transSize Sync="TRUE">0.167</transSize></distTranOps><distFormat><formatName Sync="TRUE">Shapefile</formatName></distFormat></distInfo><dataIdInfo><idCitation xmlns=""><date><pubDate>2011-01-01</pubDate></date><citRespParty><rpOrgName>U.S. Army Corps of Engineers Navigation Data Center</rpOrgName><rpCntInfo><cntAddress addressType=""><delPoint>New Orleans, LA</delPoint></cntAddress></rpCntInfo><role><RoleCd value="006"/></role></citRespParty><citRespParty><rpOrgName>Vanderbilt Engineering Center for Transportation Operations and Research Vanderbilt University</rpOrgName><role><RoleCd value="006"/></role></citRespParty><collTitle>National Transportation Atlas Databases (NTAD) 2013</collTitle><citOnlineRes><linkage>http://www.bts.gov/programs/geographic_information_services/</linkage></citOnlineRes><resTitle Sync="TRUE">waterwaynd</resTitle><presForm xmlns=""><PresFormCd value="005" Sync="TRUE"/></presForm><citRespParty><rpIndName>Office of Geospatial Information Systems</rpIndName><rpOrgName>Research and Innovative Technology Administration's Bureau of Transportation Statistics (RITA/BTS)</rpOrgName><rpCntInfo><cntPhone><voiceNum tddtty="">202-366-DATA</voiceNum></cntPhone><cntAddress addressType="both"><delPoint>1200 New Jersey Ave. SE</delPoint><city>Washington</city><adminArea>District of Columbia</adminArea><postCode>20590</postCode><country>US</country><eMailAdd>answers@bts.gov</eMailAdd></cntAddress></rpCntInfo><role><RoleCd value="005"/></role><displayName>Office of Geospatial Information Systems</displayName><rpPosName>National Transportation Atlas Database (NTAD) 2013</rpPosName></citRespParty></idCitation><idAbs>&lt;DIV STYLE="text-align:Left;"&gt;&lt;DIV&gt;&lt;DIV&gt;&lt;P&gt;&lt;SPAN&gt;The National Waterway Network is a comprehensive network database of the nation's navigable waterways. The data set covers the 48 contiguous states plus the District of Columbia, Hawaii, Alaska, Puerto Rico and water links between. The nominal scale of the dataset varies with the source material. The majority of the information is at 1:100,000 with larger scales used in harbor/bay/port areas and smaller scales used in open waters.&lt;/SPAN&gt;&lt;/P&gt;&lt;/DIV&gt;&lt;/DIV&gt;&lt;/DIV&gt;</idAbs><idPurp>The National Waterway Network is a geographic database of navigable waterways in and around the United States, for analytical studies of waterway performance, for compiling commodity flow statistics, and for mapping purposes.</idPurp><idCredit>The National Waterway Network was created on behalf of the Research and Innovative Technology Administration's Bureau of Transportation Statistics, the U.S. Army Corps of Engineers, the U.S. Bureau of Census, and the U.S. Coast Guard by Vanderbilt University and Oak Ridge National Laboratory. Additional agencies with input into network development include Volpe National Transportation Systems Center, Maritime Administration, Military Traffic Management Command, Tennessee Valley Authority, U.S. Environmental Protection Agency, and the Federal Railroad Administration.</idCredit><idStatus><ProgCd value="007"/></idStatus><idPoC><rpIndName>Susan Hassett</rpIndName><rpOrgName>Waterborne Commerce Statistics Center</rpOrgName><rpCntInfo><cntPhone><voiceNum tddtty="">504-862-1453</voiceNum><faxNum>504.862.1423</faxNum></cntPhone><cntAddress addressType="both"><delPoint>P.O. Box 61280</delPoint><city>New Orleans</city><adminArea>LA</adminArea><postCode>70161-1280</postCode><country>US</country><eMailAdd>CEIWR-NDCWCSC.WEBMASTER@usace.army.mil</eMailAdd></cntAddress></rpCntInfo><role><RoleCd value="007"/></role></idPoC><resMaint><maintFreq><MaintFreqCd value="001"/></maintFreq></resMaint><placeKeys xmlns=""><thesaName><resTitle>USA</resTitle></thesaName><keyword>Intracoastal waterway</keyword><keyword>Great Lakes</keyword><keyword>United States</keyword><keyword>Puerto Rico</keyword><keyword>Gulf of Mexico</keyword></placeKeys><stratKeys xmlns=""><keyword>ground</keyword></stratKeys><tempKeys xmlns=""><keyword>2008</keyword><keyword>2007</keyword><keyword>2009</keyword><keyword>2011</keyword><keyword>2006</keyword><keyword>2010</keyword><keyword>2012</keyword><keyword>2013</keyword></tempKeys><themeKeys xmlns=""><thesaName><resTitle>waterway network</resTitle></thesaName><keyword>network</keyword><keyword>waterway</keyword><keyword>transportation</keyword></themeKeys><searchKeys><keyword>2008</keyword><keyword>2007</keyword><keyword>network</keyword><keyword>2009</keyword><keyword>Intracoastal waterway</keyword><keyword>waterway</keyword><keyword>2011</keyword><keyword>2006</keyword><keyword>Great Lakes</keyword><keyword>United States</keyword><keyword>transportation</keyword><keyword>Puerto Rico</keyword><keyword>ground</keyword><keyword>Gulf of Mexico</keyword><keyword>2010</keyword><keyword>2012</keyword><keyword>2013</keyword></searchKeys><resConst><LegConsts><useLimit>None</useLimit></LegConsts></resConst><resConst><SecConsts><class><ClasscationCd value="001"/></class><classSys>None</classSys><handDesc>None</handDesc></SecConsts></resConst><resConst><Consts><useLimit>&lt;DIV STYLE="text-align:Left;"&gt;&lt;DIV&gt;&lt;DIV&gt;&lt;P&gt;&lt;SPAN&gt;Acknowledgment of the Research and Innovative Technology Administration's Bureau of Transportation Statistics (RITA/BTS) National Transportation Atlas Databases (NTAD) 2013 would be appreciated in products derived from these data.&lt;/SPAN&gt;&lt;/P&gt;&lt;/DIV&gt;&lt;/DIV&gt;&lt;/DIV&gt;</useLimit></Consts></resConst><aggrInfo><aggrDSName><resTitle>National Transportation Atlas Databases (NTAD) 2013</resTitle><date><pubDate>2011-01-01</pubDate></date><citRespParty><rpOrgName>Research and Innovative Technology Administration's Bureau of Transportation Statistics (RITA/BTS)</rpOrgName><rpCntInfo><cntAddress><delPoint>Washington, DC</delPoint></cntAddress></rpCntInfo><role><RoleCd value="010"/></role></citRespParty><citRespParty><rpOrgName>Research and Innovative Technology Administration's Bureau of Transportation Statistics (RITA/BTS)</rpOrgName><role><RoleCd value="006"/></role></citRespParty><presForm><PresFormCd value="005"/></presForm><presForm><fgdcGeoform>vector digital data</fgdcGeoform></presForm><citOnlineRes><linkage>http://www.bts.gov/programs/geographic_information_services/</linkage></citOnlineRes></aggrDSName><assocType><AscTypeCd value="001"/></assocType></aggrInfo><aggrInfo><aggrDSName><resTitle>National Transportation Atlas Databases (NTAD) 2013</resTitle><date><pubDate>2011-01-01</pubDate></date><citRespParty><rpOrgName>Research and Innovative Technology Administration's Bureau of Transportation Statistics (RITA/BTS)</rpOrgName><role><RoleCd value="006"/></role></citRespParty><citRespParty><rpOrgName>Research and Innovative Technology Administration's Bureau of Transportation Statistics (RITA/BTS)</rpOrgName><rpCntInfo><cntAddress><delPoint>Washington, DC</delPoint></cntAddress></rpCntInfo><role><RoleCd value="010"/></role></citRespParty><presForm><PresFormCd value="005"/></presForm><presForm><fgdcGeoform>vector digital data</fgdcGeoform></presForm><citOnlineRes><linkage>http://www.bts.gov/programs/geographic_information_services/</linkage></citOnlineRes></aggrDSName><assocType><AscTypeCd value="002"/></assocType></aggrInfo><dataLang><languageCode value="eng"/><countryCode value="USA" Sync="TRUE"/></dataLang><dataExt><exDesc>publication date</exDesc><tempEle><TempExtent><exTemp><TM_Instant><tmPosition>2011-01-01</tmPosition></TM_Instant></exTemp></TempExtent></tempEle></dataExt><suppInfo>Links in the waterway network represent actual shipping lanes or serve as representative paths in open water where no defined shipping lanes exist. Nodes may represent physical entities such as river confluences, ports/facilities, and intermodal terminals, US Army Corps of Engineers (USACE nodes), or may be inserted for analytical purposes. Approximately 180 USACE ports are geo-coded in the node database.</suppInfo><dataChar><CharSetCd value="004"/></dataChar><envirDesc Sync="TRUE">Microsoft Windows 7 Version 6.1 (Build 7601) Service Pack 1; Esri ArcGIS 10.1.0.3035</envirDesc><spatRpType><SpatRepTypCd value="001" Sync="TRUE"/></spatRpType><dataExt><geoEle xmlns=""><GeoBndBox esriExtentType="search"><exTypeCode Sync="TRUE">1</exTypeCode><westBL Sync="TRUE">-179.312100</westBL><eastBL Sync="TRUE">179.135190</eastBL><northBL Sync="TRUE">72.199720</northBL><southBL Sync="TRUE">-53.000000</southBL></GeoBndBox></geoEle></dataExt><tpCat><TopicCatCd value="018"/></tpCat><tpCat><TopicCatCd value="012"/></tpCat></dataIdInfo><dqInfo><dqScope><scpLvl><ScopeCd value="005"/></scpLvl></dqScope><report type="DQConcConsis" dimension=""><measDesc>RITA/BTS quality checks were to cross reference the dataset with the state dataset to determine if the spatial data and attribute data were accurate within each state</measDesc></report><report type="DQCompOm" dimension=""><measDesc>None</measDesc></report><report type="DQQuanAttAcc" dimension=""><measDesc>Attribute accuracy is tested by manual comparison of the source with hard copy printouts and/or symbolized display of digital line graphs on an interactive computer graphic system; selected attributes that cannot be visually verified on plots or on screen, are interactively queried and verified on screen.</measDesc></report><report type="DQAbsExtPosAcc" dimension="horizontal"><measDesc>The "shape source" field in the link database, and the "node source" field in the node database indicate the data sources used to derive link and node placements. The accuracy of each network element is correlated to the data source used to derive that element. For example, links and nodes derived from 1:100,000 scale DLGs are more accurate than links and nodes derived from 1:500,000 scale NOAA Navigational Charts. Links with unknown/missing sources are usually schematic representations of USACE links. Off-Shore: NOAA Charts vary in scale. Larger scale charts were used in harbor/port areas, while smaller scale charts were used in open water. For channels, sea lanes, and Intracoastal Waterways, shape points were placed as needed to ensure that link segments fall within waterway boundaries. Inland: Links digitized from 1:100,000 DLG files, or large scale NOAA charts are the most accurate representations. Shape points were placed as needed to ensure that link segments fall between waterway shorelines. Links derived from Corps milepoints have shape points approximately one mile apart. The Corps milepoints were mainly derived from 1:24,000 and 1:100,000 scale maps. Therefore, the shape points derived from Corps milepoints are often as accurate as shape points derived from 1:100,000 DLG files. However, line segments connecting the shape points may not accurately represent the curvature of the waterway.</measDesc></report><dataLineage><prcStep><stepDesc>Heads-up digitizing of WWAY10 to add shape points to inland waterways where straight links still existed. Incorporation of comments from users (Vanderbilt, ORNL, and USACE Waterborne Commerce Statistics Center) of WWAY10 and error correction.</stepDesc><stepDateTm>1995-01-01T00:00:00</stepDateTm><stepProc><rpIndName>Mike Dimaiuta</rpIndName><rpOrgName>Vanderbilt Engineering Center for Transportation Operations and Research</rpOrgName><rpCntInfo><cntPhone><voiceNum>6153223683</voiceNum><faxNum>6153223365</faxNum></cntPhone><cntAddress addressType="both"><delPoint>Box , Station B</delPoint><city>Nashville</city><adminArea>TN</adminArea><postCode>37235</postCode><country>United States of America</country><eMailAdd>dimaiuma@vuse.vanderbilt.edu</eMailAdd></cntAddress></rpCntInfo><role><RoleCd value="009"/></role></stepProc><stepSrc type="used"><srcCitatn><resAltTitle>WWAY10</resAltTitle></srcCitatn></stepSrc><stepSrc type="used"><srcCitatn><resAltTitle>DLG</resAltTitle></srcCitatn></stepSrc><stepSrc type="produced"><srcCitatn><resAltTitle>WWAY11</resAltTitle></srcCitatn></stepSrc></prcStep><prcStep><stepDesc>Merging of inland and offshore waterway networks. A specialized program was written to merge the two networks. In general, Vanderbilt node locations were accepted as authoritative when both data sets had the same elements. This meant moving an Oak Ridge link incident to that node. If the link was classified geographically ocean or Great Lakes, and a Vanderbilt link or chain existed with the same ID and endpoints, the Oak Ridge link was discarded, after transfer of Oak Ridge attributes. If the Oak Ridge link was within 2 km of the new end nodes' location: and 1) if a duplicate Vanderbilt link existed with a higher source code, it replace the Oak Ridge link, or 2) the Oak Ridge link was moved by a logistic adjustment to the new location. (This causes modest disruption to the preponderance of the shape, yet assured that the angle of approach to the displaced end node location was preserved.) If the link was functionally classed "deep draft" and a duplicate Vanderbilt link had an authoritative source code, the Oak Ridge link was replaced. Otherwise an additional shape point was added at the end to snap to the new node location without disrupting the original link shape. If the link had a Vanderbilt duplicate with the same ID, the Oak Ridge link was so flagged to be manually resolved. The composite network was then cleaned manually, resolving all cases of still remaining duplicate links and deciding case-by-case how to smooth or otherwise accommodate a highly displaced Oak Ridge shape into the Vanderbilt digitized node location, using TIGER shorelines as a background.</stepDesc><stepDateTm>1994-01-01T00:00:00</stepDateTm><stepProc><rpIndName>Bruce Peterson</rpIndName><rpOrgName>Oak Ridge National Laboratory</rpOrgName><rpCntInfo><cntPhone><voiceNum tddtty="">6155744419</voiceNum><faxNum>6155743895</faxNum></cntPhone><cntAddress addressType="both"><delPoint>Oak Ridge National Laboratory</delPoint><city>Oak Ridge</city><adminArea>TN</adminArea><country>United States of America</country><eMailAdd>gto@stc10.ctd.ornl.gov</eMailAdd></cntAddress></rpCntInfo><role><RoleCd value="009"/></role></stepProc><stepSrc type="used"><srcCitatn><resAltTitle>TIGER</resAltTitle></srcCitatn></stepSrc><stepSrc type="used"><srcCitatn><resAltTitle>VUWW</resAltTitle></srcCitatn></stepSrc><stepSrc type="used"><srcCitatn><resAltTitle>ORWW</resAltTitle></srcCitatn></stepSrc><stepSrc type="produced"><srcCitatn><resAltTitle>WWAY10</resAltTitle></srcCitatn></stepSrc></prcStep><prcStep><stepDesc>Specification of offshore, coastal and Great Lake network nodes and links on NOAA, followed by direct digitization of specified nodes and links.</stepDesc><stepDateTm>1995-01-01T00:00:00</stepDateTm><stepProc><rpIndName>Mike Dimaiuta</rpIndName><rpOrgName>Vanderbilt Engineering Center for Transportation Operations and Research</rpOrgName><rpCntInfo><cntPhone><voiceNum>6153223683</voiceNum><faxNum>6153223365</faxNum></cntPhone><cntAddress addressType="both"><delPoint>Box , Station B</delPoint><city>Nashville</city><adminArea>TN</adminArea><postCode>37235</postCode><country>United States of America</country><eMailAdd>dimaiuma@vuse.vanderbilt.edu</eMailAdd></cntAddress></rpCntInfo><role><RoleCd value="009"/></role></stepProc><stepSrc type="used"><srcCitatn><resAltTitle>NOAA</resAltTitle></srcCitatn></stepSrc></prcStep><prcStep><stepDesc>Upgrades to link shape and attribute data based on information from US Army Corps of Engineers CWIS projects as published in their digital projects notebook. Includes the addition of new links, removal of unnecessary links/nodes, and splitting of links to more effectively relate the digital waterway network to the physical network as maintained by the Corps of Engineers.</stepDesc><stepDateTm>1999-01-01T00:00:00</stepDateTm><stepProc><rpIndName>Kevin Little</rpIndName><rpOrgName>Vanderbilt Engineering Center for Transportation Operations and Research</rpOrgName><rpCntInfo><cntPhone><voiceNum>615.322.3696</voiceNum><faxNum>615.322.3365</faxNum></cntPhone><cntAddress addressType="both"><delPoint>Vanderbilt University, Box 1625, Station B</delPoint><city>Nashville</city><adminArea>TN</adminArea><country>United States of America</country><eMailAdd>krl@vuse.vanderbilt.edu</eMailAdd></cntAddress></rpCntInfo><role><RoleCd value="009"/></role></stepProc><stepSrc type="used"><srcCitatn><resAltTitle>DPN</resAltTitle></srcCitatn></stepSrc><stepSrc type="used"><srcCitatn><resAltTitle>WTWY20</resAltTitle></srcCitatn></stepSrc></prcStep><prcStep><stepDesc>Extraction of spatial and type attributes for waterway features from NA, DLG and TIGER</stepDesc><stepDateTm>1994-01-01T00:00:00</stepDateTm><stepProc><rpIndName>Bruce Peterson</rpIndName><rpOrgName>Oak Ridge National Laboratory</rpOrgName><rpCntInfo><cntPhone><voiceNum>6155744419</voiceNum><faxNum>6155743895</faxNum></cntPhone><cntAddress addressType="both"><delPoint>Oak Ridge National Laboratory</delPoint><city>Oak Ridge</city><adminArea>TN</adminArea><country>United States of America</country><eMailAdd>gto@stc10.ctd.ornl.gov</eMailAdd></cntAddress></rpCntInfo><role><RoleCd value="009"/></role></stepProc><stepSrc type="used"><srcCitatn><resAltTitle>USACE</resAltTitle></srcCitatn></stepSrc><stepSrc type="used"><srcCitatn><resAltTitle>NA</resAltTitle></srcCitatn></stepSrc><stepSrc type="used"><srcCitatn><resAltTitle>TIGER</resAltTitle></srcCitatn></stepSrc><stepSrc type="used"><srcCitatn><resAltTitle>WLN</resAltTitle></srcCitatn></stepSrc><stepSrc type="used"><srcCitatn><resAltTitle>DLG</resAltTitle></srcCitatn></stepSrc><stepSrc type="produced"><srcCitatn><resAltTitle>ORWW</resAltTitle></srcCitatn></stepSrc></prcStep><dataSource type=""><srcDesc>Offshore and coastal waterways spatial and operational attributes</srcDesc><srcMedName><MedNameCd value="028"/></srcMedName><srcScale><rfDenom>0</rfDenom></srcScale><srcCitatn><resTitle>Vanderbilt Waterway Network</resTitle><resAltTitle>VUWW</resAltTitle><date><pubDate>1994-01-01T00:00:00</pubDate></date><citRespParty><rpOrgName>none</rpOrgName><rpCntInfo><cntAddress><delPoint>none</delPoint></cntAddress></rpCntInfo><role><RoleCd value="010"/></role></citRespParty><citRespParty><rpOrgName>Vanderbilt Engineering Center for Transportation Operations and Research</rpOrgName><role><RoleCd value="006"/></role></citRespParty><presForm><PresFormCd value="006"/></presForm><presForm><fgdcGeoform>map</fgdcGeoform></presForm></srcCitatn><srcExt><exDesc>publication date</exDesc><tempEle><TempExtent><exTemp><TM_Instant><tmPosition>1994-01-01</tmPosition></TM_Instant></exTemp></TempExtent></tempEle></srcExt></dataSource><dataSource type=""><srcDesc>Inland navigable waterways spatial and type attributes</srcDesc><srcMedName><MedNameCd value="028"/></srcMedName><srcScale><rfDenom>24000</rfDenom></srcScale><srcCitatn><resTitle>1:100,000 Quad maps</resTitle><resAltTitle>QUADS</resAltTitle><date><pubDate date="unknown"/></date><citRespParty><rpOrgName>U.S. Geological Survey</rpOrgName><rpCntInfo><cntAddress><delPoint>Reston, Virginia</delPoint></cntAddress></rpCntInfo><role><RoleCd value="010"/></role></citRespParty><citRespParty><rpOrgName>U.S. Geological Survey</rpOrgName><role><RoleCd value="006"/></role></citRespParty><presForm><fgdcGeoform>paper map</fgdcGeoform></presForm></srcCitatn><srcExt><exDesc>publication date</exDesc><tempEle><TempExtent><exTemp><TM_Instant><tmPosition date="unknown"/></TM_Instant></exTemp></TempExtent></tempEle></srcExt></dataSource><dataSource type=""><srcDesc>Inland navigable waterways spatial and type attributes</srcDesc><srcScale><rfDenom>0</rfDenom></srcScale><srcCitatn><resTitle>National Atlas</resTitle><resAltTitle>NA</resAltTitle><date><pubDate date="unknown"/></date><citRespParty><rpOrgName>U.S. Geological Survey</rpOrgName><rpCntInfo><cntAddress><delPoint>Reston, Virginia</delPoint></cntAddress></rpCntInfo><role><RoleCd value="010"/></role></citRespParty><citRespParty><rpOrgName>U.S. Geological Survey</rpOrgName><role><RoleCd value="006"/></role></citRespParty><presForm><PresFormCd value="006"/></presForm><presForm><fgdcGeoform>map</fgdcGeoform></presForm></srcCitatn><srcExt><exDesc>publication date</exDesc><tempEle><TempExtent><exTemp><TM_Instant><tmPosition>1980-01-01</tmPosition></TM_Instant></exTemp></TempExtent></tempEle></srcExt></dataSource><dataSource type=""><srcDesc>Inland navigable waterways spatial and type attributes</srcDesc><srcMedName><MedNameCd value="028"/></srcMedName><srcScale><rfDenom>24000</rfDenom></srcScale><srcCitatn><resTitle>USGS Digital Line Graph (DLG-3) Series</resTitle><resAltTitle>DLG</resAltTitle><date><pubDate date="unknown"/></date><citRespParty><rpOrgName>U.S. Geological Survey</rpOrgName><rpCntInfo><cntAddress addressType=""><delPoint>Reston, Virginia</delPoint></cntAddress></rpCntInfo><role><RoleCd value="010"/></role></citRespParty><citRespParty><rpOrgName>U.S. Geological Survey</rpOrgName><role><RoleCd value="006"/></role></citRespParty><presForm><PresFormCd value="006"/></presForm><presForm><fgdcGeoform>map</fgdcGeoform></presForm></srcCitatn><srcExt><exDesc>publication date</exDesc><tempEle><TempExtent><exTemp><TM_Instant><tmPosition>1978-01-01</tmPosition></TM_Instant></exTemp></TempExtent></tempEle></srcExt></dataSource><dataSource type=""><srcDesc>Inland navigable waterways locational mile markers.</srcDesc><srcMedName><MedNameCd value="028"/></srcMedName><srcScale><rfDenom>0</rfDenom></srcScale><srcCitatn><resTitle>USACE Mile Markers</resTitle><resAltTitle>USACE MM</resAltTitle><date><pubDate date="unknown"/></date><citRespParty><rpOrgName>U.S. Army Corps of Engineers</rpOrgName><role><RoleCd value="006"/></role></citRespParty><citRespParty><rpOrgName>U.S. Army Corps of Engineers</rpOrgName><rpCntInfo><cntAddress><delPoint>New Orleans, LA</delPoint></cntAddress></rpCntInfo><role><RoleCd value="010"/></role></citRespParty><presForm><fgdcGeoform>table</fgdcGeoform></presForm></srcCitatn><srcExt><exDesc>publication date</exDesc><tempEle><TempExtent><exTemp><TM_Instant><tmPosition date="unknown"/></TM_Instant></exTemp></TempExtent></tempEle></srcExt></dataSource><dataSource type=""><srcDesc>Corps of Engineers links and nodes on inland and offshore navigable waterways.</srcDesc><srcMedName><MedNameCd value="028"/></srcMedName><srcScale><rfDenom>0</rfDenom></srcScale><srcCitatn><resTitle>Waterway Link Network</resTitle><resAltTitle>USACE WLN</resAltTitle><date><pubDate date="unknown"/></date><citRespParty><rpOrgName>U.S. Army Corps of Engineers</rpOrgName><role><RoleCd value="006"/></role></citRespParty><citRespParty><rpOrgName>U.S. Army Corps of Engineers</rpOrgName><rpCntInfo><cntAddress><delPoint>New Orleans, LA</delPoint></cntAddress></rpCntInfo><role><RoleCd value="010"/></role></citRespParty><presForm><PresFormCd value="006"/></presForm><presForm><fgdcGeoform>map</fgdcGeoform></presForm></srcCitatn><srcExt><exDesc>publication date</exDesc><tempEle><TempExtent><exTemp><TM_Instant><tmPosition date="unknown"/></TM_Instant></exTemp></TempExtent></tempEle></srcExt></dataSource><dataSource type=""><srcDesc>Inland and offshore navigable waterways spatial and type attributes</srcDesc><srcMedName><MedNameCd value="028"/></srcMedName><srcScale><rfDenom>0</rfDenom></srcScale><srcCitatn><resTitle>NOAA Navigation Charts</resTitle><resAltTitle>NOAA</resAltTitle><date><pubDate date="unknown"/></date><citRespParty><rpOrgName>National Oceanographic and Atmospheric Administration</rpOrgName><role><RoleCd value="006"/></role></citRespParty><citRespParty><rpOrgName>National Oceanographic and Atmospheric Administration</rpOrgName><rpCntInfo><cntAddress><delPoint>Washington D.C.</delPoint></cntAddress></rpCntInfo><role><RoleCd value="010"/></role></citRespParty><presForm><fgdcGeoform>paper map</fgdcGeoform></presForm></srcCitatn><srcExt><exDesc>publication date</exDesc><tempEle><TempExtent><exTemp><TM_Period><tmBegin date="unknown"/><tmEnd>1994-01-01</tmEnd></TM_Period></exTemp></TempExtent></tempEle></srcExt></dataSource><dataSource type=""><srcDesc>Inland navigable waterways spatial and type attributes</srcDesc><srcScale><rfDenom>100</rfDenom></srcScale><srcCitatn><resTitle>TIGER/Line files</resTitle><resAltTitle>TIGER</resAltTitle><date><pubDate>1990-01-01</pubDate></date><citRespParty><rpOrgName>U.S. Bureau of Census</rpOrgName><role><RoleCd value="006"/></role></citRespParty><citRespParty><rpOrgName>U.S. Bureau of Census</rpOrgName><rpCntInfo><cntAddress><delPoint>Washington, DC</delPoint></cntAddress></rpCntInfo><role><RoleCd value="010"/></role></citRespParty><presForm><PresFormCd value="006"/></presForm><presForm><fgdcGeoform>map</fgdcGeoform></presForm></srcCitatn><srcExt><exDesc>publication date</exDesc><tempEle><TempExtent><exTemp><TM_Instant><tmPosition>1990-01-01</tmPosition></TM_Instant></exTemp></TempExtent></tempEle></srcExt></dataSource><dataSource type=""><srcDesc>Offshore, inland, and coastal waterways spatial and operational attributes</srcDesc><srcMedName><MedNameCd value="028"/></srcMedName><srcScale><rfDenom>0</rfDenom></srcScale><srcCitatn><resTitle>National Waterway Network ver 1.0</resTitle><resAltTitle>WWAY10</resAltTitle><date><pubDate>1994-01-01</pubDate></date><citRespParty><rpOrgName>Vanderbilt Engineering Center for Transportation Operations and Research</rpOrgName><role><RoleCd value="006"/></role></citRespParty><citRespParty><rpOrgName>none</rpOrgName><rpCntInfo><cntAddress><delPoint>none</delPoint></cntAddress></rpCntInfo><role><RoleCd value="010"/></role></citRespParty><presForm><PresFormCd value="006"/></presForm><presForm><fgdcGeoform>map</fgdcGeoform></presForm></srcCitatn><srcExt><exDesc>publication date</exDesc><tempEle><TempExtent><exTemp><TM_Instant><tmPosition>1994-10-01</tmPosition></TM_Instant></exTemp></TempExtent></tempEle></srcExt></dataSource><dataSource type=""><srcDesc>Addition and correction of Inland navigable waterways attributes. Conflation of inland and offshore waterways.</srcDesc><srcScale><rfDenom>0</rfDenom></srcScale><srcCitatn><resTitle>Inland Waterways</resTitle><resAltTitle>ORWW</resAltTitle><date><pubDate>1993-01-01</pubDate></date><citRespParty><rpOrgName>none</rpOrgName><rpCntInfo><cntAddress><delPoint>none</delPoint></cntAddress></rpCntInfo><role><RoleCd value="010"/></role></citRespParty><citRespParty><rpOrgName>Oak Ridge National Laboratories</rpOrgName><role><RoleCd value="006"/></role></citRespParty><presForm><PresFormCd value="006"/></presForm><presForm><fgdcGeoform>map</fgdcGeoform></presForm></srcCitatn><srcExt><exDesc>ending date</exDesc><tempEle><TempExtent><exTemp><TM_Period><tmBegin date="unknown"/><tmEnd>1994-01-01</tmEnd></TM_Period></exTemp></TempExtent></tempEle></srcExt></dataSource><dataSource type=""><srcDesc>Offshore, inland, and coastal waterways spatial and operational attributes</srcDesc><srcMedName><MedNameCd value="028"/></srcMedName><srcScale><rfDenom>0</rfDenom></srcScale><srcCitatn><resTitle>National Waterway Network ver 2.0</resTitle><resAltTitle>WWAY20</resAltTitle><date><pubDate>1997-01-01</pubDate></date><citRespParty><rpOrgName>Vanderbilt Engineering Center for Transportation Operations and Research</rpOrgName><role><RoleCd value="006"/></role></citRespParty><citRespParty><rpOrgName>Research and Innovative Technology Administration's Bureau of Transportation Statistics</rpOrgName><rpCntInfo><cntAddress><delPoint>Washington, D.C.</delPoint></cntAddress></rpCntInfo><role><RoleCd value="010"/></role></citRespParty><presForm><fgdcGeoform>digital map</fgdcGeoform></presForm><citOnlineRes><linkage>none</linkage></citOnlineRes></srcCitatn><srcExt><exDesc>publication date</exDesc><tempEle><TempExtent><exTemp><TM_Instant><tmPosition>1997-01-01</tmPosition></TM_Instant></exTemp></TempExtent></tempEle></srcExt></dataSource></dataLineage></dqInfo><eainfo><detailed Name="waterwaynd" xmlns=""><enttyp><enttypl Sync="TRUE">waterwaynd</enttypl><enttypd>National Waterway Network (line)</enttypd><enttypds>RITA/BTS</enttypds><enttypt Sync="TRUE">Feature Class</enttypt><enttypc Sync="TRUE">6247</enttypc></enttyp><attr xmlns=""><attrlabl>FID</attrlabl><attrdef>Internal feature number.</attrdef><attrdefs>ESRI</attrdefs><attrdomv><udom>Sequential unique whole numbers that are automatically generated.</udom></attrdomv><attalias Sync="TRUE">FID</attalias><attrtype Sync="TRUE">OID</attrtype><attwidth Sync="TRUE">4</attwidth><atprecis Sync="TRUE">0</atprecis><attscale Sync="TRUE">0</attscale></attr><attr xmlns=""><attrlabl>Shape</attrlabl><attrdef>Feature geometry.</attrdef><attrdefs>ESRI</attrdefs><attrdomv><udom>Coordinates defining the features.</udom></attrdomv><attalias Sync="TRUE">Shape</attalias><attrtype Sync="TRUE">Geometry</attrtype><attwidth Sync="TRUE">0</attwidth><atprecis Sync="TRUE">0</atprecis><attscale Sync="TRUE">0</attscale></attr><attr xmlns=""><attrlabl Sync="TRUE">ID</attrlabl><attalias Sync="TRUE">ID</attalias><attrtype Sync="TRUE">Double</attrtype><attwidth Sync="TRUE">10</attwidth><attrdef>Identity field for the feature</attrdef><attrdefs>USACE</attrdefs><atprecis Sync="TRUE">10</atprecis><attscale Sync="TRUE">0</attscale></attr><attr xmlns=""><attrlabl Sync="TRUE">NODENUM</attrlabl><attalias Sync="TRUE">NODENUM</attalias><attrtype Sync="TRUE">Double</attrtype><attwidth Sync="TRUE">10</attwidth><attrdomv><udom>Numeric values</udom></attrdomv><attrdef>A unique identifier for the node</attrdef><attrdefs>USACE</attrdefs><atprecis Sync="TRUE">10</atprecis><attscale Sync="TRUE">0</attscale></attr><attr xmlns=""><attrlabl>FEATURID</attrlabl><attrdef>Attribute identification code</attrdef><attrdefs>USACE</attrdefs><attrdomv><udom>Numeric values</udom></attrdomv><attalias Sync="TRUE">FEATURID</attalias><attrtype Sync="TRUE">Double</attrtype><attwidth Sync="TRUE">10</attwidth><atprecis Sync="TRUE">10</atprecis><attscale Sync="TRUE">0</attscale></attr><attr xmlns=""><attrlabl>PORT_ID</attrlabl><attrdef>Port identification code</attrdef><attrdefs>USACE</attrdefs><attrdomv><udom>Character String (Port identification code)</udom></attrdomv><attalias Sync="TRUE">PORT_ID</attalias><attrtype Sync="TRUE">String</attrtype><attwidth Sync="TRUE">15</attwidth><atprecis Sync="TRUE">0</atprecis><attscale Sync="TRUE">0</attscale></attr><attr xmlns=""><attrlabl>PORT_NAME</attrlabl><attrdef>Port Name</attrdef><attrdefs>USACE</attrdefs><attrdomv><udom>Character String</udom></attrdomv><attalias Sync="TRUE">PORT_NAME</attalias><attrtype Sync="TRUE">String</attrtype><attwidth Sync="TRUE">35</attwidth><atprecis Sync="TRUE">0</atprecis><attscale Sync="TRUE">0</attscale></attr><attr xmlns=""><attrlabl Sync="TRUE">STATE</attrlabl><attalias Sync="TRUE">STATE</attalias><attrtype Sync="TRUE">String</attrtype><attwidth Sync="TRUE">2</attwidth><attrdef>State Postal Abbreviation</attrdef><attrdefs>USACE</attrdefs><attrdomv><codesetd><codesetn>State Postal Abbreviation</codesetn><codesets>U.S. Postal Service (USPS)</codesets></codesetd></attrdomv><atprecis Sync="TRUE">0</atprecis><attscale Sync="TRUE">0</attscale></attr><attr xmlns=""><attrlabl>WHO_MOD</attrlabl><attrdef>Composite code designating what organization modified the link.</attrdef><attrdefs>USACE</attrdefs><attrdomv><edom><edomv>V</edomv><edomvd>Vanderbilt addition</edomvd><edomvds>USACE</edomvds></edom></attrdomv><attrdomv><edom><edomv>R</edomv><edomvd>Oak Ridge addition</edomvd><edomvds>USACE</edomvds></edom></attrdomv><attrdomv><edom><edomv>J</edomv><edomvd>Guessed</edomvd><edomvds>USACE</edomvds></edom></attrdomv><attrdomv><edom><edomv>H</edomv><edomvd>Screen digitization from DLGs or TIGER</edomvd><edomvds>USACE</edomvds></edom></attrdomv><attrdomv><edom><edomv>1</edomv><edomvd>94 May</edomvd><edomvds>USACE</edomvds></edom></attrdomv><attrdomv><edom><edomv>2</edomv><edomvd>94 June</edomvd><edomvds>USACE</edomvds></edom></attrdomv><attrdomv><edom><edomv>3</edomv><edomvd>94 July blank after July 1994</edomvd><edomvds>USACE</edomvds></edom></attrdomv><attrdomv><edom><edomv>R</edomv><edomvd>Attributes modified by ORNL</edomvd><edomvds>USACE</edomvds></edom></attrdomv><attrdomv><edom><edomv>A</edomv><edomvd>Attributes modified by Vanderbilt</edomvd><edomvds>USACE</edomvds></edom></attrdomv><attalias Sync="TRUE">WHO_MOD</attalias><attrtype Sync="TRUE">String</attrtype><attwidth Sync="TRUE">3</attwidth><atprecis Sync="TRUE">0</atprecis><attscale Sync="TRUE">0</attscale></attr><attr xmlns=""><attrlabl>DATE_MOD</attrlabl><attrdef>The modification date indicates when each record in the database was last changed. As changes are made to a record, the modification date is entered in the format 'mmddyyyy'.</attrdef><attrdefs>USACE</attrdefs><attrdomv><udom>Date values</udom></attrdomv><attalias Sync="TRUE">DATE_MOD</attalias><attrtype Sync="TRUE">String</attrtype><attwidth Sync="TRUE">8</attwidth><atprecis Sync="TRUE">0</atprecis><attscale Sync="TRUE">0</attscale></attr><attr xmlns=""><attrlabl>NODE_SRC</attrlabl><attrdef>Indicates the data source used for each link.</attrdef><attrdefs>USACE</attrdefs><attrdomv><edom><edomv>V1</edomv><edomvd>Digitized from NOAA Charts</edomvd><edomvds>USACE</edomvds></edom></attrdomv><attrdomv><edom><edomv>V2</edomv><edomvd>Digitized from 1:100K USGS Quads</edomvd><edomvds>USACE</edomvds></edom></attrdomv><attrdomv><edom><edomv>V3</edomv><edomvd>Imputed from ORNL port</edomvd><edomvds>USACE</edomvds></edom></attrdomv><attrdomv><edom><edomv>V4</edomv><edomvd>Imputed from Corps port</edomvd><edomvds>USACE</edomvds></edom></attrdomv><attrdomv><edom><edomv>V5</edomv><edomvd>Digitized from 1:100K DLGs</edomvd><edomvds>USACE</edomvds></edom></attrdomv><attrdomv><edom><edomv>V6</edomv><edomvd>Digitized from State or World Boundary</edomvd><edomvds>USACE</edomvds></edom></attrdomv><attrdomv><edom><edomv>V7</edomv><edomvd>Imputed from Corps Lock location</edomvd><edomvds>USACE</edomvds></edom></attrdomv><attrdomv><edom><edomv>O1</edomv><edomvd>Oak Ridge estimate</edomvd><edomvds>USACE</edomvds></edom></attrdomv><attrdomv><edom><edomv>C</edomv><edomvd>Corps</edomvd><edomvds>USACE</edomvds></edom></attrdomv><attrdomv><edom><edomv>M</edomv><edomvd>Missing</edomvd><edomvds>USACE</edomvds></edom></attrdomv><attalias Sync="TRUE">NODE_SRC</attalias><attrtype Sync="TRUE">String</attrtype><attwidth Sync="TRUE">5</attwidth><atprecis Sync="TRUE">0</atprecis><attscale Sync="TRUE">0</attscale></attr><attr xmlns=""><attrlabl Sync="TRUE">FIPS</attrlabl><attalias Sync="TRUE">FIPS</attalias><attrtype Sync="TRUE">String</attrtype><attwidth Sync="TRUE">2</attwidth><attrdef>Primary State FIPS Code</attrdef><attrdefs>USACE</attrdefs><attrdomv><codesetd><codesetn>Federal Information Processing Standard- FIPS Pub 6-4</codesetn><codesets>National Institute for Standards and Technology (NIST)</codesets></codesetd></attrdomv><atprecis Sync="TRUE">0</atprecis><attscale Sync="TRUE">0</attscale></attr><attr xmlns=""><attrlabl>NON_US</attrlabl><attrdef>Abbreviation for non-US areas</attrdef><attrdefs>USACE</attrdefs><attrdomv><edom xmlns=""><edomv>AC</edomv><edomvd>Arctic Ocean</edomvd><edomvds>USACE</edomvds></edom></attrdomv><attrdomv><edom xmlns=""><edomv>AT</edomv><edomvd>Atlantic Ocean</edomvd><edomvds>USACE</edomvds></edom></attrdomv><attrdomv><edom xmlns=""><edomv>BS</edomv><edomvd>Bering Sea</edomvd><edomvds>USACE</edomvds></edom></attrdomv><attrdomv><edom xmlns=""><edomv>CB</edomv><edomvd>Caribbean Sea</edomvd><edomvds>USACE</edomvds></edom></attrdomv><attrdomv><edom xmlns=""><edomv>CD</edomv><edomvd>Canada</edomvd><edomvds>USACE</edomvds></edom></attrdomv><attrdomv><edom xmlns=""><edomv>GM</edomv><edomvd>Gulf of Mexico</edomvd><edomvds>USACE</edomvds></edom></attrdomv><attrdomv><edom xmlns=""><edomv>PC</edomv><edomvd>Pacific Ocean</edomvd><edomvds>USACE</edomvds></edom></attrdomv><attrdomv><edom xmlns=""><edomv>PM</edomv><edomvd>Panama</edomvd><edomvds>USACE</edomvds></edom></attrdomv><attrdomv><edom xmlns=""><edomv>XX</edomv><edomvd>Unidentified Area</edomvd><edomvds>USACE</edomvds></edom></attrdomv><attalias Sync="TRUE">NON_US</attalias><attrtype Sync="TRUE">String</attrtype><attwidth Sync="TRUE">2</attwidth><atprecis Sync="TRUE">0</atprecis><attscale Sync="TRUE">0</attscale></attr></detailed></eainfo><mdHrLvName Sync="TRUE">dataset</mdHrLvName><refSysInfo><RefSystem dimension=""><refSysID><identCode code="4326" Sync="TRUE" value="4326"/><idCodeSpace Sync="TRUE">EPSG</idCodeSpace><idVersion Sync="TRUE">7.9.4</idVersion></refSysID></RefSystem></refSysInfo><spatRepInfo><VectSpatRep><geometObjs Name="waterwaynd"><geoObjTyp><GeoObjTypCd value="004" Sync="TRUE"></GeoObjTypCd></geoObjTyp><geoObjCnt Sync="TRUE">6247</geoObjCnt></geometObjs><topLvl><TopoLevCd value="001" Sync="TRUE"></TopoLevCd></topLvl></VectSpatRep></spatRepInfo><spdoinfo><ptvctinf><esriterm Name="waterwaynd"><efeatyp Sync="TRUE">Simple</efeatyp><efeageom code="1" Sync="TRUE"></efeageom><esritopo Sync="TRUE">FALSE</esritopo><efeacnt Sync="TRUE">6247</efeacnt><spindex Sync="TRUE">TRUE</spindex><linrefer Sync="TRUE">FALSE</linrefer></esriterm></ptvctinf></spdoinfo><mdDateSt Sync="TRUE">20130430</mdDateSt></metadata>
