<metadata xml:lang="en"><Esri><CreaDate>20130403</CreaDate><CreaTime>14063300</CreaTime><ArcGISFormat>1.0</ArcGISFormat><ArcGISstyle>ISO 19139 Metadata Implementation Specification</ArcGISstyle><SyncOnce>FALSE</SyncOnce><DataProperties><itemProps><imsContentType export="False" Sync="TRUE">002</imsContentType><itemName Sync="TRUE">ports_major</itemName><nativeExtBox><westBL Sync="TRUE">-166.541700</westBL><eastBL Sync="TRUE">0.000000</eastBL><southBL Sync="TRUE">0.000000</southBL><northBL Sync="TRUE">67.719180</northBL><exTypeCode Sync="TRUE">1</exTypeCode></nativeExtBox><itemSize Sync="TRUE">0.004</itemSize><itemLocation><linkage Sync="FALSE">withheld</linkage><protocol Sync="TRUE">Local Area Network</protocol></itemLocation></itemProps><coordRef><type Sync="TRUE">Geographic</type><geogcsn Sync="TRUE">GCS_WGS_1984</geogcsn><csUnits Sync="TRUE">Angular Unit: Degree (0.017453)</csUnits><peXml Sync="TRUE">&lt;GeographicCoordinateSystem xsi:type='typens:GeographicCoordinateSystem' xmlns:xsi='http://www.w3.org/2001/XMLSchema-instance' xmlns:xs='http://www.w3.org/2001/XMLSchema' xmlns:typens='http://www.esri.com/schemas/ArcGIS/10.1'&gt;&lt;WKT&gt;GEOGCS[&amp;quot;GCS_WGS_1984&amp;quot;,DATUM[&amp;quot;D_WGS_1984&amp;quot;,SPHEROID[&amp;quot;WGS_1984&amp;quot;,6378137.0,298.257223563]],PRIMEM[&amp;quot;Greenwich&amp;quot;,0.0],UNIT[&amp;quot;Degree&amp;quot;,0.0174532925199433],METADATA[&amp;quot;World&amp;quot;,-180.0,-90.0,180.0,90.0,0.0,0.0174532925199433,0.0,1262],AUTHORITY[&amp;quot;EPSG&amp;quot;,4326]]&lt;/WKT&gt;&lt;XOrigin&gt;-400&lt;/XOrigin&gt;&lt;YOrigin&gt;-400&lt;/YOrigin&gt;&lt;XYScale&gt;11258999068426.238&lt;/XYScale&gt;&lt;ZOrigin&gt;-100000&lt;/ZOrigin&gt;&lt;ZScale&gt;10000&lt;/ZScale&gt;&lt;MOrigin&gt;-100000&lt;/MOrigin&gt;&lt;MScale&gt;10000&lt;/MScale&gt;&lt;XYTolerance&gt;8.983152841195215e-009&lt;/XYTolerance&gt;&lt;ZTolerance&gt;0.001&lt;/ZTolerance&gt;&lt;MTolerance&gt;0.001&lt;/MTolerance&gt;&lt;HighPrecision&gt;true&lt;/HighPrecision&gt;&lt;LeftLongitude&gt;-180&lt;/LeftLongitude&gt;&lt;WKID&gt;4326&lt;/WKID&gt;&lt;LatestWKID&gt;4326&lt;/LatestWKID&gt;&lt;/GeographicCoordinateSystem&gt;</peXml></coordRef></DataProperties><scaleRange><minScale>150000000</minScale><maxScale>5000</maxScale></scaleRange><SyncDate>20130412</SyncDate><SyncTime>10463000</SyncTime><ModDate>20130412</ModDate><ModTime>10463000</ModTime><ArcGISProfile>ISO19139</ArcGISProfile></Esri><mdChar><CharSetCd value="004"/></mdChar><mdHrLv><ScopeCd value="005"/></mdHrLv><mdContact xmlns=""><rpIndName> Waterborne Commerce Statistics Center</rpIndName><rpOrgName>US Army Corps of Engineers</rpOrgName><role><RoleCd value="002"/></role><displayName> Waterborne Commerce Statistics Center</displayName></mdContact><mdContact xmlns=""><rpOrgName>Research and Innovative Technology Administration/Bureau of Transportation Statistics</rpOrgName><rpCntInfo xmlns=""><cntAddress addressType=""><delPoint>1200 New Jersey Ave. SE</delPoint><city>Washington</city><adminArea>DC</adminArea><postCode>20590</postCode><eMailAdd>answers@BTS.gov</eMailAdd></cntAddress><cntPhone><voiceNum tddtty="">202-366-DAT</voiceNum></cntPhone></rpCntInfo><role><RoleCd value="010"/></role><rpIndName>National Transportation Atlas Database (NTAD) 2013</rpIndName><rpPosName>Geospatial Information Systems</rpPosName><displayName>Research and Innovative Technology Administration/Bureau of Transportation Statistics</displayName></mdContact><distInfo xmlns=""><distributor xmlns=""><distorCont xmlns=""><rpIndName> Waterborne Commerce Statistics Center</rpIndName><rpOrgName>US Army Corps of Engineers</rpOrgName><role><RoleCd value="002"/></role><rpCntInfo xmlns=""><cntAddress addressType=""><delPoint>PO BOX 61280</delPoint><city>New Orleans, </city><adminArea>LA</adminArea><postCode>70161-1280</postCode><eMailAdd>CEIWR-NDCWCSC.WEBMASTER@usace.army.mil</eMailAdd></cntAddress><cntPhone><voiceNum tddtty="">504-862-1426 or 504-862-1441</voiceNum></cntPhone></rpCntInfo><displayName> Waterborne Commerce Statistics Center</displayName></distorCont></distributor><distributor xmlns=""><distorCont xmlns=""><rpOrgName>Research and Innovative Technology Administration/Bureau of Transportation Statistics</rpOrgName><rpCntInfo xmlns=""><cntAddress addressType=""><delPoint>1200 New Jersey Ave. SE</delPoint><city>Washington</city><adminArea>DC</adminArea><postCode>20590</postCode><eMailAdd>answers@BTS.gov</eMailAdd></cntAddress><cntPhone><voiceNum tddtty="">202-366-DATA</voiceNum></cntPhone></rpCntInfo><role><RoleCd value="005"/></role><rpIndName>National Transportation Atlas Database (NTAD) 2013</rpIndName><rpPosName>Geospatial Information Systems</rpPosName><displayName>Research and Innovative Technology Administration/Bureau of Transportation Statistics</displayName></distorCont><distorOrdPrc xmlns=""><ordInstr>Call (202-366-DATA), or E-mail (answers@bts.gov) RITA/BTS to request the National Transportation Atlas Databases (NTAD) 2013 DVD. The NTAD DVD can be ordered from the online bookstore at www.bts.gov. Individual datasets from the NTAD can also be downloaded from the Office of Geospatial Information Systems website at http://www.bts.gov/programs/geographic_information_services/</ordInstr></distorOrdPrc><distorFormat xmlns=""><formatName>ESRI Shapefile</formatName><formatVer>2013</formatVer></distorFormat><distorTran xmlns=""><offLineMed xmlns=""><medName><MedNameCd value="002"/></medName></offLineMed></distorTran><distorTran xmlns=""><onLineSrc xmlns=""><orDesc>National Transportation Atlas Databases (NTAD) 2013</orDesc></onLineSrc></distorTran></distributor><distFormat xmlns=""><formatName Sync="TRUE">Shapefile</formatName><formatVer>2013</formatVer></distFormat><distTranOps xmlns=""><transSize Sync="TRUE">0.004</transSize><onLineSrc xmlns=""><linkage>http://www.bts.gov/programs/geographic_information_services/</linkage></onLineSrc></distTranOps></distInfo><dataIdInfo><idPurp>The Principal Port file contains USACE port codes, geographic
locations(longitude, latitude), names, and commodity tonnage
summaries (total tons, domestic, foreign, imports and exports)
for Principal USACE Ports. 


</idPurp><idAbs>&lt;DIV STYLE="text-align:Left;"&gt;&lt;DIV&gt;&lt;DIV&gt;&lt;P&gt;&lt;SPAN&gt;The ports are politically defined by port limits or Corps projects, excluding non-Corps projects not authorized for publication. The determination for the published Principal Ports is based upon the total tonnage for the port for the particular year; therefore the top 150 list can vary from year to year.&lt;/SPAN&gt;&lt;/P&gt;&lt;P&gt;&lt;SPAN /&gt;&lt;/P&gt;&lt;/DIV&gt;&lt;/DIV&gt;&lt;/DIV&gt;</idAbs><idCredit>U.S. Army Corps of Engineers, Navigation Data Center, Waterborne Commerce Statistics Center, New Orleans, LA.
</idCredit><idCitation xmlns=""><resTitle Sync="FALSE">majorports</resTitle><resAltTitle>ports_major</resAltTitle><collTitle>150 major US shipping ports</collTitle><citRespParty xmlns=""><rpOrgName>Research and Innovative Technology Administration/Bureau of Transportation Statistics</rpOrgName><rpCntInfo xmlns=""><cntAddress addressType=""><delPoint>1200 New Jersey Ave. SE</delPoint><city>Washington</city><adminArea>DC</adminArea><postCode>20590</postCode><eMailAdd>answers@BTS.gov</eMailAdd></cntAddress><cntPhone><voiceNum tddtty="">202-366-DATA</voiceNum></cntPhone></rpCntInfo><role><RoleCd value="010"/></role><rpIndName>National Transportation Atlas Database (NTAD) 2013</rpIndName><rpPosName>Geospatial Information Systems</rpPosName><displayName>Research and Innovative Technology Administration/Bureau of Transportation Statistics</displayName></citRespParty><citRespParty xmlns=""><rpIndName> Waterborne Commerce Statistics Center</rpIndName><rpOrgName>US Army Corps of Engineers</rpOrgName><role><RoleCd value="002"/></role><rpCntInfo xmlns=""><cntAddress addressType=""><delPoint>PO BOX 61280</delPoint><city>New Orleans, </city><adminArea>LA</adminArea><postCode>70161-1280</postCode><eMailAdd>CEIWR-NDCWCSC.WEBMASTER@usace.army.mil</eMailAdd></cntAddress><cntPhone><voiceNum tddtty="">504-862-1426 or 504-862-1441</voiceNum></cntPhone></rpCntInfo></citRespParty><presForm xmlns=""><PresFormCd value="005" Sync="TRUE"/></presForm></idCitation><searchKeys><keyword>ports</keyword><keyword>trade</keyword><keyword>imports</keyword><keyword>exports</keyword><keyword>150 major ports</keyword><keyword>water ways</keyword><keyword>USACE</keyword><keyword>2013</keyword></searchKeys><themeKeys xmlns=""><keyword>Ports,</keyword><keyword>USACE</keyword><keyword>Shipping</keyword><keyword>Major Ports</keyword><keyword>commerce</keyword><keyword>economy</keyword></themeKeys><placeKeys xmlns=""><keyword>spatial</keyword><keyword>US</keyword><keyword>ports</keyword><keyword>geographic</keyword></placeKeys><tempKeys xmlns=""><keyword>2013</keyword></tempKeys><dataChar><CharSetCd value="004"/></dataChar><suppInfo>File Format: ASCII Comma Delimited and dBase
Maximum Characters per Record: 96
Media: CD, disk, tape, hardcopy
</suppInfo><envirDesc Sync="TRUE">Microsoft Windows 7 Version 6.1 (Build 7601) Service Pack 1; Esri ArcGIS 10.1.0.3035</envirDesc><dataLang><languageCode value="eng" Sync="TRUE"/><countryCode value="USA" Sync="TRUE"/></dataLang><spatRpType><SpatRepTypCd value="001" Sync="TRUE"/></spatRpType><dataExt xmlns=""><geoEle xmlns=""><GeoBndBox esriExtentType="search"><exTypeCode Sync="TRUE">1</exTypeCode><westBL Sync="TRUE">-166.541700</westBL><eastBL Sync="TRUE">0.000000</eastBL><northBL Sync="TRUE">67.719180</northBL><southBL Sync="TRUE">0.000000</southBL></GeoBndBox></geoEle></dataExt><tpCat><TopicCatCd value="005"/></tpCat><tpCat><TopicCatCd value="012"/></tpCat><tpCat><TopicCatCd value="014"/></tpCat><tpCat><TopicCatCd value="017"/></tpCat><tpCat><TopicCatCd value="018"/></tpCat></dataIdInfo><mdMaint xmlns=""><maintFreq><MaintFreqCd value="008"/></maintFreq></mdMaint><dqInfo xmlns=""><dqScope><scpLvl><ScopeCd value="009"/></scpLvl></dqScope></dqInfo><eainfo><detailed Name="ports_major" xmlns=""><enttyp><enttypl Sync="TRUE">ports_major</enttypl><enttypt Sync="TRUE">Feature Class</enttypt><enttypc Sync="TRUE">150</enttypc><enttypd>150 tops ports</enttypd><enttypds>USACE</enttypds></enttyp><attr xmlns=""><attrlabl>FID</attrlabl><attalias Sync="TRUE">FID</attalias><attrdef>sequential number</attrdef><attrdefs>esri</attrdefs><attrtype Sync="TRUE">OID</attrtype><attwidth Sync="TRUE">4</attwidth><atprecis Sync="TRUE">0</atprecis><attscale Sync="TRUE">0</attscale><attrdomv><udom Sync="TRUE">Sequential unique whole numbers that are automatically generated.</udom></attrdomv></attr><attr xmlns=""><attrlabl>Shape</attrlabl><attalias Sync="TRUE">Shape</attalias><attrdef>type of geospatial feature</attrdef><attrdefs>esri</attrdefs><attrdomv><edom xmlns=""><edomv>Point</edomv><edomvd>feature type</edomvd><edomvds>esri</edomvds></edom><udom Sync="TRUE">Coordinates defining the features.</udom></attrdomv><attrtype Sync="TRUE">Geometry</attrtype><attwidth Sync="TRUE">0</attwidth><atprecis Sync="TRUE">0</atprecis><attscale Sync="TRUE">0</attscale></attr><attr xmlns=""><attrlabl>PORT</attrlabl><attalias Sync="TRUE">PORT</attalias><attrdef>USACE assigned port code identifier.</attrdef><attrdefs>USACE</attrdefs><attrtype Sync="TRUE">String</attrtype><attwidth Sync="TRUE">5</attwidth><atprecis Sync="TRUE">0</atprecis><attscale Sync="TRUE">0</attscale></attr><attr xmlns=""><attrlabl>LONGITUDE1</attrlabl><attalias Sync="TRUE">LONGITUDE1</attalias><attrdef>Longitude</attrdef><attrdefs>USACE</attrdefs><attrtype Sync="TRUE">Double</attrtype><attwidth Sync="TRUE">12</attwidth><atprecis Sync="TRUE">12</atprecis><attscale Sync="TRUE">0</attscale></attr><attr xmlns=""><attrlabl>LATITUDE1</attrlabl><attalias Sync="TRUE">LATITUDE1</attalias><attrdef>Latitude</attrdef><attrdefs>USACE</attrdefs><attrtype Sync="TRUE">Double</attrtype><attwidth Sync="TRUE">12</attwidth><atprecis Sync="TRUE">12</atprecis><attscale Sync="TRUE">0</attscale></attr><attr xmlns=""><attrlabl>PORT_NAME</attrlabl><attalias Sync="TRUE">PORT_NAME</attalias><attrdef>Port name</attrdef><attrdefs>USACE</attrdefs><attrtype Sync="TRUE">String</attrtype><attwidth Sync="TRUE">28</attwidth><atprecis Sync="TRUE">0</atprecis><attscale Sync="TRUE">0</attscale></attr><attr xmlns=""><attrlabl>TOTAL</attrlabl><attalias Sync="TRUE">TOTAL</attalias><attrdef>Commidity tonnage total.</attrdef><attrdefs>USACE</attrdefs><attrtype Sync="TRUE">Double</attrtype><attwidth Sync="TRUE">12</attwidth><atprecis Sync="TRUE">12</atprecis><attscale Sync="TRUE">0</attscale></attr><attr xmlns=""><attrlabl>DOMESTIC</attrlabl><attalias Sync="TRUE">DOMESTIC</attalias><attrdef>Commodity tonnage domestic.</attrdef><attrdefs>USACE</attrdefs><attrtype Sync="TRUE">Double</attrtype><attwidth Sync="TRUE">12</attwidth><atprecis Sync="TRUE">12</atprecis><attscale Sync="TRUE">0</attscale></attr><attr xmlns=""><attrlabl>FOREIGN</attrlabl><attalias Sync="TRUE">FOREIGN</attalias><attrdef>Commodity tonnage foreign.</attrdef><attrdefs>USACE</attrdefs><attrtype Sync="TRUE">Double</attrtype><attwidth Sync="TRUE">12</attwidth><atprecis Sync="TRUE">12</atprecis><attscale Sync="TRUE">0</attscale></attr><attr xmlns=""><attrlabl>IMPORTS</attrlabl><attalias Sync="TRUE">IMPORTS</attalias><attrdef>Commodity tonnge imports to port.</attrdef><attrdefs>USACE</attrdefs><attrtype Sync="TRUE">Double</attrtype><attwidth Sync="TRUE">12</attwidth><atprecis Sync="TRUE">12</atprecis><attscale Sync="TRUE">0</attscale></attr><attr xmlns=""><attrlabl>EXPORTS</attrlabl><attalias Sync="TRUE">EXPORTS</attalias><attrdef>Commodity tonnage exports from port.</attrdef><attrdefs>USACE</attrdefs><attrtype Sync="TRUE">Double</attrtype><attwidth Sync="TRUE">12</attwidth><atprecis Sync="TRUE">12</atprecis><attscale Sync="TRUE">0</attscale></attr><attr xmlns=""><attrlabl Sync="TRUE">STPOSTAL</attrlabl><attalias Sync="TRUE">STPOSTAL</attalias><attrtype Sync="TRUE">String</attrtype><attwidth Sync="TRUE">2</attwidth><atprecis Sync="TRUE">0</atprecis><attscale Sync="TRUE">0</attscale><attrdef>U.S. Postal Service two letter state abbreviation</attrdef><attrdefs>USPS</attrdefs><attrdomv><codesetd xmlns=""><codesetn>Official List of State Postal Abbreviations</codesetn><codesets>U.S. Postal Service</codesets></codesetd></attrdomv></attr><attr xmlns=""><attrlabl Sync="TRUE">STFIPS</attrlabl><attalias Sync="TRUE">STFIPS</attalias><attrtype Sync="TRUE">String</attrtype><attwidth Sync="TRUE">2</attwidth><atprecis Sync="TRUE">0</atprecis><attscale Sync="TRUE">0</attscale><attrdef>State FIPS code</attrdef><attrdefs>NIST</attrdefs><attrdomv><codesetd xmlns=""><codesetn>Federal Information Processing Standard (FIPS), Publication 6-4</codesetn><codesets>National Institute for Standards and Technology (NIST)</codesets></codesetd></attrdomv></attr></detailed></eainfo><mdLang><languageCode value="eng" Sync="TRUE"/><countryCode value="USA" Sync="TRUE"/></mdLang><mdHrLvName Sync="TRUE">dataset</mdHrLvName><refSysInfo><RefSystem dimension=""><refSysID xmlns=""><identCode code="4326" Sync="TRUE" value="4326"/><idCodeSpace Sync="TRUE">EPSG</idCodeSpace><idVersion Sync="TRUE">7.9.4</idVersion></refSysID></RefSystem></refSysInfo><spatRepInfo><VectSpatRep><geometObjs Name="ports_major"><geoObjTyp><GeoObjTypCd value="004" Sync="TRUE"></GeoObjTypCd></geoObjTyp><geoObjCnt Sync="TRUE">150</geoObjCnt></geometObjs><topLvl><TopoLevCd value="001" Sync="TRUE"></TopoLevCd></topLvl></VectSpatRep></spatRepInfo><spdoinfo><ptvctinf><esriterm Name="ports_major"><efeatyp Sync="TRUE">Simple</efeatyp><efeageom code="1" Sync="TRUE"></efeageom><esritopo Sync="TRUE">FALSE</esritopo><efeacnt Sync="TRUE">150</efeacnt><spindex Sync="TRUE">TRUE</spindex><linrefer Sync="TRUE">FALSE</linrefer></esriterm></ptvctinf></spdoinfo><mdDateSt Sync="TRUE">20130412</mdDateSt></metadata>
