<metadata xml:lang="en"><Esri><CreaDate>20130326</CreaDate><CreaTime>14454900</CreaTime><ArcGISFormat>1.0</ArcGISFormat><ArcGISstyle>ISO 19139 Metadata Implementation Specification</ArcGISstyle><SyncOnce>FALSE</SyncOnce><DataProperties><itemProps><itemLocation><linkage Sync="FALSE">withheld</linkage><protocol Sync="TRUE">Local Area Network</protocol></itemLocation><itemName Sync="TRUE">border_x</itemName><imsContentType Sync="TRUE" export="False">002</imsContentType><nativeExtBox><westBL Sync="TRUE">-141.001444</westBL><eastBL Sync="TRUE">-66.980076</eastBL><southBL Sync="TRUE">25.883416</southBL><northBL Sync="TRUE">64.085516</northBL><exTypeCode Sync="TRUE">1</exTypeCode></nativeExtBox><itemSize Sync="TRUE">0.005</itemSize></itemProps><coordRef><type Sync="TRUE">Geographic</type><geogcsn Sync="TRUE">GCS_WGS_1984</geogcsn><csUnits Sync="TRUE">Angular Unit: Degree (0.017453)</csUnits><peXml Sync="TRUE">&lt;GeographicCoordinateSystem xsi:type='typens:GeographicCoordinateSystem' xmlns:xsi='http://www.w3.org/2001/XMLSchema-instance' xmlns:xs='http://www.w3.org/2001/XMLSchema' xmlns:typens='http://www.esri.com/schemas/ArcGIS/10.1'&gt;&lt;WKT&gt;GEOGCS[&amp;quot;GCS_WGS_1984&amp;quot;,DATUM[&amp;quot;D_WGS_1984&amp;quot;,SPHEROID[&amp;quot;WGS_1984&amp;quot;,6378137.0,298.257223563]],PRIMEM[&amp;quot;Greenwich&amp;quot;,0.0],UNIT[&amp;quot;Degree&amp;quot;,0.0174532925199433],METADATA[&amp;quot;World&amp;quot;,-180.0,-90.0,180.0,90.0,0.0,0.0174532925199433,0.0,1262],AUTHORITY[&amp;quot;EPSG&amp;quot;,4326]]&lt;/WKT&gt;&lt;XOrigin&gt;-400&lt;/XOrigin&gt;&lt;YOrigin&gt;-400&lt;/YOrigin&gt;&lt;XYScale&gt;11258999068426.238&lt;/XYScale&gt;&lt;ZOrigin&gt;-100000&lt;/ZOrigin&gt;&lt;ZScale&gt;10000&lt;/ZScale&gt;&lt;MOrigin&gt;-100000&lt;/MOrigin&gt;&lt;MScale&gt;10000&lt;/MScale&gt;&lt;XYTolerance&gt;8.983152841195215e-009&lt;/XYTolerance&gt;&lt;ZTolerance&gt;0.001&lt;/ZTolerance&gt;&lt;MTolerance&gt;0.001&lt;/MTolerance&gt;&lt;HighPrecision&gt;true&lt;/HighPrecision&gt;&lt;LeftLongitude&gt;-180&lt;/LeftLongitude&gt;&lt;WKID&gt;4326&lt;/WKID&gt;&lt;LatestWKID&gt;4326&lt;/LatestWKID&gt;&lt;/GeographicCoordinateSystem&gt;</peXml></coordRef></DataProperties><SyncDate>20130409</SyncDate><SyncTime>12462000</SyncTime><ModDate>20130506</ModDate><ModTime>10523500</ModTime><scaleRange><minScale>150000000</minScale><maxScale>5000</maxScale></scaleRange><ArcGISProfile>ISO19139</ArcGISProfile></Esri><mdLang><languageCode value="eng"/><countryCode value="USA" Sync="TRUE"/></mdLang><mdHrLv><ScopeCd value="005"/></mdHrLv><mdContact xmlns=""><rpIndName>Zhi Liu</rpIndName><rpOrgName>USDOT-RITA-BTS</rpOrgName><rpPosName>Senior GIS/IT Specialist</rpPosName><rpCntInfo xmlns=""><cntPhone><voiceNum tddtty="">(202) 366-0262</voiceNum></cntPhone><cntAddress addressType="postal"><delPoint>U.S. Department of Transportation</delPoint><delPoint>Bureau of Transportation Statistics</delPoint><delPoint>Research and Innovative Technology Administration</delPoint><city>Washington</city><adminArea>DC</adminArea><postCode>20590</postCode><country>US</country><eMailAdd>zhi.liu@dot.gov</eMailAdd></cntAddress><cntHours>8:00AM-4:30PM EST</cntHours></rpCntInfo><role><RoleCd value="007"/></role></mdContact><mdStanName>ArcGIS Metadata</mdStanName><mdStanVer>1.0</mdStanVer><distInfo xmlns=""><distributor xmlns=""><distorCont xmlns=""><rpIndName>National Transportation Atlas Database (NTAD) 2013</rpIndName><rpOrgName>Research and Innovative Technology Administration's Bureau of Transportation Statistics (RITA/BTS)</rpOrgName><rpCntInfo xmlns=""><cntPhone><voiceNum tddtty="">202-366-DATA</voiceNum></cntPhone><cntAddress addressType="both"><delPoint>1200 New Jersey Ave., SE</delPoint><city>Washington</city><adminArea>DC</adminArea><postCode>20590</postCode><country>US</country><eMailAdd>answers@bts.gov</eMailAdd></cntAddress></rpCntInfo><role><RoleCd value="005"/></role><rpPosName>Office of Geospatial Information Systems</rpPosName></distorCont><distorOrdPrc xmlns=""><resFees units="">None</resFees><planAvDtTm time="unknown">2011-01-01T00:00:00</planAvDtTm><ordInstr>Call (202-366-DATA), or E-mail (answers@bts.gov) RITA/BTS to request the National Transportation Atlas Databases (NTAD) 2013 DVD. This and other RITA/BTS products may be ordered from the RITA/BTS Internet site (&lt;http://www.bts.gov/programs/geographic_information_services/&gt;).</ordInstr></distorOrdPrc><distorFormat xmlns=""><formatName>ESRI Shapefile</formatName><formatVer>2013</formatVer><fileDecmTech>No compression applied. However, if using digital transfer online option, note access instructions.</fileDecmTech></distorFormat><distorTran xmlns=""><transSize>0.005</transSize><offLineMed xmlns=""><medName><MedNameCd value="002"/></medName></offLineMed></distorTran><distorTran xmlns=""><onLineSrc xmlns=""><orDesc>National Transportation Atlas Databases (NTAD) 2013 DVD</orDesc></onLineSrc></distorTran></distributor><distFormat xmlns=""><formatName Sync="TRUE">Shapefile</formatName></distFormat><distTranOps xmlns=""><transSize Sync="TRUE">0.005</transSize></distTranOps></distInfo><dataIdInfo><idCitation xmlns=""><date><pubDate>2011-01-01T00:00:00</pubDate></date><citRespParty xmlns=""><rpOrgName>Research and Innovative Technology Administration/Bureau of Transportation Statistics</rpOrgName><rpCntInfo xmlns=""><cntAddress addressType=""><delPoint>1200 New Jersey Ave. SE</delPoint><city>Washington</city><adminArea>DC</adminArea><postCode>20590</postCode><eMailAdd>answers@BTS.gov</eMailAdd></cntAddress><cntPhone><voiceNum tddtty="">202-366-DATA</voiceNum></cntPhone></rpCntInfo><role><RoleCd value="005"/></role><rpIndName>National Transportation Atlas Database (NTAD) 2013</rpIndName><rpPosName>Geospatial Information Systems</rpPosName></citRespParty><citRespParty xmlns=""><rpOrgName>USDOT-RITA-BTS</rpOrgName><role><RoleCd value="006"/></role><rpIndName>Steve Beningo</rpIndName><rpPosName>Transportation Analysis Team</rpPosName><rpCntInfo><cntAddress addressType=""><delPoint>1200 New Jersey Ave. SE</delPoint><city>Washington</city><adminArea>DC</adminArea><postCode>20590</postCode><eMailAdd>steve.beningo@dot.gov</eMailAdd></cntAddress><cntPhone><voiceNum tddtty="">202-366-9683</voiceNum></cntPhone></rpCntInfo></citRespParty><citRespParty xmlns=""><rpOrgName>Customs and Border Protection (CBP)</rpOrgName><role><RoleCd value="006"/></role></citRespParty><otherCitDet>This data is created and maintained by the Customs and Border Protection (CBP), and spatially enhanced by BTS. The CBP also designated the port codes, names, and attributes.</otherCitDet><collTitle>National Transportation Atlas Databases (NTAD) 2013</collTitle><citOnlineRes><linkage>http://www.cbp.gov/</linkage></citOnlineRes><citOnlineRes><linkage>http://www.cbp.gov/xp/cgov/toolbox/contacts/ports/</linkage></citOnlineRes><citOnlineRes><linkage>http://www.bts.gov/programs/geographic_information_service/</linkage></citOnlineRes><resTitle Sync="FALSE">U.S. Border Crossings</resTitle><presForm xmlns=""><PresFormCd value="005" Sync="TRUE"/></presForm><resAltTitle>border_x</resAltTitle></idCitation><idAbs>&lt;DIV STYLE="text-align:Left;"&gt;&lt;DIV&gt;&lt;DIV&gt;&lt;P&gt;&lt;SPAN&gt;Border Crossing Ports are points of entry for land modes along the U.S. - Canadian and U.S.- Mexcian borders. The ports of entry are located in 15 states along the U.S. borders. The nominal scale of the data set is 1:1000,000 with a maximal positional error of +- 10 meters.&lt;/SPAN&gt;&lt;/P&gt;&lt;/DIV&gt;&lt;/DIV&gt;&lt;/DIV&gt;</idAbs><idPurp>This dataset is published by USDOT-RITA-BTS to display ports of entry and its associated data as an online mapping application.</idPurp><idCredit>Zhi Liu (Senior GIS/IT Specialist) MacroSys, LLC 1901 N. Moore Street ,Ste. 509 Arlington, VA 22209</idCredit><idStatus><ProgCd value="001"/></idStatus><idPoC><rpIndName>Steven Beningo</rpIndName><rpOrgName>USDOT-RITA-BTS</rpOrgName><rpPosName>International Transportation Specialist</rpPosName><rpCntInfo><cntPhone><voiceNum tddtty="">(202) 366-9683</voiceNum></cntPhone><cntAddress addressType="postal"><delPoint>U.S. Department of Transportation</delPoint><delPoint>Research and Innovative Technology Administration</delPoint><delPoint>Bureau of Transportation Statistics</delPoint><city>Washington</city><adminArea>DC</adminArea><postCode>20590</postCode><country>US</country><eMailAdd>steven.beningo@dot.gov</eMailAdd></cntAddress><cntHours>8:00AM-4:30PM EST</cntHours></rpCntInfo><role><RoleCd value="007"/></role></idPoC><resMaint><maintFreq><MaintFreqCd value="008"/></maintFreq><maintCont><rpIndName>Steven Beningo</rpIndName><rpOrgName>USDOT-RITA-BTS</rpOrgName><rpPosName>International Transportation Specialist</rpPosName><rpCntInfo><cntPhone><voiceNum tddtty="">(202) 366-9683</voiceNum></cntPhone><cntAddress addressType="postal"><delPoint>U.S. Department of Transportation</delPoint><delPoint>Research and Innovative Technology Administration</delPoint><delPoint>Bureau of Transportation Statistics</delPoint><city>Washington</city><adminArea>DC</adminArea><postCode>20590</postCode><country>US</country><eMailAdd>steven.beningo@dot.gov</eMailAdd></cntAddress><cntHours>8:00AM-4:30PM EST</cntHours></rpCntInfo><role><RoleCd value="007"/></role><displayName>Steven Beningo</displayName></maintCont><maintCont><rpIndName>Zhi Liu</rpIndName><rpOrgName>MacroSys LLC</rpOrgName><rpPosName>Senior GIS/IT Specialist</rpPosName><rpCntInfo><cntPhone><voiceNum>202-366-0262</voiceNum></cntPhone><cntAddress addressType="both"><delPoint>U.S. Department of Transportation</delPoint><delPoint>Bureau of Transportation Statistics</delPoint><delPoint>Research and Innovative Technology Administration</delPoint><city>Washington</city><adminArea>DC</adminArea><postCode>20590</postCode><country>US</country><eMailAdd>zhi.liu@dot.gov</eMailAdd></cntAddress><cntHours>8:00AM - 4:30PM EST</cntHours></rpCntInfo><role><RoleCd value="009"/></role><displayName>Zhi Liu</displayName></maintCont><maintCont><rpIndName>Office of Geospatial Information Systems</rpIndName><rpOrgName>Research and Innovative Technology Administration's Bureau of Transportation Statistics (RITA/BTS)</rpOrgName><rpCntInfo><cntPhone><voiceNum>202-366-DATA</voiceNum></cntPhone><cntAddress addressType="both"><delPoint>1200 New Jersey Ave., SE</delPoint><city>Washington</city><adminArea>DC</adminArea><postCode>20590</postCode><country>US</country><eMailAdd>answers@bts.gov</eMailAdd></cntAddress></rpCntInfo><role><RoleCd value="005"/></role><displayName>Office of Geospatial Information Systems</displayName></maintCont></resMaint><placeKeys xmlns=""><keyword>USA</keyword><keyword>Mexico</keyword><keyword>North America</keyword><keyword>Canada</keyword></placeKeys><tempKeys xmlns=""><keyword>2010</keyword><keyword>2011</keyword><keyword>2012</keyword><keyword>2013</keyword></tempKeys><themeKeys xmlns=""><thesaName><resTitle>Border Entry, Port of Entry (POE)</resTitle></thesaName><keyword>Border Crossing</keyword><keyword>Port</keyword></themeKeys><searchKeys><keyword>USA</keyword><keyword>Mexico</keyword><keyword>Border Crossing</keyword><keyword>North America</keyword><keyword>2011</keyword><keyword>Port</keyword><keyword>Canada</keyword><keyword>2010</keyword><keyword>2012</keyword><keyword>2013</keyword><keyword>National Transportation Atlas Database</keyword><keyword>NTAD</keyword></searchKeys><resConst><LegConsts><useLimit>None</useLimit></LegConsts></resConst><resConst><Consts><useLimit>&lt;DIV STYLE="text-align:Left;"&gt;&lt;DIV&gt;&lt;DIV&gt;&lt;P&gt;&lt;SPAN&gt;The Border Crossing Ports, or any portion thereof, can be freely distributed as long as this metadata entry is included with each distribution. The Original metadata entry cannot be modified or deleted from any data transfer.&lt;/SPAN&gt;&lt;/P&gt;&lt;/DIV&gt;&lt;/DIV&gt;&lt;/DIV&gt;</useLimit></Consts></resConst><aggrInfo xmlns=""><aggrDSName xmlns=""><resTitle>National Transportation Atlas Databases (NTAD) 2013</resTitle><date><pubDate>2012-07-24T00:00:00</pubDate></date><citRespParty><rpOrgName>BTS-RITA-USDOT</rpOrgName><role><RoleCd value="006"/></role></citRespParty><citOnlineRes><linkage>http://www.bts.gov/programs/geographic_information_services/</linkage></citOnlineRes><citRespParty><rpIndName>Zhi Liu</rpIndName><rpOrgName>MacroSys LLC</rpOrgName><rpPosName>Senior GIS/IT Specialist</rpPosName><rpCntInfo><cntPhone><voiceNum>202-366-0262</voiceNum></cntPhone><cntAddress addressType="both"><delPoint>U.S. Department of Transportation</delPoint><delPoint>Bureau of Transportation Statistics</delPoint><delPoint>Research and Innovative Technology Administration</delPoint><city>Washington</city><adminArea>DC</adminArea><postCode>20590</postCode><country>US</country><eMailAdd>zhi.liu@dot.gov</eMailAdd></cntAddress><cntHours>8:00AM - 4:30PM EST</cntHours></rpCntInfo><role><RoleCd value="009"/></role><displayName>Zhi Liu</displayName></citRespParty><citRespParty><rpIndName>Steven Beningo</rpIndName><rpOrgName>USDOT-RITA-BTS</rpOrgName><rpPosName>International Transportation Specialist</rpPosName><rpCntInfo><cntPhone><voiceNum tddtty="">(202) 366-9683</voiceNum></cntPhone><cntAddress addressType="postal"><delPoint>U.S. Department of Transportation</delPoint><delPoint>Research and Innovative Technology Administration</delPoint><delPoint>Bureau of Transportation Statistics</delPoint><city>Washington</city><adminArea>DC</adminArea><postCode>20590</postCode><country>US</country><eMailAdd>steven.beningo@dot.gov</eMailAdd></cntAddress><cntHours>8:00AM-4:30PM EST</cntHours></rpCntInfo><role><RoleCd value="007"/></role><displayName>Steven Beningo</displayName></citRespParty><citRespParty><rpIndName>Office of Geospatial Information Systems</rpIndName><rpOrgName>Research and Innovative Technology Administration's Bureau of Transportation Statistics (RITA/BTS)</rpOrgName><rpCntInfo><cntPhone><voiceNum>202-366-DATA</voiceNum></cntPhone><cntAddress addressType="both"><delPoint>1200 New Jersey Ave., SE</delPoint><city>Washington</city><adminArea>DC</adminArea><postCode>20590</postCode><country>US</country><eMailAdd>answers@bts.gov</eMailAdd></cntAddress></rpCntInfo><role><RoleCd value="005"/></role><displayName>Office of Geospatial Information Systems</displayName></citRespParty></aggrDSName></aggrInfo><aggrInfo xmlns=""><aggrDSName xmlns=""><resTitle>National Transportation Atlas Databases (NTAD) 2013</resTitle><date><pubDate>2012-07-24T00:00:00</pubDate></date><citRespParty xmlns=""><rpOrgName>USDOT-RITA-BTS</rpOrgName><role><RoleCd value="006"/></role></citRespParty><citOnlineRes><linkage>http://www.bts.gov/programs/geographic_information_services/</linkage></citOnlineRes></aggrDSName><assocType><AscTypeCd value="002"/></assocType></aggrInfo><dataLang><languageCode value="eng"/><countryCode value="USA" Sync="TRUE"/></dataLang><dataExt><exDesc>publication date</exDesc><tempEle><TempExtent><exTemp><TM_Instant><tmPosition>2011-01-01T00:00:00</tmPosition></TM_Instant></exTemp></TempExtent></tempEle></dataExt><suppInfo>Used for the interface of Border Crossing/Entry Data: http://www.bts.gov/programs/international/transborder/TBDR_BC/TBDR_BC_Index.html. This data is created and maintained by the Customs and Border Protection (CBP), and spatially enhanced by BTS. The CBP also designated the port codes, names, and attributes. For any questions regarding the CBP data, please contact (877) CBP-5511.</suppInfo><dataChar><CharSetCd value="004"/></dataChar><envirDesc Sync="TRUE">Microsoft Windows 7 Version 6.1 (Build 7601) Service Pack 1; Esri ArcGIS 10.1.0.3035</envirDesc><spatRpType><SpatRepTypCd value="001" Sync="TRUE"/></spatRpType><dataExt><geoEle xmlns=""><GeoBndBox esriExtentType="search"><exTypeCode Sync="TRUE">1</exTypeCode><westBL Sync="TRUE">-141.001444</westBL><eastBL Sync="TRUE">-66.980076</eastBL><northBL Sync="TRUE">64.085516</northBL><southBL Sync="TRUE">25.883416</southBL></GeoBndBox></geoEle></dataExt><idPoC><rpIndName>Zhi Liu</rpIndName><rpOrgName>MacroSys LLC</rpOrgName><rpPosName>Senior GIS/IT Specialist</rpPosName><rpCntInfo><cntPhone><voiceNum tddtty="">202-366-0262</voiceNum></cntPhone><cntAddress addressType="both"><delPoint>U.S. Department of Transportation</delPoint><delPoint>Bureau of Transportation Statistics</delPoint><delPoint>Research and Innovative Technology Administration</delPoint><city>Washington</city><adminArea>DC</adminArea><postCode>20590</postCode><country>US</country><eMailAdd>zhi.liu@dot.gov</eMailAdd></cntAddress><cntHours>8:00AM - 4:30PM EST</cntHours></rpCntInfo><role><RoleCd value="009"/></role><displayName>Zhi Liu</displayName></idPoC><idPoC><rpIndName>Office of Geospatial Information Systems</rpIndName><rpOrgName>Research and Innovative Technology Administration's Bureau of Transportation Statistics (RITA/BTS)</rpOrgName><rpCntInfo><cntPhone><voiceNum tddtty="">202-366-DATA</voiceNum></cntPhone><cntAddress addressType="both"><delPoint>1200 New Jersey Ave., SE</delPoint><city>Washington</city><adminArea>DC</adminArea><postCode>20590</postCode><country>US</country><eMailAdd>answers@bts.gov</eMailAdd></cntAddress></rpCntInfo><role><RoleCd value="005"/></role><displayName>Office of Geospatial Information Systems</displayName></idPoC><tpCat><TopicCatCd value="013"/></tpCat><tpCat><TopicCatCd value="018"/></tpCat></dataIdInfo><dqInfo><dqScope><scpLvl><ScopeCd value="005"/></scpLvl></dqScope><report type="DQCompOm" dimension=""><measDesc>100% complete</measDesc></report><report type="DQQuanAttAcc" dimension=""><measDesc>The accuracy of the location data is very high. PortName and PortCode are extracted from the Census website: The link is: http://www.census.gov/foreign-trade/reference/codes/index.html Only 40% of data were converted from .csv files, others were from digitized manually using high resolution image as background (Google Earth).</measDesc></report><report type="DQAbsExtPosAcc" dimension="horizontal"><measDesc>Within 10 meters</measDesc></report><dataLineage><prcStep xmlns=""><stepDesc>The creation of this geospatial data layer was completed by USDOT-RITA-BTS in November 2011 and updated in February 2013. Step 1: Convert textual data into shapefile using the ArcGIS function. Step 2: Export the shapefile into KML and display the ports on Google Earth. Each port was checked with road network and country bounderies. Corrections were made for the locations that are far from ports, then record their geographic coordinates. Step 3: Export KML file with port locations into shapefile using the third-party software. Then other attributes were added within ArcGIS.</stepDesc><stepDateTm>2010-11-22T10:48:36</stepDateTm><stepProc xmlns=""><rpIndName>Zhi Liu</rpIndName><rpOrgName>MacroSys LLC</rpOrgName><rpPosName>Senior GIS/IT Specialist</rpPosName><rpCntInfo><cntPhone><voiceNum>202-366-0262</voiceNum></cntPhone><cntAddress addressType="both"><delPoint>U.S. Department of Transportation</delPoint><delPoint>Bureau of Transportation Statistics</delPoint><delPoint>Research and Innovative Technology Administration</delPoint><city>Washington</city><adminArea>DC</adminArea><postCode>20590</postCode><country>US</country><eMailAdd>zhi.liu@dot.gov</eMailAdd></cntAddress><cntHours>8:00AM - 4:30PM EST</cntHours></rpCntInfo><role><RoleCd value="009"/></role></stepProc></prcStep><dataSource type="" xmlns=""><srcCitatn><citOnlineRes><linkage>http://www.bts.gov/programs/geographic_information_services/</linkage></citOnlineRes></srcCitatn></dataSource></dataLineage></dqInfo><eainfo><detailed Name="border_x" xmlns=""><enttyp><enttypl Sync="TRUE">border_x</enttypl><enttypt Sync="TRUE">Feature Class</enttypt><enttypc Sync="TRUE">171</enttypc></enttyp><attr xmlns=""><attrlabl>FID</attrlabl><attrdef>Internal feature number.</attrdef><attrdefs>ESRI</attrdefs><attrdomv><udom>Sequential unique whole numbers that are automatically generated.</udom></attrdomv><attalias Sync="TRUE">FID</attalias><attrtype Sync="TRUE">OID</attrtype><attwidth Sync="TRUE">4</attwidth><atprecis Sync="TRUE">0</atprecis><attscale Sync="TRUE">0</attscale></attr><attr xmlns=""><attrlabl>Shape</attrlabl><attrdef>Feature geometry.</attrdef><attrdefs>ESRI</attrdefs><attrdomv><udom>Coordinates defining the features.</udom></attrdomv><attalias Sync="TRUE">Shape</attalias><attrtype Sync="TRUE">Geometry</attrtype><attwidth Sync="TRUE">0</attwidth><atprecis Sync="TRUE">0</atprecis><attscale Sync="TRUE">0</attscale></attr><attr xmlns=""><attrlabl>PortCode</attrlabl><attrdef>Port Code</attrdef><attrdefs>Census Foreign Trade Division, The link is: http://www.census.gov/foreign-trade/reference/codes/index.html</attrdefs><attalias Sync="TRUE">PortCode</attalias><attrtype Sync="TRUE">String</attrtype><attwidth Sync="TRUE">4</attwidth><atprecis Sync="TRUE">0</atprecis><attscale Sync="TRUE">0</attscale></attr><attr xmlns=""><attrlabl>PortName</attrlabl><attrdef>Port Name</attrdef><attrdefs>Census Foreign Trade Division, The link is: http://www.census.gov/foreign-trade/reference/codes/index.html</attrdefs><attalias Sync="TRUE">PortName</attalias><attrtype Sync="TRUE">String</attrtype><attwidth Sync="TRUE">80</attwidth><atprecis Sync="TRUE">0</atprecis><attscale Sync="TRUE">0</attscale></attr><attr xmlns=""><attrlabl>State</attrlabl><attrdef>U.S. State Abbreviation</attrdef><attrdefs>Operator</attrdefs><attalias Sync="TRUE">State</attalias><attrtype Sync="TRUE">String</attrtype><attwidth Sync="TRUE">5</attwidth><atprecis Sync="TRUE">0</atprecis><attscale Sync="TRUE">0</attscale></attr><attr xmlns=""><attrlabl>CP_Name</attrlabl><attrdef>Coustoms Port Name</attrdef><attrdefs>Since the Border Crossing/Entry data are reported at the U.S. Customs and Border Protection (CBP) port level with unique port codes, a port name must be used to  present the ports which are sharing the same port code (most cases) for the surrounding ports.  For example, Buffalo-Niagara Falls (port code:0901) was selected to present four ports: Buffalo-Peace Bridge, Niagara Falls-Lewiston Bridge,  Niagara Falls-Rainbow Bridge and Niagara Falls-Whirlpool Bridge. The U.S. Census Bureau maintains a list of Customs districts/ports, port codes and descriptions known as the Schedule D.  The most recent Schedule D is available from the U.S. Census Bureau?s Foreign Trade Division at: http://www.census.gov/foreign-trade/schedules/d/dist2.txt.</attrdefs><attalias Sync="TRUE">CP_Name</attalias><attrtype Sync="TRUE">String</attrtype><attwidth Sync="TRUE">50</attwidth><atprecis Sync="TRUE">0</atprecis><attscale Sync="TRUE">0</attscale></attr><attr xmlns=""><attrlabl>UniqueID</attrlabl><attrdef>A number that is a unique identifier for each border crossing</attrdef><attrdefs>USDOT-RITA-BTS</attrdefs><attrdomv><udom>Coordinates defining the features.</udom></attrdomv><attalias Sync="TRUE">UNIQUEID</attalias><attrtype Sync="TRUE">String</attrtype><attwidth Sync="TRUE">4</attwidth><atprecis Sync="TRUE">0</atprecis><attscale Sync="TRUE">0</attscale></attr><attr xmlns=""><attrlabl>Year</attrlabl><attalias Sync="TRUE">Year</attalias><attrtype Sync="TRUE">Double</attrtype><attwidth Sync="TRUE">16</attwidth><attrdef>Year of the attribute data</attrdef><attrdefs>RITA/BTS-Border Crossing/Entry Data</attrdefs><attrdomv><edom><edomv>2009</edomv><edomvd>Year of the attribute information</edomvd><edomvds>RITA/BTS-Border Crossing/Entry Data</edomvds></edom></attrdomv><atprecis Sync="TRUE">15</atprecis><attscale Sync="TRUE">6</attscale></attr><attr xmlns=""><attrlabl>Trucks</attrlabl><attrdef>Number of arriving trucks; does not include privately owned pick-up trucks.</attrdef><attrdefs>RITA/BTS-Border Crossing/Entry Data</attrdefs><attrdomv><rdom><rdommin>0</rdommin><rdommax>1382319</rdommax></rdom></attrdomv><attalias Sync="TRUE">Trucks</attalias><attrtype Sync="TRUE">Double</attrtype><attwidth Sync="TRUE">16</attwidth><atprecis Sync="TRUE">15</atprecis><attscale Sync="TRUE">6</attscale></attr><attr xmlns=""><attrlabl>Loaded_Tru</attrlabl><attrdef>A container (loaded) is any conveyance entering the U.S. used for commercial purposes, full or empty. In this case, it is the number of full or empty truck containers arriving at a port. This series includes containers moving as inbound shipments.</attrdef><attrdefs>RITA/BTS-Border Crossing/Entry Data</attrdefs><attrdomv><rdom><rdommin>0</rdommin><rdommax>984285</rdommax></rdom></attrdomv><attalias Sync="TRUE">Loaded_Tru</attalias><attrtype Sync="TRUE">Double</attrtype><attwidth Sync="TRUE">16</attwidth><atprecis Sync="TRUE">15</atprecis><attscale Sync="TRUE">6</attscale></attr><attr xmlns=""><attrlabl>Empty_Truc</attrlabl><attrdef>A container (empty) is any conveyance entering the U.S. used for commercial purposes, full or empty. In this case, it is the number of full or empty truck containers arriving at a port. This series includes containers moving as inbound shipments.</attrdef><attrdefs>RITA/BTS-Border Crossing/Entry Data</attrdefs><attrdomv><rdom><rdommin>0</rdommin><rdommax>457514</rdommax></rdom></attrdomv><attalias Sync="TRUE">Empty_Truc</attalias><attrtype Sync="TRUE">Double</attrtype><attwidth Sync="TRUE">16</attwidth><atprecis Sync="TRUE">15</atprecis><attscale Sync="TRUE">6</attscale></attr><attr xmlns=""><attrlabl>Trains</attrlabl><attrdef>Number of arriving trains at a particular port.</attrdef><attrdefs>RITA/BTS-Border Crossing/Entry Data</attrdefs><attrdomv><rdom><rdommin>0</rdommin><rdommax>3286</rdommax></rdom></attrdomv><attalias Sync="TRUE">Trains</attalias><attrtype Sync="TRUE">Double</attrtype><attwidth Sync="TRUE">16</attwidth><atprecis Sync="TRUE">15</atprecis><attscale Sync="TRUE">6</attscale></attr><attr xmlns=""><attrlabl>Loaded_Rai</attrlabl><attrdef>A container (loaded) is any conveyance entering the U.S. used for commercial purposes, full or empty. In this case, it is the number of full or empty rail containers arriving at a port. This series includes containers moving as inbound shipments.</attrdef><attrdefs>RITA/BTS-Border Crossing/Entry Data</attrdefs><attrdomv><rdom><rdommin>0</rdommin><rdommax>224202</rdommax></rdom></attrdomv><attalias Sync="TRUE">Loaded_Rai</attalias><attrtype Sync="TRUE">Double</attrtype><attwidth Sync="TRUE">16</attwidth><atprecis Sync="TRUE">15</atprecis><attscale Sync="TRUE">6</attscale></attr><attr xmlns=""><attrlabl>Empty_Rail</attrlabl><attrdef>A container (empty) is any conveyance entering the U.S. used for commercial purposes, full or empty. In this case, it is the number of full or empty rail containers arriving at a port. This series includes containers moving as inbound shipments.</attrdef><attrdefs>RITA/BTS-Border Crossing/Entry Data</attrdefs><attrdomv><rdom><rdommin>0</rdommin><rdommax>172718</rdommax></rdom></attrdomv><attalias Sync="TRUE">Empty_Rail</attalias><attrtype Sync="TRUE">Double</attrtype><attwidth Sync="TRUE">16</attwidth><atprecis Sync="TRUE">15</atprecis><attscale Sync="TRUE">6</attscale></attr><attr xmlns=""><attrlabl>Train_Pass</attrlabl><attrdef>Number of passengers and crew arriving by train and requiring U.S. Customs processing.</attrdef><attrdefs>RITA/BTS-Border Crossing/Entry Data</attrdefs><attrdomv><rdom><rdommin>0</rdommin><rdommax>64751</rdommax></rdom></attrdomv><attalias Sync="TRUE">Train_Pass</attalias><attrtype Sync="TRUE">Double</attrtype><attwidth Sync="TRUE">16</attwidth><atprecis Sync="TRUE">15</atprecis><attscale Sync="TRUE">6</attscale></attr><attr xmlns=""><attrlabl>Buses</attrlabl><attrdef>Number of arriving buses at a particular port, whether or not they are carrying passengers.</attrdef><attrdefs>RITA/BTS-Border Crossing/Entry Data</attrdefs><attrdomv><rdom><rdommin>0</rdommin><rdommax>72450</rdommax></rdom></attrdomv><attalias Sync="TRUE">Buses</attalias><attrtype Sync="TRUE">Double</attrtype><attwidth Sync="TRUE">16</attwidth><atprecis Sync="TRUE">15</atprecis><attscale Sync="TRUE">6</attscale></attr><attr xmlns=""><attrlabl>Bus_Passen</attrlabl><attrdef>Number of persons arriving by bus requiring U.S. Customs processing.</attrdef><attrdefs>RITA/BTS-Border Crossing/Entry Data</attrdefs><attrdomv><rdom><rdommin>0</rdommin><rdommax>883448</rdommax></rdom></attrdomv><attalias Sync="TRUE">Bus_Passen</attalias><attrtype Sync="TRUE">Double</attrtype><attwidth Sync="TRUE">16</attwidth><atprecis Sync="TRUE">15</atprecis><attscale Sync="TRUE">6</attscale></attr><attr xmlns=""><attrlabl>Personal_V</attrlabl><attrdef>Number of privately owned vehicles (POVs) arriving at a particular port. Includes pick-up trucks, motorcycles, recreational vehicles, taxis, snowmobiles, ambulances, hearses, and other motorized private ground vehicles.</attrdef><attrdefs>RITA/BTS-Border Crossing/Entry Data</attrdefs><attrdomv><rdom><rdommin>0</rdommin><rdommax>13354887</rdommax></rdom></attrdomv><attalias Sync="TRUE">Personal_V</attalias><attrtype Sync="TRUE">Double</attrtype><attwidth Sync="TRUE">16</attwidth><atprecis Sync="TRUE">15</atprecis><attscale Sync="TRUE">6</attscale></attr><attr xmlns=""><attrlabl>Personal_1</attrlabl><attrdef>Passengers Crossing In Privately Owned Vehicles-Persons entering the United States at a particular port by private automobiles, pick-up trucks, motorcycles, recreational vehicles, taxis, ambulances, hearses, tractors, snowmobiles and other motorized private ground vehicles.</attrdef><attrdefs>RITA/BTS-Border Crossing/Entry Data</attrdefs><attrdomv><rdom><rdommin>0</rdommin><rdommax>23934882</rdommax></rdom></attrdomv><attalias Sync="TRUE">Personal_1</attalias><attrtype Sync="TRUE">Double</attrtype><attwidth Sync="TRUE">16</attwidth><atprecis Sync="TRUE">15</atprecis><attscale Sync="TRUE">6</attscale></attr><attr xmlns=""><attrlabl Sync="TRUE">Pedestrian</attrlabl><attalias Sync="TRUE">Pedestrian</attalias><attrtype Sync="TRUE">Double</attrtype><attwidth Sync="TRUE">16</attwidth><atprecis Sync="TRUE">15</atprecis><attscale Sync="TRUE">6</attscale></attr><attr xmlns=""><attrlabl Sync="TRUE">CLASS</attrlabl><attalias Sync="TRUE">CLASS</attalias><attrtype Sync="TRUE">SmallInteger</attrtype><attwidth Sync="TRUE">4</attwidth><attrdomv><edom><edomv>1</edomv><edomvd>Port of Entry</edomvd><edomvds>RITA/BTS</edomvds></edom><edom><edomv>2</edomv><edomvd>Other Crossing</edomvd><edomvds>RITA/BTS</edomvds></edom></attrdomv><attrdef>Class of the border port. 1 - Port of Entry, 2 - Other Crossing</attrdef><attrdefs>RITA/BTS</attrdefs><atprecis Sync="TRUE">4</atprecis><attscale Sync="TRUE">0</attscale></attr><attr xmlns=""><attrlabl>STFIPS</attrlabl><attrdef>State FIPS code</attrdef><attrdefs>NIST</attrdefs><attrdomv><codesetd><codesetn>Federal Information Processing Standard (FIPS), Publication 6-4</codesetn><codesets>National Institute for Standards and Technology (NIST)</codesets></codesetd></attrdomv><attalias Sync="TRUE">STFIPS</attalias><attrtype Sync="TRUE">String</attrtype><attwidth Sync="TRUE">2</attwidth><atprecis Sync="TRUE">0</atprecis><attscale Sync="TRUE">0</attscale></attr></detailed></eainfo><mdHrLvName Sync="TRUE">dataset</mdHrLvName><refSysInfo><RefSystem dimension=""><refSysID><identCode code="4326" Sync="TRUE" value="4326"/><idCodeSpace Sync="TRUE">EPSG</idCodeSpace><idVersion Sync="TRUE">7.9.4</idVersion></refSysID></RefSystem></refSysInfo><spatRepInfo><VectSpatRep><geometObjs Name="border_x"><geoObjTyp><GeoObjTypCd value="004" Sync="TRUE"/></geoObjTyp><geoObjCnt Sync="TRUE">171</geoObjCnt></geometObjs><topLvl><TopoLevCd value="001" Sync="TRUE"/></topLvl></VectSpatRep></spatRepInfo><spdoinfo><ptvctinf><esriterm Name="border_x"><efeatyp Sync="TRUE">Simple</efeatyp><efeageom code="1" Sync="TRUE"/><esritopo Sync="TRUE">FALSE</esritopo><efeacnt Sync="TRUE">171</efeacnt><spindex Sync="TRUE">TRUE</spindex><linrefer Sync="TRUE">FALSE</linrefer></esriterm></ptvctinf></spdoinfo><mdDateSt Sync="TRUE">20130506</mdDateSt><mdMaint><maintFreq><MaintFreqCd value="008"/></maintFreq><maintCont><rpIndName>Steven Beningo</rpIndName><rpOrgName>USDOT-RITA-BTS</rpOrgName><rpPosName>International Transportation Specialist</rpPosName><rpCntInfo><cntPhone><voiceNum tddtty="">(202) 366-9683</voiceNum></cntPhone><cntAddress addressType="postal"><delPoint>U.S. Department of Transportation</delPoint><delPoint>Research and Innovative Technology Administration</delPoint><delPoint>Bureau of Transportation Statistics</delPoint><city>Washington</city><adminArea>DC</adminArea><postCode>20590</postCode><country>US</country><eMailAdd>steven.beningo@dot.gov</eMailAdd></cntAddress><cntHours>8:00AM-4:30PM EST</cntHours></rpCntInfo><role><RoleCd value="007"/></role><displayName>Steven Beningo</displayName><displayName>Steven Beningo</displayName></maintCont></mdMaint><mdChar><CharSetCd value="004"/></mdChar><mdContact xmlns=""><rpIndName>Steven Beningo</rpIndName><rpOrgName>USDOT-RITA-BTS</rpOrgName><rpPosName>International Transportation Specialist</rpPosName><rpCntInfo xmlns=""><cntPhone><voiceNum tddtty="">(202) 366-9683</voiceNum></cntPhone><cntAddress addressType="postal"><delPoint>U.S. Department of Transportation</delPoint><delPoint>Research and Innovative Technology Administration</delPoint><delPoint>Bureau of Transportation Statistics</delPoint><city>Washington</city><adminArea>DC</adminArea><postCode>20590</postCode><country>US</country><eMailAdd>steven.beningo@dot.gov</eMailAdd></cntAddress><cntHours>8:00AM-4:30PM EST</cntHours></rpCntInfo><role><RoleCd value="007"/></role><displayName>Steven Beningo</displayName></mdContact><mdContact xmlns=""><rpIndName>National Transportation Atlas Database (NTAD) 2013</rpIndName><rpOrgName>Research and Innovative Technology Administration's Bureau of Transportation Statistics (RITA/BTS)</rpOrgName><rpCntInfo xmlns=""><cntPhone><voiceNum tddtty="">202-366-DATA</voiceNum></cntPhone><cntAddress addressType="both"><delPoint>1200 New Jersey Ave., SE</delPoint><city>Washington</city><adminArea>DC</adminArea><postCode>20590</postCode><country>US</country><eMailAdd>answers@bts.gov</eMailAdd></cntAddress></rpCntInfo><role><RoleCd value="005"/></role><rpPosName>Office of Geospatial Information Systems</rpPosName><displayName>Office of Geospatial Information Systems</displayName></mdContact></metadata>
