<metadata xml:lang="en"><Esri><CreaDate>20130401</CreaDate><CreaTime>11572300</CreaTime><SyncOnce>FALSE</SyncOnce><DataProperties><itemProps><itemLocation><linkage Sync="FALSE">withheld</linkage><protocol Sync="TRUE">Local Area Network</protocol></itemLocation><itemName Sync="TRUE">nbi</itemName><imsContentType Sync="TRUE" export="False">002</imsContentType><nativeExtBox><westBL Sync="TRUE">-174.140000</westBL><eastBL Sync="TRUE">0.000000</eastBL><southBL Sync="TRUE">0.000000</southBL><northBL Sync="TRUE">69.150556</northBL><exTypeCode Sync="TRUE">1</exTypeCode></nativeExtBox><itemSize Sync="TRUE">16.219</itemSize></itemProps><coordRef><type Sync="TRUE">Geographic</type><geogcsn Sync="TRUE">GCS_WGS_1984</geogcsn><csUnits Sync="TRUE">Angular Unit: Degree (0.017453)</csUnits><peXml Sync="TRUE">&lt;GeographicCoordinateSystem xsi:type='typens:GeographicCoordinateSystem' xmlns:xsi='http://www.w3.org/2001/XMLSchema-instance' xmlns:xs='http://www.w3.org/2001/XMLSchema' xmlns:typens='http://www.esri.com/schemas/ArcGIS/10.1'&gt;&lt;WKT&gt;GEOGCS[&amp;quot;GCS_WGS_1984&amp;quot;,DATUM[&amp;quot;D_WGS_1984&amp;quot;,SPHEROID[&amp;quot;WGS_1984&amp;quot;,6378137.0,298.257223563]],PRIMEM[&amp;quot;Greenwich&amp;quot;,0.0],UNIT[&amp;quot;Degree&amp;quot;,0.0174532925199433],METADATA[&amp;quot;World&amp;quot;,-180.0,-90.0,180.0,90.0,0.0,0.0174532925199433,0.0,1262],AUTHORITY[&amp;quot;EPSG&amp;quot;,4326]]&lt;/WKT&gt;&lt;XOrigin&gt;-400&lt;/XOrigin&gt;&lt;YOrigin&gt;-400&lt;/YOrigin&gt;&lt;XYScale&gt;11258999068426.238&lt;/XYScale&gt;&lt;ZOrigin&gt;-100000&lt;/ZOrigin&gt;&lt;ZScale&gt;10000&lt;/ZScale&gt;&lt;MOrigin&gt;-100000&lt;/MOrigin&gt;&lt;MScale&gt;10000&lt;/MScale&gt;&lt;XYTolerance&gt;8.983152841195215e-009&lt;/XYTolerance&gt;&lt;ZTolerance&gt;0.001&lt;/ZTolerance&gt;&lt;MTolerance&gt;0.001&lt;/MTolerance&gt;&lt;HighPrecision&gt;true&lt;/HighPrecision&gt;&lt;LeftLongitude&gt;-180&lt;/LeftLongitude&gt;&lt;WKID&gt;4326&lt;/WKID&gt;&lt;LatestWKID&gt;4326&lt;/LatestWKID&gt;&lt;/GeographicCoordinateSystem&gt;</peXml></coordRef></DataProperties><ArcGISstyle>ISO 19139 Metadata Implementation Specification</ArcGISstyle><ModDate>20130411</ModDate><ModTime>12292900</ModTime><ArcGISFormat>1.0</ArcGISFormat><SyncDate>20130411</SyncDate><SyncTime>12292900</SyncTime><scaleRange><minScale>150000000</minScale><maxScale>5000</maxScale></scaleRange><ArcGISProfile>ISO19139</ArcGISProfile></Esri><mdLang><languageCode value="eng"/><countryCode value="USA" Sync="TRUE"/></mdLang><mdChar><CharSetCd value="004"/></mdChar><mdHrLv><ScopeCd value="005"/></mdHrLv><mdContact xmlns=""><rpIndName>Office of Geospatial Information Systems</rpIndName><rpOrgName>Research and Innovative Technology Administration's Bureau of Transportation Statistics (RITA/BTS)</rpOrgName><rpCntInfo xmlns=""><cntPhone><voiceNum tddtty="">202-366-DATA</voiceNum><faxNum>202-366-3640</faxNum></cntPhone><cntAddress addressType="postal"><delPoint>1200 New Jersey Ave, SE</delPoint><city>Washington</city><adminArea>DC</adminArea><postCode>20590</postCode><country>US</country><eMailAdd>answers@bts.gov</eMailAdd></cntAddress></rpCntInfo><role><RoleCd value="007"/></role></mdContact><mdStanName>ArcGIS Metadata</mdStanName><mdStanVer>1.0</mdStanVer><distInfo xmlns=""><distributor xmlns=""><distorCont xmlns=""><rpIndName>Office of Geospatial Information Systems</rpIndName><rpOrgName>Research and Innovative Technology Administration's Bureau of Transportation Statistics (RITA/BTS)</rpOrgName><rpCntInfo xmlns=""><cntPhone><voiceNum tddtty="">202-366-DATA</voiceNum><faxNum>202-366-3640</faxNum></cntPhone><cntAddress addressType="both"><delPoint>1200 New Jersey Ave., SE</delPoint><city>Washington</city><adminArea>DC</adminArea><postCode>20590</postCode><country>US</country><eMailAdd>answers@bts.gov</eMailAdd></cntAddress></rpCntInfo><role><RoleCd value="005"/></role></distorCont><distorOrdPrc xmlns=""><resFees units="">None</resFees><planAvDtTm>2011-01-01T00:00:00</planAvDtTm><ordInstr>Call (202-366-DATA), fax (202-366-3640), or E-mail (answers@bts.gov) RITA/BTS to request the National Transportation Atlas Databases (NTAD) 2013 DVD. The NTAD DVD can be ordered from the online bookstore at www.bts.gov. Individual datasets from the NTAD can also be downloaded from the Office of Geospatial Information Systems website at http://www.bts.gov/programs/geographic_information_services/</ordInstr></distorOrdPrc><distorFormat xmlns=""><formatName>ESRI Shapefile</formatName><formatVer>2013</formatVer><fileDecmTech>No compression applied. However, if using digital transfer online option, note access instructions.</fileDecmTech></distorFormat><distorTran xmlns=""><offLineMed xmlns=""><medName><MedNameCd value="002"/></medName><medFormat><MedFormCd value="004"/></medFormat></offLineMed></distorTran><distorTran xmlns=""><onLineSrc xmlns=""><orDesc>National Transportation Atlas Databases (NTAD) 2013</orDesc></onLineSrc></distorTran></distributor><distTranOps xmlns=""><onLineSrc xmlns=""><linkage>http://www.fhwa.dot.gov/</linkage></onLineSrc><transSize Sync="TRUE">16.219</transSize></distTranOps><distFormat xmlns=""><formatName Sync="TRUE">Shapefile</formatName></distFormat></distInfo><dataIdInfo><idCitation xmlns=""><date><pubDate>2011-01-01T00:00:00</pubDate></date><citRespParty xmlns=""><rpOrgName>Federal Highway Administration (FHWA)</rpOrgName><rpCntInfo xmlns=""><cntAddress addressType=""><delPoint>Washington DC</delPoint></cntAddress></rpCntInfo><role><RoleCd value="010"/></role></citRespParty><citRespParty xmlns=""><rpOrgName>FHWA</rpOrgName><role><RoleCd value="006"/></role></citRespParty><collTitle>National Transportation Atlas Databases (NTAD) 2013</collTitle><citOnlineRes><linkage>http://www.fhwa.dot.gov/</linkage></citOnlineRes><resTitle Sync="TRUE">nbi</resTitle><presForm xmlns=""><PresFormCd value="005" Sync="TRUE"/></presForm></idCitation><idAbs>&lt;DIV STYLE="text-align:Left;"&gt;&lt;DIV&gt;&lt;DIV&gt;&lt;P&gt;&lt;SPAN&gt;The NBI is a collection of information (database) describing the more than 600,000 of the Nation's bridges located on public roads, including Interstate Highways, U.S. highways, State and county roads, as well as publicly-accessible bridges on Federal lands. It presents a State by State summary analysis of the number, location, and general condition of highway bridges within each State.&lt;/SPAN&gt;&lt;/P&gt;&lt;/DIV&gt;&lt;/DIV&gt;&lt;/DIV&gt;</idAbs><idPurp>To document the nation's bridge inventory.</idPurp><idStatus><ProgCd value="007"/></idStatus><idPoC xmlns=""><rpOrgName>Federal Highway Administration</rpOrgName><rpCntInfo xmlns=""><cntPhone><voiceNum tddtty="">202-366-0660</voiceNum></cntPhone><cntInstr>Federal Highway Administration 1200 New Jersey Ave., SE Washington, DC 20590</cntInstr></rpCntInfo><role><RoleCd value="007"/></role></idPoC><resMaint xmlns=""><maintFreq><MaintFreqCd value="008"/></maintFreq></resMaint><placeKeys xmlns=""><keyword>United States</keyword></placeKeys><tempKeys xmlns=""><keyword>2011</keyword><keyword>2010</keyword><keyword>2012</keyword><keyword>2013</keyword></tempKeys><themeKeys xmlns=""><thesaName><resTitle>Appraisel</resTitle></thesaName><keyword>Appraisel</keyword><keyword>Bridges</keyword><keyword>Inventory</keyword></themeKeys><themeKeys xmlns=""><thesaName><resTitle>Bridges</resTitle></thesaName><keyword>Apraisel</keyword><keyword>Bridges</keyword><keyword>Inventory</keyword></themeKeys><themeKeys xmlns=""><thesaName><resTitle>Inventory</resTitle></thesaName></themeKeys><searchKeys><keyword>2011</keyword><keyword>Appraisel</keyword><keyword>2010</keyword><keyword>Apraisel</keyword><keyword>Bridges</keyword><keyword>Bridges</keyword><keyword>Inventory</keyword><keyword>Inventory</keyword><keyword>United States</keyword><keyword>2012</keyword><keyword>2013</keyword></searchKeys><resConst><LegConsts xmlns=""><useLimit>None</useLimit></LegConsts></resConst><resConst><SecConsts xmlns=""><class><ClasscationCd value="001"/></class><classSys>None</classSys></SecConsts></resConst><resConst><Consts xmlns=""><useLimit>&lt;DIV STYLE="text-align:Left;"&gt;&lt;DIV&gt;&lt;DIV&gt;&lt;P&gt;&lt;SPAN&gt;The NBI database, or any portion thereof, can be freely distributed as long as this metadata entry is included with each distribution. The original metadata entry cannot be modified or deleted from any data transfer.&lt;/SPAN&gt;&lt;/P&gt;&lt;/DIV&gt;&lt;/DIV&gt;&lt;/DIV&gt;</useLimit></Consts></resConst><aggrInfo xmlns=""><aggrDSName xmlns=""><resTitle>National Transportation Atlas Databases (NTAD) 2013</resTitle><date><pubDate>2011-01-01T00:00:00</pubDate></date><resEd>2013</resEd><citRespParty xmlns=""><rpOrgName>Research and Innovative Technology Administration's Bureau of Transportation Statistics (RITA/BTS)</rpOrgName><role><RoleCd value="006"/></role></citRespParty><citRespParty xmlns=""><rpOrgName>Research and Innovative Technology Administration's Bureau of Transportation Statistics (RITA/BTS)</rpOrgName><rpCntInfo xmlns=""><cntAddress addressType=""><delPoint>Washington DC</delPoint></cntAddress></rpCntInfo><role><RoleCd value="010"/></role></citRespParty><citOnlineRes><linkage>http://www.bts.gov/programs/geographic_information_services/</linkage></citOnlineRes></aggrDSName><assocType><AscTypeCd value="001"/></assocType></aggrInfo><aggrInfo xmlns=""><aggrDSName xmlns=""><resTitle>National Transportation Atlas Databases (NTAD) 2013</resTitle><date><pubDate>2011-01-01T00:00:00</pubDate></date><citRespParty xmlns=""><rpOrgName>Research and Innovative Technology Administration's Bureau of Transportation Statistics (RITA/BTS)</rpOrgName><rpCntInfo xmlns=""><cntAddress addressType=""><delPoint>Washington DC</delPoint></cntAddress></rpCntInfo><role><RoleCd value="010"/></role></citRespParty><citRespParty xmlns=""><rpOrgName>Research and Innovative Technology Administration's Bureau of Transportation Statistics (RITA/BTS)</rpOrgName><role><RoleCd value="006"/></role></citRespParty><presForm xmlns=""><PresFormCd value="005"/></presForm><presForm xmlns=""><fgdcGeoform>vector digital data</fgdcGeoform></presForm><citOnlineRes><linkage>http://www.bts.gov/programs/geographic_information_services/</linkage></citOnlineRes></aggrDSName><assocType><AscTypeCd value="002"/></assocType></aggrInfo><dataLang><languageCode value="eng"/><countryCode value="USA" Sync="TRUE"/></dataLang><dataExt xmlns=""><exDesc>publication date</exDesc><tempEle><TempExtent><exTemp><TM_Instant><tmPosition>2011-01-01T00:00:00</tmPosition></TM_Instant></exTemp></TempExtent></tempEle></dataExt><dataChar><CharSetCd value="004"/></dataChar><envirDesc Sync="TRUE">Microsoft Windows 7 Version 6.1 (Build 7601) Service Pack 1; Esri ArcGIS 10.1.0.3035</envirDesc><spatRpType><SpatRepTypCd value="001" Sync="TRUE"/></spatRpType><dataExt xmlns=""><geoEle xmlns=""><GeoBndBox esriExtentType="search"><exTypeCode Sync="TRUE">1</exTypeCode><westBL Sync="TRUE">-174.140000</westBL><eastBL Sync="TRUE">0.000000</eastBL><northBL Sync="TRUE">69.150556</northBL><southBL Sync="TRUE">0.000000</southBL></GeoBndBox></geoEle></dataExt><idPoC xmlns=""><rpIndName>Office of Geospatial Information Systems</rpIndName><rpOrgName>Research and Innovative Technology Administration's Bureau of Transportation Statistics (RITA/BTS)</rpOrgName><rpCntInfo xmlns=""><cntPhone><voiceNum tddtty="">202-366-DATA</voiceNum><faxNum>202-366-3640</faxNum></cntPhone><cntAddress addressType="postal"><delPoint>1200 New Jersey Ave, SE</delPoint><city>Washington</city><adminArea>DC</adminArea><postCode>20590</postCode><country>US</country><eMailAdd>answers@bts.gov</eMailAdd></cntAddress></rpCntInfo><role><RoleCd value="007"/></role><displayName>Office of Geospatial Information Systems</displayName></idPoC><tpCat><TopicCatCd value="012"/></tpCat><tpCat><TopicCatCd value="013"/></tpCat><tpCat><TopicCatCd value="017"/></tpCat><tpCat><TopicCatCd value="018"/></tpCat></dataIdInfo><dqInfo xmlns=""><dqScope><scpLvl><ScopeCd value="005"/></scpLvl></dqScope><report type="DQConcConsis" dimension="" xmlns=""><measDesc>RITA/BTS quality checks were to cross reference the NBI dataset with an up-to-date TeleAtlas dataset, to determine that the spatial data and attribute data were accurate. For those bridges that were not matched to the TeleAtlas data, an attempt was made to use the State supplied longitude-latitude data contained in the NBI. If the resulting point fell within the State, then that location was used. If the point fell outside of the State, it is coded to longitude-latitude 0-0. See the STATUS attribute for more information.</measDesc></report><dataLineage><prcStep xmlns=""><stepDesc>Conflated to TeleAtlas Road Network</stepDesc></prcStep><dataSource xmlns="" type=""><srcMedName><MedNameCd value="015"/></srcMedName><srcCitatn xmlns=""><resTitle>National Bridge Inventory</resTitle><resAltTitle>NBI</resAltTitle><date><pubDate>2011-01-01T00:00:00</pubDate></date><citRespParty xmlns=""><rpOrgName>FHWA</rpOrgName><role><RoleCd value="006"/></role></citRespParty><citRespParty xmlns=""><rpOrgName>FHWA</rpOrgName><rpCntInfo><cntAddress><delPoint>Washington DC</delPoint></cntAddress></rpCntInfo><role><RoleCd value="010"/></role></citRespParty><presForm xmlns=""><PresFormCd value="005"/></presForm><presForm xmlns=""><fgdcGeoform>vector digital data</fgdcGeoform></presForm><datasetSeries><seriesName>National Bridge Inventory</seriesName></datasetSeries><citOnlineRes><linkage>http://www.fhwa.dot.gov/bridge/nbi.htm</linkage></citOnlineRes></srcCitatn><srcExt xmlns=""><tempEle><TempExtent><exTemp><TM_Instant><tmPosition>2011-01-01</tmPosition></TM_Instant></exTemp></TempExtent></tempEle></srcExt></dataSource></dataLineage></dqInfo><eainfo><detailed Name="nbi" xmlns=""><enttyp><enttypl Sync="TRUE">nbi</enttypl><enttypt Sync="TRUE">Feature Class</enttypt><enttypc Sync="TRUE">607375</enttypc></enttyp><attr xmlns=""><attrlabl Sync="TRUE">FID</attrlabl><attalias Sync="TRUE">FID</attalias><attrtype Sync="TRUE">OID</attrtype><attwidth Sync="TRUE">4</attwidth><atprecis Sync="TRUE">0</atprecis><attscale Sync="TRUE">0</attscale><attrdef Sync="TRUE">Internal feature number.</attrdef><attrdefs Sync="TRUE">ESRI</attrdefs><attrdomv><udom Sync="TRUE">Sequential unique whole numbers that are automatically generated.</udom></attrdomv></attr><attr xmlns=""><attrlabl Sync="TRUE">Shape</attrlabl><attalias Sync="TRUE">Shape</attalias><attrtype Sync="TRUE">Geometry</attrtype><attwidth Sync="TRUE">0</attwidth><atprecis Sync="TRUE">0</atprecis><attscale Sync="TRUE">0</attscale><attrdef Sync="TRUE">Feature geometry.</attrdef><attrdefs Sync="TRUE">ESRI</attrdefs><attrdomv><udom Sync="TRUE">Coordinates defining the features.</udom></attrdomv></attr><attr xmlns=""><attrlabl Sync="TRUE">STFIPS</attrlabl><attalias Sync="TRUE">STFIPS</attalias><attrtype Sync="TRUE">String</attrtype><attwidth Sync="TRUE">2</attwidth><attrdef>State FIPS Code</attrdef><attrdefs>FHWA</attrdefs><attrdomv><codesetd><codesetn>Federal Information Processing Standard- FIPS Pub 6-4</codesetn><codesets>National Institute for Standards and Technology (NIST)</codesets></codesetd></attrdomv><atprecis Sync="TRUE">0</atprecis><attscale Sync="TRUE">0</attscale></attr><attr xmlns=""><attrlabl Sync="TRUE">REGION</attrlabl><attalias Sync="TRUE">REGION</attalias><attrtype Sync="TRUE">String</attrtype><attwidth Sync="TRUE">1</attwidth><attrdef>The FHWA reginon in which the bride exists</attrdef><attrdefs>FHWA</attrdefs><attrdomv><codesetd><codesetn>Recording and Coding Guide for the Structure Inventory and Appraisal of the Nation's Bridges</codesetn><codesets>Federal Highway Administration</codesets></codesetd></attrdomv><atprecis Sync="TRUE">0</atprecis><attscale Sync="TRUE">0</attscale></attr><attr xmlns=""><attrlabl>ITEM8</attrlabl><attrdef>Structure Number</attrdef><attrdefs>Federal Highway Administration</attrdefs><attrdomv><codesetd><codesetn>Recording and Coding Guide for the Structure Inventory and Appraisal of the Nation's Bridges</codesetn><codesets>Federal Highway Administration</codesets></codesetd></attrdomv><attrtype Sync="TRUE">String</attrtype><attwidth Sync="TRUE">15</attwidth><attalias Sync="TRUE">ITEM8</attalias><atprecis Sync="TRUE">0</atprecis><attscale Sync="TRUE">0</attscale></attr><attr xmlns=""><attrlabl>ITEM5A</attrlabl><attrdef>Record Type</attrdef><attrdefs>Federal Highway Administration</attrdefs><attrdomv><codesetd><codesetn>Recording and Coding Guide for the Structure Inventory and Appraisal of the Nation's Bridges</codesetn><codesets>Federal Highway Administration</codesets></codesetd></attrdomv><attrtype Sync="TRUE">String</attrtype><attwidth Sync="TRUE">1</attwidth><attalias Sync="TRUE">ITEM5A</attalias><atprecis Sync="TRUE">0</atprecis><attscale Sync="TRUE">0</attscale></attr><attr xmlns=""><attrlabl>ITEM5B</attrlabl><attrdef>Route Signing Prefix</attrdef><attrdefs>Federal Highway Administration</attrdefs><attrdomv><codesetd><codesetn>Recording and Coding Guide for the Structure Inventory and Appraisal of the Nation's Bridges</codesetn><codesets>Federal Highway Administration</codesets></codesetd></attrdomv><attrtype Sync="TRUE">String</attrtype><attwidth Sync="TRUE">1</attwidth><attalias Sync="TRUE">ITEM5B</attalias><atprecis Sync="TRUE">0</atprecis><attscale Sync="TRUE">0</attscale></attr><attr xmlns=""><attrlabl>ITEM5C</attrlabl><attrdef>Designated Level of Service</attrdef><attrdefs>Federal Highway Administration</attrdefs><attrdomv><codesetd><codesetn>Recording and Coding Guide for the Structure Inventory and Appraisal of the Nation's Bridges</codesetn><codesets>Federal Highway Administration</codesets></codesetd></attrdomv><attrtype Sync="TRUE">String</attrtype><attwidth Sync="TRUE">1</attwidth><attalias Sync="TRUE">ITEM5C</attalias><atprecis Sync="TRUE">0</atprecis><attscale Sync="TRUE">0</attscale></attr><attr xmlns=""><attrlabl>ITEM5D</attrlabl><attrdef>Route Number</attrdef><attrdefs>Federal Highway Administration</attrdefs><attrdomv><codesetd><codesetn>Recording and Coding Guide for the Structure Inventory and Appraisal of the Nation's Bridges</codesetn><codesets>Federal Highway Administration</codesets></codesetd></attrdomv><attrtype Sync="TRUE">String</attrtype><attwidth Sync="TRUE">5</attwidth><attalias Sync="TRUE">ITEM5D</attalias><atprecis Sync="TRUE">0</atprecis><attscale Sync="TRUE">0</attscale></attr><attr xmlns=""><attrlabl>ITEM5E</attrlabl><attrdef>Directional Suffix</attrdef><attrdefs>Federal Highway Administration</attrdefs><attrdomv><codesetd><codesetn>Recording and Coding Guide for the Structure Inventory and Appraisal of the Nation's Bridges</codesetn><codesets>Federal Highway Administration</codesets></codesetd></attrdomv><attrtype Sync="TRUE">String</attrtype><attwidth Sync="TRUE">1</attwidth><attalias Sync="TRUE">ITEM5E</attalias><atprecis Sync="TRUE">0</atprecis><attscale Sync="TRUE">0</attscale></attr><attr xmlns=""><attrlabl>ITEM2</attrlabl><attrdef>Highway Agency District</attrdef><attrdefs>Federal Highway Administration</attrdefs><attrdomv><codesetd><codesetn>Recording and Coding Guide for the Structure Inventory and Appraisal of the Nation's Bridges</codesetn><codesets>Federal Highway Administration</codesets></codesetd></attrdomv><attrtype Sync="TRUE">String</attrtype><attwidth Sync="TRUE">2</attwidth><attalias Sync="TRUE">ITEM2</attalias><atprecis Sync="TRUE">0</atprecis><attscale Sync="TRUE">0</attscale></attr><attr xmlns=""><attrlabl>ITEM3</attrlabl><attrdef>County (Parish) Code	</attrdef><attrdefs>Federal Highway Administration</attrdefs><attrdomv><codesetd><codesetn>Recording and Coding Guide for the Structure Inventory and Appraisal of the Nation's Bridges</codesetn><codesets>Federal Highway Administration</codesets></codesetd></attrdomv><attrtype Sync="TRUE">String</attrtype><attwidth Sync="TRUE">3</attwidth><attalias Sync="TRUE">ITEM3</attalias><atprecis Sync="TRUE">0</atprecis><attscale Sync="TRUE">0</attscale></attr><attr xmlns=""><attrlabl>ITEM4</attrlabl><attrdef>Place Code</attrdef><attrdefs>Federal Highway Administration</attrdefs><attrdomv><codesetd><codesetn>Recording and Coding Guide for the Structure Inventory and Appraisal of the Nation's Bridges</codesetn><codesets>Federal Highway Administration</codesets></codesetd></attrdomv><attrtype Sync="TRUE">String</attrtype><attwidth Sync="TRUE">5</attwidth><attalias Sync="TRUE">ITEM4</attalias><atprecis Sync="TRUE">0</atprecis><attscale Sync="TRUE">0</attscale></attr><attr xmlns=""><attrlabl>ITEM6A</attrlabl><attrdef>Features Intersected	</attrdef><attrdefs>Federal Highway Administration</attrdefs><attrdomv><codesetd><codesetn>Recording and Coding Guide for the Structure Inventory and Appraisal of the Nation's Bridges</codesetn><codesets>Federal Highway Administration</codesets></codesetd></attrdomv><attrtype Sync="TRUE">String</attrtype><attwidth Sync="TRUE">24</attwidth><attalias Sync="TRUE">ITEM6A</attalias><atprecis Sync="TRUE">0</atprecis><attscale Sync="TRUE">0</attscale></attr><attr xmlns=""><attrlabl>ITEM6B</attrlabl><attrdef>Critical Facility Indicator</attrdef><attrdefs>Federal Highway Administration</attrdefs><attrdomv><codesetd><codesetn>Recording and Coding Guide for the Structure Inventory and Appraisal of the Nation's Bridges</codesetn><codesets>Federal Highway Administration</codesets></codesetd></attrdomv><attrtype Sync="TRUE">String</attrtype><attwidth Sync="TRUE">1</attwidth><attalias Sync="TRUE">ITEM6B</attalias><atprecis Sync="TRUE">0</atprecis><attscale Sync="TRUE">0</attscale></attr><attr xmlns=""><attrlabl>ITEM7</attrlabl><attrdef>Facility Carried By Structure</attrdef><attrdefs>Federal Highway Administration</attrdefs><attrdomv><codesetd><codesetn>Recording and Coding Guide for the Structure Inventory and Appraisal of the Nation's Bridges</codesetn><codesets>Federal Highway Administration</codesets></codesetd></attrdomv><attrtype Sync="TRUE">String</attrtype><attwidth Sync="TRUE">18</attwidth><attalias Sync="TRUE">ITEM7</attalias><atprecis Sync="TRUE">0</atprecis><attscale Sync="TRUE">0</attscale></attr><attr xmlns=""><attrlabl>ITEM9</attrlabl><attrdef>Location</attrdef><attrdefs>Federal Highway Administration</attrdefs><attrdomv><codesetd><codesetn>Recording and Coding Guide for the Structure Inventory and Appraisal of the Nation's Bridges</codesetn><codesets>Federal Highway Administration</codesets></codesetd></attrdomv><attrtype Sync="TRUE">String</attrtype><attwidth Sync="TRUE">25</attwidth><attalias Sync="TRUE">ITEM9</attalias><atprecis Sync="TRUE">0</atprecis><attscale Sync="TRUE">0</attscale></attr><attr xmlns=""><attrlabl>ITEM10</attrlabl><attrdef>Inventory Route/Min Vert Clearance</attrdef><attrdefs>Federal Highway Administration</attrdefs><attrdomv><codesetd><codesetn>Recording and Coding Guide for the Structure Inventory and Appraisal of the Nation's Bridges</codesetn><codesets>Federal Highway Administration</codesets></codesetd></attrdomv><attrtype Sync="TRUE">String</attrtype><attwidth Sync="TRUE">4</attwidth><attalias Sync="TRUE">ITEM10</attalias><atprecis Sync="TRUE">0</atprecis><attscale Sync="TRUE">0</attscale></attr><attr xmlns=""><attrlabl>ITEM11</attrlabl><attrdef>Kilometerpoint</attrdef><attrdefs>Federal Highway Administration</attrdefs><attrdomv><codesetd xmlns=""><codesetn>Recording and Coding Guide for the Structure Inventory and Appraisal of the Nation's Bridges</codesetn><codesets>Federal Highway Administration</codesets></codesetd></attrdomv><attrtype Sync="TRUE">String</attrtype><attwidth Sync="TRUE">7</attwidth><attalias Sync="TRUE">ITEM11</attalias><atprecis Sync="TRUE">0</atprecis><attscale Sync="TRUE">0</attscale></attr><attr xmlns=""><attrlabl>ITEM12</attrlabl><attrdef>Base Highway Network</attrdef><attrdefs>Federal Highway Administration</attrdefs><attrdomv><codesetd><codesetn>Recording and Coding Guide for the Structure Inventory and Appraisal of the Nation's Bridges</codesetn><codesets>Federal Highway Administration</codesets></codesetd></attrdomv><attrtype Sync="TRUE">String</attrtype><attwidth Sync="TRUE">1</attwidth><attalias Sync="TRUE">ITEM12</attalias><atprecis Sync="TRUE">0</atprecis><attscale Sync="TRUE">0</attscale></attr><attr xmlns=""><attrlabl>ITEM13A</attrlabl><attrdef>LRS Inventory Route</attrdef><attrdefs>Federal Highway Administration</attrdefs><attrdomv><codesetd><codesetn>Recording and Coding Guide for the Structure Inventory and Appraisal of the Nation's Bridges</codesetn><codesets>Federal Highway Administration</codesets></codesetd></attrdomv><attrtype Sync="TRUE">String</attrtype><attwidth Sync="TRUE">10</attwidth><attalias Sync="TRUE">ITEM13A</attalias><atprecis Sync="TRUE">0</atprecis><attscale Sync="TRUE">0</attscale></attr><attr xmlns=""><attrlabl>ITEM13B</attrlabl><attrdef>Subroute Number</attrdef><attrdefs>Federal Highway Administration</attrdefs><attrdomv><codesetd><codesetn>Recording and Coding Guide for the Structure Inventory and Appraisal of the Nation's Bridges</codesetn><codesets>Federal Highway Administration</codesets></codesetd></attrdomv><attrtype Sync="TRUE">String</attrtype><attwidth Sync="TRUE">2</attwidth><attalias Sync="TRUE">ITEM13B</attalias><atprecis Sync="TRUE">0</atprecis><attscale Sync="TRUE">0</attscale></attr><attr xmlns=""><attrlabl>ITEM16</attrlabl><attrdef>Latitude</attrdef><attrdefs>Federal Highway Administration</attrdefs><attrdomv><codesetd><codesetn>Recording and Coding Guide for the Structure Inventory and Appraisal of the Nation's Bridges</codesetn><codesets>Federal Highway Administration</codesets></codesetd></attrdomv><attrtype Sync="TRUE">String</attrtype><attwidth Sync="TRUE">8</attwidth><attalias Sync="TRUE">ITEM16</attalias><atprecis Sync="TRUE">0</atprecis><attscale Sync="TRUE">0</attscale></attr><attr xmlns=""><attrlabl>ITEM17</attrlabl><attrdef>Longitude</attrdef><attrdefs>Federal Highway Administration</attrdefs><attrdomv><codesetd><codesetn>Recording and Coding Guide for the Structure Inventory and Appraisal of the Nation's Bridges</codesetn><codesets>Federal Highway Administration</codesets></codesetd></attrdomv><attrtype Sync="TRUE">String</attrtype><attwidth Sync="TRUE">9</attwidth><attalias Sync="TRUE">ITEM17</attalias><atprecis Sync="TRUE">0</atprecis><attscale Sync="TRUE">0</attscale></attr><attr xmlns=""><attrlabl>ITEM19</attrlabl><attrdef>Bypass/Detour Length</attrdef><attrdefs>Federal Highway Administration</attrdefs><attrdomv><codesetd><codesetn>Recording and Coding Guide for the Structure Inventory and Appraisal of the Nation's Bridges</codesetn><codesets>Federal Highway Administration</codesets></codesetd></attrdomv><attrtype Sync="TRUE">String</attrtype><attwidth Sync="TRUE">3</attwidth><attalias Sync="TRUE">ITEM19</attalias><atprecis Sync="TRUE">0</atprecis><attscale Sync="TRUE">0</attscale></attr><attr xmlns=""><attrlabl>ITEM20</attrlabl><attrdef>Toll</attrdef><attrdefs>Federal Highway Administration</attrdefs><attrdomv><codesetd><codesetn>Recording and Coding Guide for the Structure Inventory and Appraisal of the Nation's Bridges</codesetn><codesets>Federal Highway Administration</codesets></codesetd></attrdomv><attrtype Sync="TRUE">String</attrtype><attwidth Sync="TRUE">1</attwidth><attalias Sync="TRUE">ITEM20</attalias><atprecis Sync="TRUE">0</atprecis><attscale Sync="TRUE">0</attscale></attr><attr xmlns=""><attrlabl>ITEM21</attrlabl><attrdef>Maintenance Responsibility</attrdef><attrdefs>Federal Highway Administration</attrdefs><attrdomv><codesetd><codesetn>Recording and Coding Guide for the Structure Inventory and Appraisal of the Nation's Bridges</codesetn><codesets>Federal Highway Administration</codesets></codesetd></attrdomv><attrtype Sync="TRUE">String</attrtype><attwidth Sync="TRUE">2</attwidth><attalias Sync="TRUE">ITEM21</attalias><atprecis Sync="TRUE">0</atprecis><attscale Sync="TRUE">0</attscale></attr><attr xmlns=""><attrlabl>ITEM22</attrlabl><attrdef>Owner</attrdef><attrdefs>Federal Highway Administration</attrdefs><attrdomv><codesetd><codesetn>Recording and Coding Guide for the Structure Inventory and Appraisal of the Nation's Bridges</codesetn><codesets>Federal Highway Administration</codesets></codesetd></attrdomv><attrtype Sync="TRUE">String</attrtype><attwidth Sync="TRUE">2</attwidth><attalias Sync="TRUE">ITEM22</attalias><atprecis Sync="TRUE">0</atprecis><attscale Sync="TRUE">0</attscale></attr><attr xmlns=""><attrlabl>ITEM26</attrlabl><attrdef>Functional Class Of Inventory Route</attrdef><attrdefs>Federal Highway Administration</attrdefs><attrdomv><codesetd><codesetn>Recording and Coding Guide for the Structure Inventory and Appraisal of the Nation's Bridges</codesetn><codesets>Federal Highway Administration</codesets></codesetd></attrdomv><attrtype Sync="TRUE">String</attrtype><attwidth Sync="TRUE">2</attwidth><attalias Sync="TRUE">ITEM26</attalias><atprecis Sync="TRUE">0</atprecis><attscale Sync="TRUE">0</attscale></attr><attr xmlns=""><attrlabl>ITEM27</attrlabl><attrdef>Year Built</attrdef><attrdefs>Federal Highway Administration</attrdefs><attrdomv><codesetd><codesetn>Recording and Coding Guide for the Structure Inventory and Appraisal of the Nation's Bridges</codesetn><codesets>Federal Highway Administration</codesets></codesetd></attrdomv><attrtype Sync="TRUE">String</attrtype><attwidth Sync="TRUE">4</attwidth><attalias Sync="TRUE">ITEM27</attalias><atprecis Sync="TRUE">0</atprecis><attscale Sync="TRUE">0</attscale></attr><attr xmlns=""><attrlabl>ITEM28A</attrlabl><attrdef>Lanes On Structure</attrdef><attrdefs>Federal Highway Administration</attrdefs><attrdomv><codesetd><codesetn>Recording and Coding Guide for the Structure Inventory and Appraisal of the Nation's Bridges</codesetn><codesets>Federal Highway Administration</codesets></codesetd></attrdomv><attrtype Sync="TRUE">String</attrtype><attwidth Sync="TRUE">2</attwidth><attalias Sync="TRUE">ITEM28A</attalias><atprecis Sync="TRUE">0</atprecis><attscale Sync="TRUE">0</attscale></attr><attr xmlns=""><attrlabl>ITEM28B</attrlabl><attrdef>Lanes Under Structure</attrdef><attrdefs>Federal Highway Administration</attrdefs><attrdomv><codesetd><codesetn>Recording and Coding Guide for the Structure Inventory and Appraisal of the Nation's Bridges</codesetn><codesets>Federal Highway Administration</codesets></codesetd></attrdomv><attrtype Sync="TRUE">String</attrtype><attwidth Sync="TRUE">2</attwidth><attalias Sync="TRUE">ITEM28B</attalias><atprecis Sync="TRUE">0</atprecis><attscale Sync="TRUE">0</attscale></attr><attr xmlns=""><attrlabl>ITEM29</attrlabl><attrdef>Average Daily Traffic</attrdef><attrdefs>Federal Highway Administration</attrdefs><attrdomv><codesetd><codesetn>Recording and Coding Guide for the Structure Inventory and Appraisal of the Nation's Bridges</codesetn><codesets>Federal Highway Administration</codesets></codesetd></attrdomv><attrtype Sync="TRUE">String</attrtype><attwidth Sync="TRUE">6</attwidth><attalias Sync="TRUE">ITEM29</attalias><atprecis Sync="TRUE">0</atprecis><attscale Sync="TRUE">0</attscale></attr><attr xmlns=""><attrlabl>ITEM30</attrlabl><attrdef>Year Of Average Daily Traffic</attrdef><attrdefs>Federal Highway Administration</attrdefs><attrdomv><codesetd><codesetn>Recording and Coding Guide for the Structure Inventory and Appraisal of the Nation's Bridges</codesetn><codesets>Federal Highway Administration</codesets></codesetd></attrdomv><attrtype Sync="TRUE">String</attrtype><attwidth Sync="TRUE">4</attwidth><attalias Sync="TRUE">ITEM30</attalias><atprecis Sync="TRUE">0</atprecis><attscale Sync="TRUE">0</attscale></attr><attr xmlns=""><attrlabl>ITEM31</attrlabl><attrdef>Design Load</attrdef><attrdefs>Federal Highway Administration</attrdefs><attrdomv><codesetd><codesetn>Recording and Coding Guide for the Structure Inventory and Appraisal of the Nation's Bridges</codesetn><codesets>Federal Highway Administration</codesets></codesetd></attrdomv><attrtype Sync="TRUE">String</attrtype><attwidth Sync="TRUE">1</attwidth><attalias Sync="TRUE">ITEM31</attalias><atprecis Sync="TRUE">0</atprecis><attscale Sync="TRUE">0</attscale></attr><attr xmlns=""><attrlabl>ITEM32</attrlabl><attrdef>Approach Roadway Width</attrdef><attrdefs>Federal Highway Administration</attrdefs><attrdomv><codesetd><codesetn>Recording and Coding Guide for the Structure Inventory and Appraisal of the Nation's Bridges</codesetn><codesets>Federal Highway Administration</codesets></codesetd></attrdomv><attrtype Sync="TRUE">String</attrtype><attwidth Sync="TRUE">4</attwidth><attalias Sync="TRUE">ITEM32</attalias><atprecis Sync="TRUE">0</atprecis><attscale Sync="TRUE">0</attscale></attr><attr xmlns=""><attrlabl>ITEM33</attrlabl><attrdef>Bridge Median</attrdef><attrdefs>Federal Highway Administration</attrdefs><attrdomv><codesetd><codesetn>Recording and Coding Guide for the Structure Inventory and Appraisal of the Nation's Bridges</codesetn><codesets>Federal Highway Administration</codesets></codesetd></attrdomv><attrtype Sync="TRUE">String</attrtype><attwidth Sync="TRUE">1</attwidth><attalias Sync="TRUE">ITEM33</attalias><atprecis Sync="TRUE">0</atprecis><attscale Sync="TRUE">0</attscale></attr><attr xmlns=""><attrlabl>ITEM34</attrlabl><attrdef>Skew</attrdef><attrdefs>Federal Highway Administration</attrdefs><attrdomv><codesetd><codesetn>Recording and Coding Guide for the Structure Inventory and Appraisal of the Nation's Bridges</codesetn><codesets>Federal Highway Administration</codesets></codesetd></attrdomv><attrtype Sync="TRUE">String</attrtype><attwidth Sync="TRUE">2</attwidth><attalias Sync="TRUE">ITEM34</attalias><atprecis Sync="TRUE">0</atprecis><attscale Sync="TRUE">0</attscale></attr><attr xmlns=""><attrlabl>ITEM35</attrlabl><attrdef>Structure Flared</attrdef><attrdefs>Federal Highway Administration</attrdefs><attrdomv><codesetd><codesetn>Recording and Coding Guide for the Structure Inventory and Appraisal of the Nation's Bridges</codesetn><codesets>Federal Highway Administration</codesets></codesetd></attrdomv><attrtype Sync="TRUE">String</attrtype><attwidth Sync="TRUE">1</attwidth><attalias Sync="TRUE">ITEM35</attalias><atprecis Sync="TRUE">0</atprecis><attscale Sync="TRUE">0</attscale></attr><attr xmlns=""><attrlabl>ITEM36A</attrlabl><attrdef>Bridge Railings</attrdef><attrdefs>Federal Highway Administration</attrdefs><attrdomv><codesetd><codesetn>Recording and Coding Guide for the Structure Inventory and Appraisal of the Nation's Bridges</codesetn><codesets>Federal Highway Administration</codesets></codesetd></attrdomv><attrtype Sync="TRUE">String</attrtype><attwidth Sync="TRUE">1</attwidth><attalias Sync="TRUE">ITEM36A</attalias><atprecis Sync="TRUE">0</atprecis><attscale Sync="TRUE">0</attscale></attr><attr xmlns=""><attrlabl>ITEM36B</attrlabl><attrdef>Transitions</attrdef><attrdefs>Federal Highway Administration</attrdefs><attrdomv><codesetd><codesetn>Recording and Coding Guide for the Structure Inventory and Appraisal of the Nation's Bridges</codesetn><codesets>Federal Highway Administration</codesets></codesetd></attrdomv><attrtype Sync="TRUE">String</attrtype><attwidth Sync="TRUE">1</attwidth><attalias Sync="TRUE">ITEM36B</attalias><atprecis Sync="TRUE">0</atprecis><attscale Sync="TRUE">0</attscale></attr><attr xmlns=""><attrlabl>ITEM36C</attrlabl><attrdef>Approach Guardrail</attrdef><attrdefs>Federal Highway Administration</attrdefs><attrdomv><codesetd><codesetn>Recording and Coding Guide for the Structure Inventory and Appraisal of the Nation's Bridges</codesetn><codesets>Federal Highway Administration</codesets></codesetd></attrdomv><attrtype Sync="TRUE">String</attrtype><attwidth Sync="TRUE">1</attwidth><attalias Sync="TRUE">ITEM36C</attalias><atprecis Sync="TRUE">0</atprecis><attscale Sync="TRUE">0</attscale></attr><attr xmlns=""><attrlabl>ITEM36D</attrlabl><attrdef>Approach Guardrail Ends</attrdef><attrdefs>Federal Highway Administration</attrdefs><attrdomv><codesetd><codesetn>Recording and Coding Guide for the Structure Inventory and Appraisal of the Nation's Bridges</codesetn><codesets>Federal Highway Administration</codesets></codesetd></attrdomv><attrtype Sync="TRUE">String</attrtype><attwidth Sync="TRUE">1</attwidth><attalias Sync="TRUE">ITEM36D</attalias><atprecis Sync="TRUE">0</atprecis><attscale Sync="TRUE">0</attscale></attr><attr xmlns=""><attrlabl>ITEM37</attrlabl><attrdef>Historical significance</attrdef><attrdefs>Federal Highway Administration</attrdefs><attrdomv><codesetd><codesetn>Recording and Coding Guide for the Structure Inventory and Appraisal of the Nation's Bridges</codesetn><codesets>Federal Highway Administration</codesets></codesetd></attrdomv><attrtype Sync="TRUE">String</attrtype><attwidth Sync="TRUE">1</attwidth><attalias Sync="TRUE">ITEM37</attalias><atprecis Sync="TRUE">0</atprecis><attscale Sync="TRUE">0</attscale></attr><attr xmlns=""><attrlabl>ITEM38</attrlabl><attrdef>Navigation Control</attrdef><attrdefs>Federal Highway Administration</attrdefs><attrdomv><codesetd><codesetn>Recording and Coding Guide for the Structure Inventory and Appraisal of the Nation's Bridges</codesetn><codesets>Federal Highway Administration</codesets></codesetd></attrdomv><attrtype Sync="TRUE">String</attrtype><attwidth Sync="TRUE">1</attwidth><attalias Sync="TRUE">ITEM38</attalias><atprecis Sync="TRUE">0</atprecis><attscale Sync="TRUE">0</attscale></attr><attr xmlns=""><attrlabl>ITEM39</attrlabl><attrdef>Navigation Vertical Clearance</attrdef><attrdefs>Federal Highway Administration</attrdefs><attrdomv><codesetd><codesetn>Recording and Coding Guide for the Structure Inventory and Appraisal of the Nation's Bridges</codesetn><codesets>Federal Highway Administration</codesets></codesetd></attrdomv><attrtype Sync="TRUE">String</attrtype><attwidth Sync="TRUE">4</attwidth><attalias Sync="TRUE">ITEM39</attalias><atprecis Sync="TRUE">0</atprecis><attscale Sync="TRUE">0</attscale></attr><attr xmlns=""><attrlabl>ITEM40</attrlabl><attrdef>Navigation Horizontal Clearance</attrdef><attrdefs>Federal Highway Administration</attrdefs><attrdomv><codesetd><codesetn>Recording and Coding Guide for the Structure Inventory and Appraisal of the Nation's Bridges</codesetn><codesets>Federal Highway Administration</codesets></codesetd></attrdomv><attrtype Sync="TRUE">String</attrtype><attwidth Sync="TRUE">5</attwidth><attalias Sync="TRUE">ITEM40</attalias><atprecis Sync="TRUE">0</atprecis><attscale Sync="TRUE">0</attscale></attr><attr xmlns=""><attrlabl>ITEM41</attrlabl><attrdef>Structure Open/Posted/Closed</attrdef><attrdefs>Federal Highway Administration</attrdefs><attrdomv><codesetd><codesetn>Recording and Coding Guide for the Structure Inventory and Appraisal of the Nation's Bridges</codesetn><codesets>Federal Highway Administration</codesets></codesetd></attrdomv><attrtype Sync="TRUE">String</attrtype><attwidth Sync="TRUE">1</attwidth><attalias Sync="TRUE">ITEM41</attalias><atprecis Sync="TRUE">0</atprecis><attscale Sync="TRUE">0</attscale></attr><attr xmlns=""><attrlabl>ITEM42A</attrlabl><attrdef>Type of Service On Bridge</attrdef><attrdefs>Federal Highway Administration</attrdefs><attrdomv><codesetd><codesetn>Recording and Coding Guide for the Structure Inventory and Appraisal of the Nation's Bridges</codesetn><codesets>Federal Highway Administration</codesets></codesetd></attrdomv><attrtype Sync="TRUE">String</attrtype><attwidth Sync="TRUE">1</attwidth><attalias Sync="TRUE">ITEM42A</attalias><atprecis Sync="TRUE">0</atprecis><attscale Sync="TRUE">0</attscale></attr><attr xmlns=""><attrlabl>ITEM42B</attrlabl><attrdef>Type of Service Under Bridge</attrdef><attrdefs>Federal Highway Administration</attrdefs><attrdomv><codesetd><codesetn>Recording and Coding Guide for the Structure Inventory and Appraisal of the Nation's Bridges</codesetn><codesets>Federal Highway Administration</codesets></codesetd></attrdomv><attrtype Sync="TRUE">String</attrtype><attwidth Sync="TRUE">1</attwidth><attalias Sync="TRUE">ITEM42B</attalias><atprecis Sync="TRUE">0</atprecis><attscale Sync="TRUE">0</attscale></attr><attr xmlns=""><attrlabl>ITEM43A</attrlabl><attrdef>Kind of Material/Design</attrdef><attrdefs>Federal Highway Administration</attrdefs><attrdomv><codesetd><codesetn>Recording and Coding Guide for the Structure Inventory and Appraisal of the Nation's Bridges</codesetn><codesets>Federal Highway Administration</codesets></codesetd></attrdomv><attrtype Sync="TRUE">String</attrtype><attwidth Sync="TRUE">1</attwidth><attalias Sync="TRUE">ITEM43A</attalias><atprecis Sync="TRUE">0</atprecis><attscale Sync="TRUE">0</attscale></attr><attr xmlns=""><attrlabl>ITEM43B</attrlabl><attrdef>Type of Design/Construction</attrdef><attrdefs>Federal Highway Administration</attrdefs><attrdomv><codesetd><codesetn>Recording and Coding Guide for the Structure Inventory and Appraisal of the Nation's Bridges</codesetn><codesets>Federal Highway Administration</codesets></codesetd></attrdomv><attrtype Sync="TRUE">String</attrtype><attwidth Sync="TRUE">2</attwidth><attalias Sync="TRUE">ITEM43B</attalias><atprecis Sync="TRUE">0</atprecis><attscale Sync="TRUE">0</attscale></attr><attr xmlns=""><attrlabl>ITEM44A</attrlabl><attrdef>Kind of Material/Design</attrdef><attrdefs>Federal Highway Administration</attrdefs><attrdomv><codesetd><codesetn>Recording and Coding Guide for the Structure Inventory and Appraisal of the Nation's Bridges</codesetn><codesets>Federal Highway Administration</codesets></codesetd></attrdomv><attrtype Sync="TRUE">String</attrtype><attwidth Sync="TRUE">1</attwidth><attalias Sync="TRUE">ITEM44A</attalias><atprecis Sync="TRUE">0</atprecis><attscale Sync="TRUE">0</attscale></attr><attr xmlns=""><attrlabl>ITEM44B</attrlabl><attrdef>Type of Design/Construction</attrdef><attrdefs>Federal Highway Administration</attrdefs><attrdomv><codesetd><codesetn>Recording and Coding Guide for the Structure Inventory and Appraisal of the Nation's Bridges</codesetn><codesets>Federal Highway Administration</codesets></codesetd></attrdomv><attrtype Sync="TRUE">String</attrtype><attwidth Sync="TRUE">2</attwidth><attalias Sync="TRUE">ITEM44B</attalias><atprecis Sync="TRUE">0</atprecis><attscale Sync="TRUE">0</attscale></attr><attr xmlns=""><attrlabl>ITEM45</attrlabl><attrdef>Number Of Spans In Main Unit</attrdef><attrdefs>Federal Highway Administration</attrdefs><attrdomv><codesetd><codesetn>Recording and Coding Guide for the Structure Inventory and Appraisal of the Nation's Bridges</codesetn><codesets>Federal Highway Administration</codesets></codesetd></attrdomv><attrtype Sync="TRUE">String</attrtype><attwidth Sync="TRUE">3</attwidth><attalias Sync="TRUE">ITEM45</attalias><atprecis Sync="TRUE">0</atprecis><attscale Sync="TRUE">0</attscale></attr><attr xmlns=""><attrlabl>ITEM46</attrlabl><attrdef>Number Of Approach Spans</attrdef><attrdefs>Federal Highway Administration</attrdefs><attrdomv><codesetd><codesetn>Recording and Coding Guide for the Structure Inventory and Appraisal of the Nation's Bridges</codesetn><codesets>Federal Highway Administration</codesets></codesetd></attrdomv><attrtype Sync="TRUE">String</attrtype><attwidth Sync="TRUE">4</attwidth><attalias Sync="TRUE">ITEM46</attalias><atprecis Sync="TRUE">0</atprecis><attscale Sync="TRUE">0</attscale></attr><attr xmlns=""><attrlabl>ITEM47</attrlabl><attrdef>Inventory Route Total Horizontal Clearance</attrdef><attrdefs>Federal Highway Administration</attrdefs><attrdomv><codesetd><codesetn>Recording and Coding Guide for the Structure Inventory and Appraisal of the Nation's Bridges</codesetn><codesets>Federal Highway Administration</codesets></codesetd></attrdomv><attrtype Sync="TRUE">String</attrtype><attwidth Sync="TRUE">3</attwidth><attalias Sync="TRUE">ITEM47</attalias><atprecis Sync="TRUE">0</atprecis><attscale Sync="TRUE">0</attscale></attr><attr xmlns=""><attrlabl>ITEM48</attrlabl><attrdef>Length Of Maximum Span</attrdef><attrdefs>Federal Highway Administration</attrdefs><attrdomv><codesetd><codesetn>Recording and Coding Guide for the Structure Inventory and Appraisal of the Nation's Bridges</codesetn><codesets>Federal Highway Administration</codesets></codesetd></attrdomv><attrtype Sync="TRUE">String</attrtype><attwidth Sync="TRUE">5</attwidth><attalias Sync="TRUE">ITEM48</attalias><atprecis Sync="TRUE">0</atprecis><attscale Sync="TRUE">0</attscale></attr><attr xmlns=""><attrlabl>ITEM49</attrlabl><attrdef>Structure Length</attrdef><attrdefs>Federal Highway Administration</attrdefs><attrdomv><codesetd><codesetn>Recording and Coding Guide for the Structure Inventory and Appraisal of the Nation's Bridges</codesetn><codesets>Federal Highway Administration</codesets></codesetd></attrdomv><attrtype Sync="TRUE">String</attrtype><attwidth Sync="TRUE">6</attwidth><attalias Sync="TRUE">ITEM49</attalias><atprecis Sync="TRUE">0</atprecis><attscale Sync="TRUE">0</attscale></attr><attr xmlns=""><attrlabl>ITEM50A</attrlabl><attrdef>Left Curb/Sidewalk Width</attrdef><attrdefs>Federal Highway Administration</attrdefs><attrdomv><codesetd><codesetn>Recording and Coding Guide for the Structure Inventory and Appraisal of the Nation's Bridges</codesetn><codesets>Federal Highway Administration</codesets></codesetd></attrdomv><attrtype Sync="TRUE">String</attrtype><attwidth Sync="TRUE">3</attwidth><attalias Sync="TRUE">ITEM50A</attalias><atprecis Sync="TRUE">0</atprecis><attscale Sync="TRUE">0</attscale></attr><attr xmlns=""><attrlabl>ITEM50B</attrlabl><attrdef>Right Curb/Sidewalk Width</attrdef><attrdefs>Federal Highway Administration</attrdefs><attrdomv><codesetd><codesetn>Recording and Coding Guide for the Structure Inventory and Appraisal of the Nation's Bridges</codesetn><codesets>Federal Highway Administration</codesets></codesetd></attrdomv><attrtype Sync="TRUE">String</attrtype><attwidth Sync="TRUE">3</attwidth><attalias Sync="TRUE">ITEM50B</attalias><atprecis Sync="TRUE">0</atprecis><attscale Sync="TRUE">0</attscale></attr><attr xmlns=""><attrlabl>ITEM51</attrlabl><attrdef>Bridge Roadway Width Curb-To-Curb</attrdef><attrdefs>Federal Highway Administration</attrdefs><attrdomv><codesetd><codesetn>Recording and Coding Guide for the Structure Inventory and Appraisal of the Nation's Bridges</codesetn><codesets>Federal Highway Administration</codesets></codesetd></attrdomv><attrtype Sync="TRUE">String</attrtype><attwidth Sync="TRUE">4</attwidth><attalias Sync="TRUE">ITEM51</attalias><atprecis Sync="TRUE">0</atprecis><attscale Sync="TRUE">0</attscale></attr><attr xmlns=""><attrlabl>ITEM52</attrlabl><attrdef>Deck Width/Out-To-Out</attrdef><attrdefs>Federal Highway Administration</attrdefs><attrdomv><codesetd><codesetn>Recording and Coding Guide for the Structure Inventory and Appraisal of the Nation's Bridges</codesetn><codesets>Federal Highway Administration</codesets></codesetd></attrdomv><attrtype Sync="TRUE">String</attrtype><attwidth Sync="TRUE">4</attwidth><attalias Sync="TRUE">ITEM52</attalias><atprecis Sync="TRUE">0</atprecis><attscale Sync="TRUE">0</attscale></attr><attr xmlns=""><attrlabl>ITEM53</attrlabl><attrdef>Minimum Vertical Clearance Over Bridge Roadway</attrdef><attrdefs>Federal Highway Administration</attrdefs><attrdomv><codesetd><codesetn>Recording and Coding Guide for the Structure Inventory and Appraisal of the Nation's Bridges</codesetn><codesets>Federal Highway Administration</codesets></codesetd></attrdomv><attrtype Sync="TRUE">String</attrtype><attwidth Sync="TRUE">4</attwidth><attalias Sync="TRUE">ITEM53</attalias><atprecis Sync="TRUE">0</atprecis><attscale Sync="TRUE">0</attscale></attr><attr xmlns=""><attrlabl>ITEM54A</attrlabl><attrdef>Reference Feature</attrdef><attrdefs>Federal Highway Administration</attrdefs><attrdomv><codesetd><codesetn>Recording and Coding Guide for the Structure Inventory and Appraisal of the Nation's Bridges</codesetn><codesets>Federal Highway Administration</codesets></codesetd></attrdomv><attrtype Sync="TRUE">String</attrtype><attwidth Sync="TRUE">1</attwidth><attalias Sync="TRUE">ITEM54A</attalias><atprecis Sync="TRUE">0</atprecis><attscale Sync="TRUE">0</attscale></attr><attr xmlns=""><attrlabl>ITEM54B</attrlabl><attrdef>Minimum Vertical Under Clearance</attrdef><attrdefs>Federal Highway Administration</attrdefs><attrdomv><codesetd><codesetn>Recording and Coding Guide for the Structure Inventory and Appraisal of the Nation's Bridges</codesetn><codesets>Federal Highway Administration</codesets></codesetd></attrdomv><attrtype Sync="TRUE">String</attrtype><attwidth Sync="TRUE">4</attwidth><attalias Sync="TRUE">ITEM54B</attalias><atprecis Sync="TRUE">0</atprecis><attscale Sync="TRUE">0</attscale></attr><attr xmlns=""><attrlabl>ITEM55A</attrlabl><attrdef>Reference Feature</attrdef><attrdefs>Federal Highway Administration</attrdefs><attrdomv><codesetd><codesetn>Recording and Coding Guide for the Structure Inventory and Appraisal of the Nation's Bridges</codesetn><codesets>Federal Highway Administration</codesets></codesetd></attrdomv><attrtype Sync="TRUE">String</attrtype><attwidth Sync="TRUE">1</attwidth><attalias Sync="TRUE">ITEM55A</attalias><atprecis Sync="TRUE">0</atprecis><attscale Sync="TRUE">0</attscale></attr><attr xmlns=""><attrlabl>ITEM55B</attrlabl><attrdef>Minimum Lateral Under Clearance</attrdef><attrdefs>Federal Highway Administration</attrdefs><attrdomv><codesetd><codesetn>Recording and Coding Guide for the Structure Inventory and Appraisal of the Nation's Bridges</codesetn><codesets>Federal Highway Administration</codesets></codesetd></attrdomv><attrtype Sync="TRUE">String</attrtype><attwidth Sync="TRUE">3</attwidth><attalias Sync="TRUE">ITEM55B</attalias><atprecis Sync="TRUE">0</atprecis><attscale Sync="TRUE">0</attscale></attr><attr xmlns=""><attrlabl>ITEM56</attrlabl><attrdef>Minimum Lateral Under Clearance On Left</attrdef><attrdefs>Federal Highway Administration</attrdefs><attrdomv><codesetd><codesetn>Recording and Coding Guide for the Structure Inventory and Appraisal of the Nation's Bridges</codesetn><codesets>Federal Highway Administration</codesets></codesetd></attrdomv><attrtype Sync="TRUE">String</attrtype><attwidth Sync="TRUE">3</attwidth><attalias Sync="TRUE">ITEM56</attalias><atprecis Sync="TRUE">0</atprecis><attscale Sync="TRUE">0</attscale></attr><attr xmlns=""><attrlabl>ITEM58</attrlabl><attrdef>Deck</attrdef><attrdefs>Federal Highway Administration</attrdefs><attrdomv><codesetd><codesetn>Recording and Coding Guide for the Structure Inventory and Appraisal of the Nation's Bridges</codesetn><codesets>Federal Highway Administration</codesets></codesetd></attrdomv><attrtype Sync="TRUE">String</attrtype><attwidth Sync="TRUE">1</attwidth><attalias Sync="TRUE">ITEM58</attalias><atprecis Sync="TRUE">0</atprecis><attscale Sync="TRUE">0</attscale></attr><attr xmlns=""><attrlabl>ITEM59</attrlabl><attrdef>Superstructure</attrdef><attrdefs>Federal Highway Administration</attrdefs><attrdomv><codesetd><codesetn>Recording and Coding Guide for the Structure Inventory and Appraisal of the Nation's Bridges</codesetn><codesets>Federal Highway Administration</codesets></codesetd></attrdomv><attrtype Sync="TRUE">String</attrtype><attwidth Sync="TRUE">1</attwidth><attalias Sync="TRUE">ITEM59</attalias><atprecis Sync="TRUE">0</atprecis><attscale Sync="TRUE">0</attscale></attr><attr xmlns=""><attrlabl>ITEM60</attrlabl><attrdef>Substructure</attrdef><attrdefs>Federal Highway Administration</attrdefs><attrdomv><codesetd><codesetn>Recording and Coding Guide for the Structure Inventory and Appraisal of the Nation's Bridges</codesetn><codesets>Federal Highway Administration</codesets></codesetd></attrdomv><attrtype Sync="TRUE">String</attrtype><attwidth Sync="TRUE">1</attwidth><attalias Sync="TRUE">ITEM60</attalias><atprecis Sync="TRUE">0</atprecis><attscale Sync="TRUE">0</attscale></attr><attr xmlns=""><attrlabl>ITEM61</attrlabl><attrdef>Channel/Channel Protection</attrdef><attrdefs>Federal Highway Administration</attrdefs><attrdomv><codesetd><codesetn>Recording and Coding Guide for the Structure Inventory and Appraisal of the Nation's Bridges</codesetn><codesets>Federal Highway Administration</codesets></codesetd></attrdomv><attrtype Sync="TRUE">String</attrtype><attwidth Sync="TRUE">1</attwidth><attalias Sync="TRUE">ITEM61</attalias><atprecis Sync="TRUE">0</atprecis><attscale Sync="TRUE">0</attscale></attr><attr xmlns=""><attrlabl>ITEM62</attrlabl><attrdef>Culverts</attrdef><attrdefs>Federal Highway Administration</attrdefs><attrdomv><codesetd><codesetn>Recording and Coding Guide for the Structure Inventory and Appraisal of the Nation's Bridges</codesetn><codesets>Federal Highway Administration</codesets></codesetd></attrdomv><attrtype Sync="TRUE">String</attrtype><attwidth Sync="TRUE">1</attwidth><attalias Sync="TRUE">ITEM62</attalias><atprecis Sync="TRUE">0</atprecis><attscale Sync="TRUE">0</attscale></attr><attr xmlns=""><attrlabl>ITEM63</attrlabl><attrdef>Method Used To Determine Operating Rating</attrdef><attrdefs>Federal Highway Administration</attrdefs><attrdomv><codesetd><codesetn>Recording and Coding Guide for the Structure Inventory and Appraisal of the Nation's Bridges</codesetn><codesets>Federal Highway Administration</codesets></codesetd></attrdomv><attrtype Sync="TRUE">String</attrtype><attwidth Sync="TRUE">1</attwidth><attalias Sync="TRUE">ITEM63</attalias><atprecis Sync="TRUE">0</atprecis><attscale Sync="TRUE">0</attscale></attr><attr xmlns=""><attrlabl>ITEM64</attrlabl><attrdef>Operating Rating</attrdef><attrdefs>Federal Highway Administration</attrdefs><attrdomv><codesetd><codesetn>Recording and Coding Guide for the Structure Inventory and Appraisal of the Nation's Bridges</codesetn><codesets>Federal Highway Administration</codesets></codesetd></attrdomv><attrtype Sync="TRUE">String</attrtype><attwidth Sync="TRUE">3</attwidth><attalias Sync="TRUE">ITEM64</attalias><atprecis Sync="TRUE">0</atprecis><attscale Sync="TRUE">0</attscale></attr><attr xmlns=""><attrlabl>ITEM65</attrlabl><attrdef>Method Used To Determine Inventory Rating</attrdef><attrdefs>Federal Highway Administration</attrdefs><attrdomv><codesetd><codesetn>Recording and Coding Guide for the Structure Inventory and Appraisal of the Nation's Bridges</codesetn><codesets>Federal Highway Administration</codesets></codesetd></attrdomv><attrtype Sync="TRUE">String</attrtype><attwidth Sync="TRUE">1</attwidth><attalias Sync="TRUE">ITEM65</attalias><atprecis Sync="TRUE">0</atprecis><attscale Sync="TRUE">0</attscale></attr><attr xmlns=""><attrlabl>ITEM66</attrlabl><attrdef>Inventory Rating</attrdef><attrdefs>Federal Highway Administration</attrdefs><attrdomv><codesetd><codesetn>Recording and Coding Guide for the Structure Inventory and Appraisal of the Nation's Bridges</codesetn><codesets>Federal Highway Administration</codesets></codesetd></attrdomv><attrtype Sync="TRUE">String</attrtype><attwidth Sync="TRUE">3</attwidth><attalias Sync="TRUE">ITEM66</attalias><atprecis Sync="TRUE">0</atprecis><attscale Sync="TRUE">0</attscale></attr><attr xmlns=""><attrlabl>ITEM67</attrlabl><attrdef>Structural Evaluation</attrdef><attrdefs>Federal Highway Administration</attrdefs><attrdomv><codesetd><codesetn>Recording and Coding Guide for the Structure Inventory and Appraisal of the Nation's Bridges</codesetn><codesets>Federal Highway Administration</codesets></codesetd></attrdomv><attrtype Sync="TRUE">String</attrtype><attwidth Sync="TRUE">1</attwidth><attalias Sync="TRUE">ITEM67</attalias><atprecis Sync="TRUE">0</atprecis><attscale Sync="TRUE">0</attscale></attr><attr xmlns=""><attrlabl>ITEM68</attrlabl><attrdef>Deck Geometry</attrdef><attrdefs>Federal Highway Administration</attrdefs><attrdomv><codesetd><codesetn>Recording and Coding Guide for the Structure Inventory and Appraisal of the Nation's Bridges</codesetn><codesets>Federal Highway Administration</codesets></codesetd></attrdomv><attrtype Sync="TRUE">String</attrtype><attwidth Sync="TRUE">1</attwidth><attalias Sync="TRUE">ITEM68</attalias><atprecis Sync="TRUE">0</atprecis><attscale Sync="TRUE">0</attscale></attr><attr xmlns=""><attrlabl>ITEM69</attrlabl><attrdef>Underclear/Vertical and Horizontal</attrdef><attrdefs>Federal Highway Administration</attrdefs><attrdomv><codesetd><codesetn>Recording and Coding Guide for the Structure Inventory and Appraisal of the Nation's Bridges</codesetn><codesets>Federal Highway Administration</codesets></codesetd></attrdomv><attrtype Sync="TRUE">String</attrtype><attwidth Sync="TRUE">1</attwidth><attalias Sync="TRUE">ITEM69</attalias><atprecis Sync="TRUE">0</atprecis><attscale Sync="TRUE">0</attscale></attr><attr xmlns=""><attrlabl>ITEM70</attrlabl><attrdef>Bridge Posting</attrdef><attrdefs>Federal Highway Administration</attrdefs><attrdomv><codesetd><codesetn>Recording and Coding Guide for the Structure Inventory and Appraisal of the Nation's Bridges</codesetn><codesets>Federal Highway Administration</codesets></codesetd></attrdomv><attrtype Sync="TRUE">String</attrtype><attwidth Sync="TRUE">1</attwidth><attalias Sync="TRUE">ITEM70</attalias><atprecis Sync="TRUE">0</atprecis><attscale Sync="TRUE">0</attscale></attr><attr xmlns=""><attrlabl>ITEM71</attrlabl><attrdef>Waterway Adequacy</attrdef><attrdefs>Federal Highway Administration</attrdefs><attrdomv><codesetd><codesetn>Recording and Coding Guide for the Structure Inventory and Appraisal of the Nation's Bridges</codesetn><codesets>Federal Highway Administration</codesets></codesetd></attrdomv><attrtype Sync="TRUE">String</attrtype><attwidth Sync="TRUE">1</attwidth><attalias Sync="TRUE">ITEM71</attalias><atprecis Sync="TRUE">0</atprecis><attscale Sync="TRUE">0</attscale></attr><attr xmlns=""><attrlabl Sync="TRUE">ITEM72</attrlabl><attalias Sync="TRUE">ITEM72</attalias><attrtype Sync="TRUE">String</attrtype><attwidth Sync="TRUE">1</attwidth><atprecis Sync="TRUE">0</atprecis><attscale Sync="TRUE">0</attscale><attrdef>Approach Roadway Alignment</attrdef><attrdomv><codesetd><codesetn>Recording and Coding Guide for the Structure Inventory and Appraisal of the Nation's Bridges</codesetn><codesets>Federal Highway Administration</codesets></codesetd></attrdomv></attr><attr xmlns=""><attrlabl>ITEM75A</attrlabl><attrdef>Type of Work Proposed</attrdef><attrdefs>Federal Highway Administration</attrdefs><attrdomv><codesetd><codesetn>Recording and Coding Guide for the Structure Inventory and Appraisal of the Nation's Bridges</codesetn><codesets>Federal Highway Administration</codesets></codesetd></attrdomv><attrtype Sync="TRUE">String</attrtype><attwidth Sync="TRUE">2</attwidth><attalias Sync="TRUE">ITEM75A</attalias><atprecis Sync="TRUE">0</atprecis><attscale Sync="TRUE">0</attscale></attr><attr xmlns=""><attrlabl>ITEM75B</attrlabl><attrdef>Work Done By</attrdef><attrdefs>Federal Highway Administration</attrdefs><attrdomv><codesetd><codesetn>Recording and Coding Guide for the Structure Inventory and Appraisal of the Nation's Bridges</codesetn><codesets>Federal Highway Administration</codesets></codesetd></attrdomv><attrtype Sync="TRUE">String</attrtype><attwidth Sync="TRUE">1</attwidth><attalias Sync="TRUE">ITEM75B</attalias><atprecis Sync="TRUE">0</atprecis><attscale Sync="TRUE">0</attscale></attr><attr xmlns=""><attrlabl>ITEM76</attrlabl><attrdef>Length Of Structure Improvement</attrdef><attrdefs>Federal Highway Administration</attrdefs><attrdomv><codesetd><codesetn>Recording and Coding Guide for the Structure Inventory and Appraisal of the Nation's Bridges</codesetn><codesets>Federal Highway Administration</codesets></codesetd></attrdomv><attrtype Sync="TRUE">String</attrtype><attwidth Sync="TRUE">6</attwidth><attalias Sync="TRUE">ITEM76</attalias><atprecis Sync="TRUE">0</atprecis><attscale Sync="TRUE">0</attscale></attr><attr xmlns=""><attrlabl>ITEM90</attrlabl><attrdef>Inspection Date</attrdef><attrdefs>Federal Highway Administration</attrdefs><attrdomv><codesetd><codesetn>Recording and Coding Guide for the Structure Inventory and Appraisal of the Nation's Bridges</codesetn><codesets>Federal Highway Administration</codesets></codesetd></attrdomv><attrtype Sync="TRUE">String</attrtype><attwidth Sync="TRUE">4</attwidth><attalias Sync="TRUE">ITEM90</attalias><atprecis Sync="TRUE">0</atprecis><attscale Sync="TRUE">0</attscale></attr><attr xmlns=""><attrlabl>ITEM91</attrlabl><attrdef>Designated Inspection Frequency</attrdef><attrdefs>Federal Highway Administration</attrdefs><attrdomv><codesetd><codesetn>Recording and Coding Guide for the Structure Inventory and Appraisal of the Nation's Bridges</codesetn><codesets>Federal Highway Administration</codesets></codesetd></attrdomv><attrtype Sync="TRUE">String</attrtype><attwidth Sync="TRUE">2</attwidth><attalias Sync="TRUE">ITEM91</attalias><atprecis Sync="TRUE">0</atprecis><attscale Sync="TRUE">0</attscale></attr><attr xmlns=""><attrlabl>ITEM92A</attrlabl><attrdef>Fracture Critical Details</attrdef><attrdefs>Federal Highway Administration</attrdefs><attrdomv><codesetd><codesetn>Recording and Coding Guide for the Structure Inventory and Appraisal of the Nation's Bridges</codesetn><codesets>Federal Highway Administration</codesets></codesetd></attrdomv><attrtype Sync="TRUE">String</attrtype><attwidth Sync="TRUE">3</attwidth><attalias Sync="TRUE">ITEM92A</attalias><atprecis Sync="TRUE">0</atprecis><attscale Sync="TRUE">0</attscale></attr><attr xmlns=""><attrlabl>ITEM92B</attrlabl><attrdef>Underwater Inspection</attrdef><attrdefs>Federal Highway Administration</attrdefs><attrdomv><codesetd><codesetn>Recording and Coding Guide for the Structure Inventory and Appraisal of the Nation's Bridges</codesetn><codesets>Federal Highway Administration</codesets></codesetd></attrdomv><attrtype Sync="TRUE">String</attrtype><attwidth Sync="TRUE">3</attwidth><attalias Sync="TRUE">ITEM92B</attalias><atprecis Sync="TRUE">0</atprecis><attscale Sync="TRUE">0</attscale></attr><attr xmlns=""><attrlabl>ITEM92C</attrlabl><attrdef>Other Special Inspection</attrdef><attrdefs>Federal Highway Administration</attrdefs><attrdomv><codesetd><codesetn>Recording and Coding Guide for the Structure Inventory and Appraisal of the Nation's Bridges</codesetn><codesets>Federal Highway Administration</codesets></codesetd></attrdomv><attrtype Sync="TRUE">String</attrtype><attwidth Sync="TRUE">3</attwidth><attalias Sync="TRUE">ITEM92C</attalias><atprecis Sync="TRUE">0</atprecis><attscale Sync="TRUE">0</attscale></attr><attr xmlns=""><attrlabl>ITEM93A</attrlabl><attrdef>Fracture Critical Details Date</attrdef><attrdefs>Federal Highway Administration</attrdefs><attrdomv><codesetd><codesetn>Recording and Coding Guide for the Structure Inventory and Appraisal of the Nation's Bridges</codesetn><codesets>Federal Highway Administration</codesets></codesetd></attrdomv><attrtype Sync="TRUE">String</attrtype><attwidth Sync="TRUE">4</attwidth><attalias Sync="TRUE">ITEM93A</attalias><atprecis Sync="TRUE">0</atprecis><attscale Sync="TRUE">0</attscale></attr><attr xmlns=""><attrlabl>ITEM93B</attrlabl><attrdef>Underwater Inspection Date</attrdef><attrdefs>Federal Highway Administration</attrdefs><attrdomv><codesetd><codesetn>Recording and Coding Guide for the Structure Inventory and Appraisal of the Nation's Bridges</codesetn><codesets>Federal Highway Administration</codesets></codesetd></attrdomv><attrtype Sync="TRUE">String</attrtype><attwidth Sync="TRUE">4</attwidth><attalias Sync="TRUE">ITEM93B</attalias><atprecis Sync="TRUE">0</atprecis><attscale Sync="TRUE">0</attscale></attr><attr xmlns=""><attrlabl>ITEM93C</attrlabl><attrdef>Other Special Inspection Date</attrdef><attrdefs>Federal Highway Administration</attrdefs><attrdomv><codesetd><codesetn>Recording and Coding Guide for the Structure Inventory and Appraisal of the Nation's Bridges</codesetn><codesets>Federal Highway Administration</codesets></codesetd></attrdomv><attrtype Sync="TRUE">String</attrtype><attwidth Sync="TRUE">4</attwidth><attalias Sync="TRUE">ITEM93C</attalias><atprecis Sync="TRUE">0</atprecis><attscale Sync="TRUE">0</attscale></attr><attr xmlns=""><attrlabl>ITEM94</attrlabl><attrdef>Bridge Improvement Cost</attrdef><attrdefs>Federal Highway Administration</attrdefs><attrdomv><codesetd><codesetn>Recording and Coding Guide for the Structure Inventory and Appraisal of the Nation's Bridges</codesetn><codesets>Federal Highway Administration</codesets></codesetd></attrdomv><attrtype Sync="TRUE">String</attrtype><attwidth Sync="TRUE">6</attwidth><attalias Sync="TRUE">ITEM94</attalias><atprecis Sync="TRUE">0</atprecis><attscale Sync="TRUE">0</attscale></attr><attr xmlns=""><attrlabl>ITEM95</attrlabl><attrdef>Roadway Improvement Cost</attrdef><attrdefs>Federal Highway Administration</attrdefs><attrdomv><codesetd><codesetn>Recording and Coding Guide for the Structure Inventory and Appraisal of the Nation's Bridges</codesetn><codesets>Federal Highway Administration</codesets></codesetd></attrdomv><attrtype Sync="TRUE">String</attrtype><attwidth Sync="TRUE">6</attwidth><attalias Sync="TRUE">ITEM95</attalias><atprecis Sync="TRUE">0</atprecis><attscale Sync="TRUE">0</attscale></attr><attr xmlns=""><attrlabl>ITEM96</attrlabl><attrdef>Total Project Cost</attrdef><attrdefs>Federal Highway Administration</attrdefs><attrdomv><codesetd><codesetn>Recording and Coding Guide for the Structure Inventory and Appraisal of the Nation's Bridges</codesetn><codesets>Federal Highway Administration</codesets></codesetd></attrdomv><attrtype Sync="TRUE">String</attrtype><attwidth Sync="TRUE">6</attwidth><attalias Sync="TRUE">ITEM96</attalias><atprecis Sync="TRUE">0</atprecis><attscale Sync="TRUE">0</attscale></attr><attr xmlns=""><attrlabl>ITEM97</attrlabl><attrdef>Year Of Improvement Cost Estimate</attrdef><attrdefs>Federal Highway Administration</attrdefs><attrdomv><codesetd><codesetn>Recording and Coding Guide for the Structure Inventory and Appraisal of the Nation's Bridges</codesetn><codesets>Federal Highway Administration</codesets></codesetd></attrdomv><attrtype Sync="TRUE">String</attrtype><attwidth Sync="TRUE">4</attwidth><attalias Sync="TRUE">ITEM97</attalias><atprecis Sync="TRUE">0</atprecis><attscale Sync="TRUE">0</attscale></attr><attr xmlns=""><attrlabl>ITEM98A</attrlabl><attrdef>Neighboring State Code</attrdef><attrdefs>Federal Highway Administration</attrdefs><attrdomv><codesetd><codesetn>Recording and Coding Guide for the Structure Inventory and Appraisal of the Nation's Bridges</codesetn><codesets>Federal Highway Administration</codesets></codesetd></attrdomv><attrtype Sync="TRUE">String</attrtype><attwidth Sync="TRUE">3</attwidth><attalias Sync="TRUE">ITEM98A</attalias><atprecis Sync="TRUE">0</atprecis><attscale Sync="TRUE">0</attscale></attr><attr xmlns=""><attrlabl>ITEM98B</attrlabl><attrdef>Percent Responsibility</attrdef><attrdefs>Federal Highway Administration</attrdefs><attrdomv><codesetd><codesetn>Recording and Coding Guide for the Structure Inventory and Appraisal of the Nation's Bridges</codesetn><codesets>Federal Highway Administration</codesets></codesetd></attrdomv><attrtype Sync="TRUE">String</attrtype><attwidth Sync="TRUE">2</attwidth><attalias Sync="TRUE">ITEM98B</attalias><atprecis Sync="TRUE">0</atprecis><attscale Sync="TRUE">0</attscale></attr><attr xmlns=""><attrlabl>ITEM99</attrlabl><attrdef>Border Bridge Structure Number</attrdef><attrdefs>Federal Highway Administration</attrdefs><attrdomv><codesetd><codesetn>Recording and Coding Guide for the Structure Inventory and Appraisal of the Nation's Bridges</codesetn><codesets>Federal Highway Administration</codesets></codesetd></attrdomv><attrtype Sync="TRUE">String</attrtype><attwidth Sync="TRUE">15</attwidth><attalias Sync="TRUE">ITEM99</attalias><atprecis Sync="TRUE">0</atprecis><attscale Sync="TRUE">0</attscale></attr><attr xmlns=""><attrlabl>ITEM100</attrlabl><attrdef>STRAHNET Highway Designation</attrdef><attrdefs>Federal Highway Administration</attrdefs><attrdomv><codesetd><codesetn>Recording and Coding Guide for the Structure Inventory and Appraisal of the Nation's Bridges</codesetn><codesets>Federal Highway Administration</codesets></codesetd></attrdomv><attrtype Sync="TRUE">String</attrtype><attwidth Sync="TRUE">1</attwidth><attalias Sync="TRUE">ITEM100</attalias><atprecis Sync="TRUE">0</atprecis><attscale Sync="TRUE">0</attscale></attr><attr xmlns=""><attrlabl>ITEM101</attrlabl><attrdef>Parallel Structure Designation</attrdef><attrdefs>Federal Highway Administration</attrdefs><attrdomv><codesetd><codesetn>Recording and Coding Guide for the Structure Inventory and Appraisal of the Nation's Bridges</codesetn><codesets>Federal Highway Administration</codesets></codesetd></attrdomv><attrtype Sync="TRUE">String</attrtype><attwidth Sync="TRUE">1</attwidth><attalias Sync="TRUE">ITEM101</attalias><atprecis Sync="TRUE">0</atprecis><attscale Sync="TRUE">0</attscale></attr><attr xmlns=""><attrlabl>ITEM102</attrlabl><attrdef>Direction Of Traffic</attrdef><attrdefs>Federal Highway Administration</attrdefs><attrdomv><codesetd><codesetn>Recording and Coding Guide for the Structure Inventory and Appraisal of the Nation's Bridges</codesetn><codesets>Federal Highway Administration</codesets></codesetd></attrdomv><attrtype Sync="TRUE">String</attrtype><attwidth Sync="TRUE">1</attwidth><attalias Sync="TRUE">ITEM102</attalias><atprecis Sync="TRUE">0</atprecis><attscale Sync="TRUE">0</attscale></attr><attr xmlns=""><attrlabl>ITEM103</attrlabl><attrdef>Temporary Structure Designation</attrdef><attrdefs>Federal Highway Administration</attrdefs><attrdomv><codesetd><codesetn>Recording and Coding Guide for the Structure Inventory and Appraisal of the Nation's Bridges</codesetn><codesets>Federal Highway Administration</codesets></codesetd></attrdomv><attrtype Sync="TRUE">String</attrtype><attwidth Sync="TRUE">1</attwidth><attalias Sync="TRUE">ITEM103</attalias><atprecis Sync="TRUE">0</atprecis><attscale Sync="TRUE">0</attscale></attr><attr xmlns=""><attrlabl>ITEM104</attrlabl><attrdef>Highway System Of Inventory Route</attrdef><attrdefs>Federal Highway Administration</attrdefs><attrdomv><codesetd><codesetn>Recording and Coding Guide for the Structure Inventory and Appraisal of the Nation's Bridges</codesetn><codesets>Federal Highway Administration</codesets></codesetd></attrdomv><attrtype Sync="TRUE">String</attrtype><attwidth Sync="TRUE">1</attwidth><attalias Sync="TRUE">ITEM104</attalias><atprecis Sync="TRUE">0</atprecis><attscale Sync="TRUE">0</attscale></attr><attr xmlns=""><attrlabl>ITEM105</attrlabl><attrdef>Federal Lands Highways</attrdef><attrdefs>Federal Highway Administration</attrdefs><attrdomv><codesetd><codesetn>Recording and Coding Guide for the Structure Inventory and Appraisal of the Nation's Bridges</codesetn><codesets>Federal Highway Administration</codesets></codesetd></attrdomv><attrtype Sync="TRUE">String</attrtype><attwidth Sync="TRUE">1</attwidth><attalias Sync="TRUE">ITEM105</attalias><atprecis Sync="TRUE">0</atprecis><attscale Sync="TRUE">0</attscale></attr><attr xmlns=""><attrlabl>ITEM106</attrlabl><attrdef>Year Reconstructed</attrdef><attrdefs>Federal Highway Administration</attrdefs><attrdomv><codesetd><codesetn>Recording and Coding Guide for the Structure Inventory and Appraisal of the Nation's Bridges</codesetn><codesets>Federal Highway Administration</codesets></codesetd></attrdomv><attrtype Sync="TRUE">String</attrtype><attwidth Sync="TRUE">4</attwidth><attalias Sync="TRUE">ITEM106</attalias><atprecis Sync="TRUE">0</atprecis><attscale Sync="TRUE">0</attscale></attr><attr xmlns=""><attrlabl>ITEM107</attrlabl><attrdef>Deck Structure Type</attrdef><attrdefs>Federal Highway Administration</attrdefs><attrdomv><codesetd><codesetn>Recording and Coding Guide for the Structure Inventory and Appraisal of the Nation's Bridges</codesetn><codesets>Federal Highway Administration</codesets></codesetd></attrdomv><attrtype Sync="TRUE">String</attrtype><attwidth Sync="TRUE">1</attwidth><attalias Sync="TRUE">ITEM107</attalias><atprecis Sync="TRUE">0</atprecis><attscale Sync="TRUE">0</attscale></attr><attr xmlns=""><attrlabl>ITEM108A</attrlabl><attrdef>Type of Wearing Surface</attrdef><attrdefs>Federal Highway Administration</attrdefs><attrdomv><codesetd><codesetn>Recording and Coding Guide for the Structure Inventory and Appraisal of the Nation's Bridges</codesetn><codesets>Federal Highway Administration</codesets></codesetd></attrdomv><attrtype Sync="TRUE">String</attrtype><attwidth Sync="TRUE">1</attwidth><attalias Sync="TRUE">ITEM108A</attalias><atprecis Sync="TRUE">0</atprecis><attscale Sync="TRUE">0</attscale></attr><attr xmlns=""><attrlabl>ITEM108B</attrlabl><attrdef>Type of Membrane</attrdef><attrdefs>Federal Highway Administration</attrdefs><attrdomv><codesetd><codesetn>Recording and Coding Guide for the Structure Inventory and Appraisal of the Nation's Bridges</codesetn><codesets>Federal Highway Administration</codesets></codesetd></attrdomv><attrtype Sync="TRUE">String</attrtype><attwidth Sync="TRUE">1</attwidth><attalias Sync="TRUE">ITEM108B</attalias><atprecis Sync="TRUE">0</atprecis><attscale Sync="TRUE">0</attscale></attr><attr xmlns=""><attrlabl>ITEM108C</attrlabl><attrdef>Deck Protection</attrdef><attrdefs>Federal Highway Administration</attrdefs><attrdomv><codesetd><codesetn>Recording and Coding Guide for the Structure Inventory and Appraisal of the Nation's Bridges</codesetn><codesets>Federal Highway Administration</codesets></codesetd></attrdomv><attrtype Sync="TRUE">String</attrtype><attwidth Sync="TRUE">1</attwidth><attalias Sync="TRUE">ITEM108C</attalias><atprecis Sync="TRUE">0</atprecis><attscale Sync="TRUE">0</attscale></attr><attr xmlns=""><attrlabl>ITEM109</attrlabl><attrdef>Average Daily Truck Traffic</attrdef><attrdefs>Federal Highway Administration</attrdefs><attrdomv><codesetd><codesetn>Recording and Coding Guide for the Structure Inventory and Appraisal of the Nation's Bridges</codesetn><codesets>Federal Highway Administration</codesets></codesetd></attrdomv><attrtype Sync="TRUE">String</attrtype><attwidth Sync="TRUE">2</attwidth><attalias Sync="TRUE">ITEM109</attalias><atprecis Sync="TRUE">0</atprecis><attscale Sync="TRUE">0</attscale></attr><attr xmlns=""><attrlabl>ITEM110</attrlabl><attrdef>Designated National Network</attrdef><attrdefs>Federal Highway Administration</attrdefs><attrdomv><codesetd><codesetn>Recording and Coding Guide for the Structure Inventory and Appraisal of the Nation's Bridges</codesetn><codesets>Federal Highway Administration</codesets></codesetd></attrdomv><attrtype Sync="TRUE">String</attrtype><attwidth Sync="TRUE">1</attwidth><attalias Sync="TRUE">ITEM110</attalias><atprecis Sync="TRUE">0</atprecis><attscale Sync="TRUE">0</attscale></attr><attr xmlns=""><attrlabl>ITEM111</attrlabl><attrdef>Pier/Abutment Protection</attrdef><attrdefs>Federal Highway Administration</attrdefs><attrdomv><codesetd><codesetn>Recording and Coding Guide for the Structure Inventory and Appraisal of the Nation's Bridges</codesetn><codesets>Federal Highway Administration</codesets></codesetd></attrdomv><attrtype Sync="TRUE">String</attrtype><attwidth Sync="TRUE">1</attwidth><attalias Sync="TRUE">ITEM111</attalias><atprecis Sync="TRUE">0</atprecis><attscale Sync="TRUE">0</attscale></attr><attr xmlns=""><attrlabl>ITEM112</attrlabl><attrdef>NBIS Bridge Length</attrdef><attrdefs>Federal Highway Administration</attrdefs><attrdomv><codesetd><codesetn>Recording and Coding Guide for the Structure Inventory and Appraisal of the Nation's Bridges</codesetn><codesets>Federal Highway Administration</codesets></codesetd></attrdomv><attrtype Sync="TRUE">String</attrtype><attwidth Sync="TRUE">1</attwidth><attalias Sync="TRUE">ITEM112</attalias><atprecis Sync="TRUE">0</atprecis><attscale Sync="TRUE">0</attscale></attr><attr xmlns=""><attrlabl>ITEM113</attrlabl><attrdef>Scour Critical Bridges</attrdef><attrdefs>Federal Highway Administration</attrdefs><attrdomv><codesetd><codesetn>Recording and Coding Guide for the Structure Inventory and Appraisal of the Nation's Bridges</codesetn><codesets>Federal Highway Administration</codesets></codesetd></attrdomv><attrtype Sync="TRUE">String</attrtype><attwidth Sync="TRUE">1</attwidth><attalias Sync="TRUE">ITEM113</attalias><atprecis Sync="TRUE">0</atprecis><attscale Sync="TRUE">0</attscale></attr><attr xmlns=""><attrlabl>ITEM114</attrlabl><attrdef>Future Average Daily Traffic</attrdef><attrdefs>Federal Highway Administration</attrdefs><attrdomv><codesetd><codesetn>Recording and Coding Guide for the Structure Inventory and Appraisal of the Nation's Bridges</codesetn><codesets>Federal Highway Administration</codesets></codesetd></attrdomv><attrtype Sync="TRUE">String</attrtype><attwidth Sync="TRUE">6</attwidth><attalias Sync="TRUE">ITEM114</attalias><atprecis Sync="TRUE">0</atprecis><attscale Sync="TRUE">0</attscale></attr><attr xmlns=""><attrlabl>ITEM115</attrlabl><attrdef>Year of Future Average Daily Traffic</attrdef><attrdefs>Federal Highway Administration</attrdefs><attrdomv><codesetd><codesetn>Recording and Coding Guide for the Structure Inventory and Appraisal of the Nation's Bridges</codesetn><codesets>Federal Highway Administration</codesets></codesetd></attrdomv><attrtype Sync="TRUE">String</attrtype><attwidth Sync="TRUE">4</attwidth><attalias Sync="TRUE">ITEM115</attalias><atprecis Sync="TRUE">0</atprecis><attscale Sync="TRUE">0</attscale></attr><attr xmlns=""><attrlabl>ITEM116</attrlabl><attrdef>Minimum Navigation Vertical</attrdef><attrdefs>Federal Highway Administration</attrdefs><attrdomv><codesetd><codesetn>Recording and Coding Guide for the Structure Inventory and Appraisal of the Nation's Bridges</codesetn><codesets>Federal Highway Administration</codesets></codesetd></attrdomv><attrtype Sync="TRUE">String</attrtype><attwidth Sync="TRUE">4</attwidth><attalias Sync="TRUE">ITEM116</attalias><atprecis Sync="TRUE">0</atprecis><attscale Sync="TRUE">0</attscale></attr><attr xmlns=""><attrlabl>FUNDED</attrlabl><attrdef>Is Funded</attrdef><attrdefs>Federal Highway Administration</attrdefs><attrdomv><codesetd><codesetn>Recording and Coding Guide for the Structure Inventory and Appraisal of the Nation's Bridges</codesetn><codesets>Federal Highway Administration</codesets></codesetd></attrdomv><attrtype Sync="TRUE">String</attrtype><attwidth Sync="TRUE">1</attwidth><attalias Sync="TRUE">FUNDED</attalias><atprecis Sync="TRUE">0</atprecis><attscale Sync="TRUE">0</attscale></attr><attr xmlns=""><attrlabl>FEDERAL</attrlabl><attrdef>Is Funding Federal</attrdef><attrdefs>Federal Highway Administration</attrdefs><attrdomv><codesetd><codesetn>Recording and Coding Guide for the Structure Inventory and Appraisal of the Nation's Bridges</codesetn><codesets>Federal Highway Administration</codesets></codesetd></attrdomv><attrtype Sync="TRUE">String</attrtype><attwidth Sync="TRUE">1</attwidth><attalias Sync="TRUE">FEDERAL</attalias><atprecis Sync="TRUE">0</atprecis><attscale Sync="TRUE">0</attscale></attr><attr xmlns=""><attrlabl>WO</attrlabl><attrdef>WO</attrdef><attrdefs>Federal Highway Administration</attrdefs><attrdomv><codesetd><codesetn>Recording and Coding Guide for the Structure Inventory and Appraisal of the Nation's Bridges</codesetn><codesets>Federal Highway Administration</codesets></codesetd></attrdomv><attrtype Sync="TRUE">String</attrtype><attwidth Sync="TRUE">17</attwidth><attalias Sync="TRUE">WO</attalias><atprecis Sync="TRUE">0</atprecis><attscale Sync="TRUE">0</attscale></attr><attr xmlns=""><attrlabl>DT</attrlabl><attrdef>DT</attrdef><attrdefs>Federal Highway Administration</attrdefs><attrdomv><codesetd><codesetn>Recording and Coding Guide for the Structure Inventory and Appraisal of the Nation's Bridges</codesetn><codesets>Federal Highway Administration</codesets></codesetd></attrdomv><attrtype Sync="TRUE">String</attrtype><attwidth Sync="TRUE">2</attwidth><attalias Sync="TRUE">DT</attalias><atprecis Sync="TRUE">0</atprecis><attscale Sync="TRUE">0</attscale></attr><attr xmlns=""><attrlabl>WO_2</attrlabl><attrdef>WO_2</attrdef><attrdefs>Federal Highway Administration</attrdefs><attrdomv><codesetd><codesetn>Recording and Coding Guide for the Structure Inventory and Appraisal of the Nation's Bridges</codesetn><codesets>Federal Highway Administration</codesets></codesetd></attrdomv><attrtype Sync="TRUE">String</attrtype><attwidth Sync="TRUE">16</attwidth><attalias Sync="TRUE">WO_2</attalias><atprecis Sync="TRUE">0</atprecis><attscale Sync="TRUE">0</attscale></attr><attr xmlns=""><attrlabl>STAT</attrlabl><attrdef>Stat</attrdef><attrdefs>Federal Highway Administration</attrdefs><attrdomv><edom><edomv>1</edomv><edomvd>Structurally Deficient Bridge</edomvd><edomvds>FHWA</edomvds></edom><edom><edomv>2</edomv><edomvd>Functionally Obsolete Bridge</edomvd><edomvds>FHWA</edomvds></edom><edom><edomv>null</edomv><edomvd>bridge in acceptable condition</edomvd><edomvds>FHWA</edomvds></edom></attrdomv><attrtype Sync="TRUE">String</attrtype><attwidth Sync="TRUE">1</attwidth><attalias Sync="TRUE">STAT</attalias><atprecis Sync="TRUE">0</atprecis><attscale Sync="TRUE">0</attscale></attr><attr xmlns=""><attrlabl>SR1</attrlabl><attrdef>SR1</attrdef><attrdefs>Federal Highway Administration</attrdefs><attrdomv><codesetd><codesetn>Recording and Coding Guide for the Structure Inventory and Appraisal of the Nation's Bridges</codesetn><codesets>Federal Highway Administration</codesets></codesetd></attrdomv><attrtype Sync="TRUE">String</attrtype><attwidth Sync="TRUE">1</attwidth><attalias Sync="TRUE">SR1</attalias><atprecis Sync="TRUE">0</atprecis><attscale Sync="TRUE">0</attscale></attr><attr xmlns=""><attrlabl>SR2</attrlabl><attrdef>SR2</attrdef><attrdefs>Federal Highway Administration</attrdefs><attrdomv><codesetd><codesetn>Recording and Coding Guide for the Structure Inventory and Appraisal of the Nation's Bridges</codesetn><codesets>Federal Highway Administration</codesets></codesetd></attrdomv><attrtype Sync="TRUE">String</attrtype><attwidth Sync="TRUE">4</attwidth><attalias Sync="TRUE">SR2</attalias><atprecis Sync="TRUE">0</atprecis><attscale Sync="TRUE">0</attscale></attr><attr xmlns=""><attrlabl>STATUS</attrlabl><attrdef>Status</attrdef><attrdefs>RITA</attrdefs><attrdomv><edom><edomv>AM</edomv><edomvd>Bridge was automatically conflated to the TeleAtlas Road Network</edomvd><edomvds>RITA</edomvds></edom><edom><edomv>MM</edomv><edomvd>Bridge was manually matched to the TeleAtlas Road Network</edomvd><edomvds>RITA</edomvds></edom><edom><edomv>ST</edomv><edomvd>State Supplied Coordinates were used.  Not guaranteed to match any road network.</edomvd><edomvds>RITA</edomvds></edom><edom><edomv>XX</edomv><edomvd>Bridge could not be located and is mapped to longitude-latitude 0-0.</edomvd><edomvds>RITA</edomvds></edom></attrdomv><attrtype Sync="TRUE">String</attrtype><attwidth Sync="TRUE">2</attwidth><attalias Sync="TRUE">STATUS</attalias><atprecis Sync="TRUE">0</atprecis><attscale Sync="TRUE">0</attscale></attr><attr xmlns=""><attrlabl Sync="TRUE">DATE</attrlabl><attalias Sync="TRUE">DATE</attalias><attrtype Sync="TRUE">String</attrtype><attwidth Sync="TRUE">4</attwidth><attrdef>Date - month and year of the bridge's coordinates</attrdef><attrdefs>RITA</attrdefs><attrdomv><udom>month and year of the bridge's coordinates</udom></attrdomv><atprecis Sync="TRUE">0</atprecis><attscale Sync="TRUE">0</attscale></attr><attr xmlns=""><attrlabl>LONGDD</attrlabl><attrdef>Longitude Decimal Degrees</attrdef><attrdefs>RITA</attrdefs><attrdomv><rdom><rdommin>-180</rdommin><rdommax>180</rdommax></rdom></attrdomv><attrtype Sync="TRUE">Double</attrtype><attwidth Sync="TRUE">12</attwidth><attalias Sync="TRUE">LONGDD</attalias><atprecis Sync="TRUE">11</atprecis><attscale Sync="TRUE">6</attscale></attr><attr xmlns=""><attrlabl>LATDD</attrlabl><attrdef>Latitude Decimal Degrees</attrdef><attrdefs>Federal Highway Administration</attrdefs><attrdomv><rdom><rdommin>-90</rdommin><rdommax>90</rdommax></rdom></attrdomv><attrtype Sync="TRUE">Double</attrtype><attwidth Sync="TRUE">12</attwidth><attalias Sync="TRUE">LATDD</attalias><atprecis Sync="TRUE">11</atprecis><attscale Sync="TRUE">6</attscale></attr><attr xmlns=""><attrlabl Sync="TRUE">STPOSTAL</attrlabl><attalias Sync="TRUE">STPOSTAL</attalias><attrtype Sync="TRUE">String</attrtype><attwidth Sync="TRUE">2</attwidth><atprecis Sync="TRUE">0</atprecis><attscale Sync="TRUE">0</attscale><attrdef>U.S. Postal Service two letter state abbreviation.</attrdef><attrdefs>USPS</attrdefs><attrdomv><codesetd><codesetn>U.S. Postal Service two letter state abbreviation.</codesetn><codesets>U.S. Postal Service</codesets></codesetd></attrdomv></attr></detailed></eainfo><mdHrLvName Sync="TRUE">dataset</mdHrLvName><refSysInfo><RefSystem dimension=""><refSysID xmlns=""><identCode code="4326" Sync="TRUE" value="4326"/><idCodeSpace Sync="TRUE">EPSG</idCodeSpace><idVersion Sync="TRUE">7.9.4</idVersion></refSysID></RefSystem></refSysInfo><spatRepInfo><VectSpatRep><geometObjs Name="nbi"><geoObjTyp><GeoObjTypCd value="004" Sync="TRUE"></GeoObjTypCd></geoObjTyp><geoObjCnt Sync="TRUE">607375</geoObjCnt></geometObjs><topLvl><TopoLevCd value="001" Sync="TRUE"></TopoLevCd></topLvl></VectSpatRep></spatRepInfo><spdoinfo><ptvctinf><esriterm Name="nbi"><efeatyp Sync="TRUE">Simple</efeatyp><efeageom code="1" Sync="TRUE"></efeageom><esritopo Sync="TRUE">FALSE</esritopo><efeacnt Sync="TRUE">607375</efeacnt><spindex Sync="TRUE">TRUE</spindex><linrefer Sync="TRUE">FALSE</linrefer></esriterm></ptvctinf></spdoinfo><mdDateSt Sync="TRUE">20130411</mdDateSt></metadata>
