<metadata xml:lang="en"><Esri><CreaDate>20130402</CreaDate><CreaTime>07490000</CreaTime><ArcGISFormat>1.0</ArcGISFormat><ArcGISstyle>ISO 19139 Metadata Implementation Specification</ArcGISstyle><SyncOnce>FALSE</SyncOnce><DataProperties><itemProps><itemLocation><linkage Sync="FALSE">withheld</linkage><protocol Sync="TRUE">Local Area Network</protocol></itemLocation><imsContentType export="False" Sync="TRUE">002</imsContentType><itemName Sync="TRUE">altfuels</itemName><nativeExtBox><westBL Sync="TRUE">-159.475426</westBL><eastBL Sync="TRUE">-68.010502</eastBL><southBL Sync="TRUE">19.649565</southBL><northBL Sync="TRUE">64.812234</northBL><exTypeCode Sync="TRUE">1</exTypeCode></nativeExtBox><itemSize Sync="TRUE">0.390</itemSize></itemProps><coordRef><type Sync="TRUE">Geographic</type><geogcsn Sync="TRUE">GCS_WGS_1984</geogcsn><csUnits Sync="TRUE">Angular Unit: Degree (0.017453)</csUnits><peXml Sync="TRUE">&lt;GeographicCoordinateSystem xsi:type='typens:GeographicCoordinateSystem' xmlns:xsi='http://www.w3.org/2001/XMLSchema-instance' xmlns:xs='http://www.w3.org/2001/XMLSchema' xmlns:typens='http://www.esri.com/schemas/ArcGIS/10.1'&gt;&lt;WKT&gt;GEOGCS[&amp;quot;GCS_WGS_1984&amp;quot;,DATUM[&amp;quot;D_WGS_1984&amp;quot;,SPHEROID[&amp;quot;WGS_1984&amp;quot;,6378137.0,298.257223563]],PRIMEM[&amp;quot;Greenwich&amp;quot;,0.0],UNIT[&amp;quot;Degree&amp;quot;,0.0174532925199433],METADATA[&amp;quot;World&amp;quot;,-180.0,-90.0,180.0,90.0,0.0,0.0174532925199433,0.0,1262],AUTHORITY[&amp;quot;EPSG&amp;quot;,4326]]&lt;/WKT&gt;&lt;XOrigin&gt;-400&lt;/XOrigin&gt;&lt;YOrigin&gt;-400&lt;/YOrigin&gt;&lt;XYScale&gt;11258999068426.238&lt;/XYScale&gt;&lt;ZOrigin&gt;-100000&lt;/ZOrigin&gt;&lt;ZScale&gt;10000&lt;/ZScale&gt;&lt;MOrigin&gt;-100000&lt;/MOrigin&gt;&lt;MScale&gt;10000&lt;/MScale&gt;&lt;XYTolerance&gt;8.983152841195215e-009&lt;/XYTolerance&gt;&lt;ZTolerance&gt;0.001&lt;/ZTolerance&gt;&lt;MTolerance&gt;0.001&lt;/MTolerance&gt;&lt;HighPrecision&gt;true&lt;/HighPrecision&gt;&lt;LeftLongitude&gt;-180&lt;/LeftLongitude&gt;&lt;WKID&gt;4326&lt;/WKID&gt;&lt;LatestWKID&gt;4326&lt;/LatestWKID&gt;&lt;/GeographicCoordinateSystem&gt;</peXml></coordRef></DataProperties><locales><locale country="US"/></locales><scaleRange><minScale>150000000</minScale><maxScale>5000</maxScale></scaleRange><SyncDate>20130409</SyncDate><SyncTime>11174000</SyncTime><ModDate>20130506</ModDate><ModTime>10084000</ModTime><ArcGISProfile>ISO19139</ArcGISProfile></Esri><mdChar><CharSetCd value="004"/></mdChar><mdHrLv><ScopeCd value="005"/></mdHrLv><mdContact xmlns=""><rpIndName>Andrew Hudgins</rpIndName><rpOrgName>National Renewable Energy Laboratory (NREL)</rpOrgName><role><RoleCd value="006"/></role><rpCntInfo><cntAddress addressType="physical"><delPoint>15013 Denver West Parkway</delPoint><city>Golden</city><adminArea>CO</adminArea><postCode>80401</postCode><eMailAdd>Andrew.Hudgins@nrel.gov</eMailAdd><country>US</country></cntAddress><cntPhone><voiceNum>303-275-4382</voiceNum></cntPhone><cntHours>9 - 5 Mountain time</cntHours><cntInstr>http://www.afdc.energy.gov/locator/stations/</cntInstr></rpCntInfo><displayName>Andrew Hudgins</displayName></mdContact><mdContact xmlns=""><rpOrgName>Research and Innovative Technology Administration's Bureau of Transportation Statistics (RITA/BTS)</rpOrgName><rpCntInfo xmlns=""><cntAddress addressType=""><delPoint>1200 New Jersey Ave. SE</delPoint><city>Washington</city><adminArea>DC</adminArea><postCode>20590</postCode><eMailAdd>RITAinfo@dot.gov</eMailAdd><country>US</country></cntAddress><cntPhone><voiceNum tddtty="">800-853-1351</voiceNum></cntPhone></rpCntInfo><role><RoleCd value="005"/></role><rpIndName>National Transportation Atlas Database (NTAD) 2013</rpIndName><rpPosName>Geospatial Information Services</rpPosName><displayName>Research and Innovative Technology Administration's Bureau of Transportation Statistics (RITA/BTS)</displayName></mdContact><distInfo xmlns=""><distFormat xmlns=""><formatName Sync="TRUE">Shapefile</formatName><formatVer>10.1</formatVer></distFormat><distributor xmlns=""><distorCont xmlns=""><rpIndName>Andrew Hudgins</rpIndName><rpOrgName>National Renewable Energy Laboratory (NREL)</rpOrgName><role><RoleCd value="006"/></role><rpCntInfo xmlns=""><cntAddress addressType="physical"><delPoint>15013 Denver West Parkway</delPoint><city>Golden</city><adminArea>CO</adminArea><postCode>80401</postCode><eMailAdd>Andrew.Hudgins@nrel.gov</eMailAdd><country>US</country></cntAddress><cntPhone><voiceNum tddtty="">303-275-4382</voiceNum></cntPhone><cntHours>9 - 5 Mountain time</cntHours><cntInstr>http://www.afdc.energy.gov/locator/stations/</cntInstr></rpCntInfo><displayName>Andrew Hudgins</displayName></distorCont></distributor><distributor xmlns=""><distorCont xmlns=""><rpOrgName>Research and Innovative Technology Administration's Bureau of Transportation Statistics (RITA/BTS)</rpOrgName><rpCntInfo xmlns=""><cntAddress addressType=""><delPoint>1200 New Jersey Ave. SE</delPoint><city>Washington</city><adminArea>DC</adminArea><postCode>20590</postCode><eMailAdd>RITAinfo@dot.gov</eMailAdd><country>US</country></cntAddress><cntPhone><voiceNum tddtty="">800-853-1351, 202-366-DATA</voiceNum></cntPhone><cntInstr>Data can be viewed and downloaded at:
http://www.afdc.energy.gov/locator/stations/
or
http://www.rita.dot.gov/bts/sites/rita.dot.gov.bts/files/publications/national_transportation_atlas_database/2013/index.html
</cntInstr></rpCntInfo><role><RoleCd value="005"/></role><rpIndName>National Transportation Atlas Database (NTAD) 2013</rpIndName><rpPosName>Geospatial Information Services</rpPosName><displayName>Research and Innovative Technology Administration's Bureau of Transportation Statistics (RITA/BTS)</displayName></distorCont></distributor><distTranOps xmlns=""><transSize Sync="TRUE">0.390</transSize></distTranOps></distInfo><dataIdInfo><idPurp>More than 250 million vehicles consume millions of barrels of petroleum every day in the United States. On-road passenger travel alone accounts for more than 2.5 trillion vehicle miles traveled each year. Vehicle fleet managers and drivers, corporate decision makers, and public transportation planners can use these strategies to conserve fuel.

</idPurp><idCitation xmlns=""><resTitle Sync="FALSE">altfuels</resTitle><resAltTitle>Alternative Fuel Data Center</resAltTitle><date><createDate>2013-03-20T00:00:00</createDate><pubDate>2013-03-13T00:00:00</pubDate></date><otherCitDet>Data compiled in National Transportation Atlas Database taken from the Alternative Fuel Data  Center website (http://www.afdc.energy.gov/locator/stations/) for distribution.</otherCitDet><citRespParty xmlns=""><rpOrgName>Research and Innovative Technology Administration/Bureau of Transportation Statistics</rpOrgName><rpCntInfo xmlns=""><cntAddress addressType=""><delPoint>1200 New Jersey Ave. SE</delPoint><city>Washington</city><adminArea>DC</adminArea><postCode>20590</postCode><eMailAdd>answers@BTS.gov</eMailAdd></cntAddress><cntPhone><voiceNum tddtty="">202-366-DATA</voiceNum></cntPhone></rpCntInfo><role><RoleCd value="010"/></role><rpIndName>National Transportation Atlas Database (NTAD) 2013</rpIndName><rpPosName>Geospatial Information Systems</rpPosName><displayName>Research and Innovative Technology Administration/Bureau of Transportation Statistics</displayName></citRespParty><citRespParty xmlns=""><rpIndName>Andrew Hudgins</rpIndName><rpOrgName>National Renewable Energy Laboratory (NREL)</rpOrgName><role><RoleCd value="006"/></role><rpCntInfo xmlns=""><cntAddress addressType="physical"><delPoint>15013 Denver West Parkway</delPoint><city>Golden</city><adminArea>CO</adminArea><postCode>80401</postCode><eMailAdd>Andrew.Hudgins@nrel.gov</eMailAdd><country>US</country></cntAddress><cntPhone><voiceNum tddtty="">303-275-4382</voiceNum></cntPhone><cntHours>9 - 5 Mountain time</cntHours><cntInstr>http://www.afdc.energy.gov/locator/stations/</cntInstr></rpCntInfo><rpPosName>Project Leader, Clean Cities</rpPosName></citRespParty><citRespParty xmlns=""><rpIndName>Andrew Hudgins</rpIndName><rpOrgName>National Renewable Energy Laboratory (NREL)</rpOrgName><role><RoleCd value="006"/></role><displayName>Andrew Hudgins</displayName><rpPosName>Project Leader, Clean Cities</rpPosName></citRespParty><citRespParty xmlns=""><rpIndName>Andrew Hudgins</rpIndName><rpOrgName>National Renewable Energy Laboratory (NREL)</rpOrgName><role><RoleCd value="006"/></role><displayName>Andrew Hudgins</displayName><rpPosName>Project Leader, Clean Cities</rpPosName></citRespParty><presForm xmlns=""><PresFormCd value="005" Sync="TRUE"/></presForm></idCitation><searchKeys><keyword>Alternative</keyword><keyword>fuels</keyword><keyword>green</keyword><keyword>bio</keyword><keyword>climate change</keyword><keyword>conservation</keyword><keyword>2013</keyword><keyword>alternative fueling station locatior</keyword><keyword>web application</keyword><keyword>vehicles</keyword><keyword>locate stations</keyword><keyword>law &amp; incentives</keyword><keyword>renewable energy</keyword></searchKeys><idAbs>&lt;DIV STYLE="text-align:Left;"&gt;&lt;DIV&gt;&lt;DIV&gt;&lt;P&gt;&lt;SPAN&gt;&lt;SPAN&gt;Through a nationwide network of local coalitions, &lt;/SPAN&gt;&lt;/SPAN&gt;&lt;A href="http://www.eere.energy.gov/cleancities/"&gt;&lt;SPAN&gt;&lt;SPAN&gt;Clean Cities&lt;/SPAN&gt;&lt;/SPAN&gt;&lt;/A&gt;&lt;SPAN&gt;&lt;SPAN&gt;provides project assistance to help stakeholders in the public and private sectors deploy alternative and renewable fuels, idle-reduction measures, fuel economy improvements, and emerging transportation technologies.&lt;/SPAN&gt;&lt;/SPAN&gt;&lt;/P&gt;&lt;P&gt;&lt;SPAN&gt;Department of Energy collects this data as part of the Projects undertaken by Clean Cities coalitions and stakeholders to ensure customers access to clean alternative energy. This data can be found at the Department of Energy Alternative Fuels Data Center Web Feature Service: http://www.afdc.energy.gov/locator/stations/&lt;/SPAN&gt;&lt;/P&gt;&lt;P&gt;&lt;SPAN&gt;Clean Cities is the deployment arm of the U.S. Department of Energy's (DOE) Vehicle Technologies Office.&lt;/SPAN&gt;&lt;/P&gt;&lt;P&gt;&lt;SPAN /&gt;&lt;/P&gt;&lt;/DIV&gt;&lt;/DIV&gt;&lt;/DIV&gt;</idAbs><themeKeys xmlns=""><keyword>Fuel</keyword><keyword>Transportation</keyword><keyword>vehicle</keyword><keyword>energy</keyword><keyword>NTAD</keyword><keyword>renewable</keyword></themeKeys><placeKeys xmlns=""><keyword>United States</keyword><keyword>National</keyword><keyword>Stations</keyword></placeKeys><tempKeys xmlns=""><keyword>2013</keyword></tempKeys><stratKeys xmlns=""><keyword>NTAD</keyword><keyword>National Transportation Atlas Database</keyword></stratKeys><dataChar><CharSetCd value="004"/></dataChar><idPoC><rpIndName>Andrew Hudgins</rpIndName><rpOrgName>National Renewable Energy Laboratory (NREL)</rpOrgName><role><RoleCd value="006"/></role><rpCntInfo><cntAddress addressType="physical"><delPoint>15013 Denver West Parkway</delPoint><city>Golden</city><adminArea>CO</adminArea><postCode>80401</postCode><eMailAdd>Andrew.Hudgins@nrel.gov</eMailAdd><country>US</country></cntAddress><cntPhone><voiceNum>303-275-4382</voiceNum></cntPhone><cntHours>9 - 5 Mountain time</cntHours><cntInstr>http://www.afdc.energy.gov/locator/stations/</cntInstr></rpCntInfo><displayName>Andrew Hudgins</displayName></idPoC><idPoC><rpOrgName>Research and Innovative Technology Administration's Bureau of Transportation Statistics (RITA/BTS)</rpOrgName><rpCntInfo><cntAddress><delPoint>1200 New Jersey Ave. SE</delPoint><city>Washington</city><adminArea>DC</adminArea><postCode>20590</postCode><eMailAdd>RITAinfo@dot.gov</eMailAdd><country>US</country></cntAddress><cntPhone><voiceNum>800-853-1351</voiceNum></cntPhone></rpCntInfo><role><RoleCd value="005"/></role><rpIndName>National Transportation Atlas Database (NTAD) 2013</rpIndName><rpPosName>Geospatial Information Services</rpPosName><displayName>Research and Innovative Technology Administration's Bureau of Transportation Statistics (RITA/BTS)</displayName></idPoC><resMaint><maintFreq><MaintFreqCd value="001"/></maintFreq><maintCont><rpIndName>Andrew Hudgins</rpIndName><rpOrgName>National Renewable Energy Laboratory (NREL)</rpOrgName><role><RoleCd value="006"/></role><rpCntInfo><cntAddress addressType="physical"><delPoint>15013 Denver West Parkway</delPoint><city>Golden</city><adminArea>CO</adminArea><postCode>80401</postCode><eMailAdd>Andrew.Hudgins@nrel.gov</eMailAdd><country>US</country></cntAddress><cntPhone><voiceNum>303-275-4382</voiceNum></cntPhone><cntHours>9 - 5 Mountain time</cntHours><cntInstr>http://www.afdc.energy.gov/locator/stations/</cntInstr></rpCntInfo><displayName>Andrew Hudgins</displayName></maintCont><maintCont><rpOrgName>Research and Innovative Technology Administration's Bureau of Transportation Statistics (RITA/BTS)</rpOrgName><rpCntInfo><cntAddress><delPoint>1200 New Jersey Ave. SE</delPoint><city>Washington</city><adminArea>DC</adminArea><postCode>20590</postCode><eMailAdd>RITAinfo@dot.gov</eMailAdd><country>US</country></cntAddress><cntPhone><voiceNum>800-853-1351</voiceNum></cntPhone></rpCntInfo><role><RoleCd value="005"/></role><rpIndName>National Transportation Atlas Database (NTAD) 2013</rpIndName><rpPosName>Geospatial Information Services</rpPosName><displayName>Research and Innovative Technology Administration's Bureau of Transportation Statistics (RITA/BTS)</displayName></maintCont></resMaint><resConst><Consts><useLimit>&lt;DIV STYLE="text-align:Left;"&gt;&lt;DIV&gt;&lt;DIV&gt;&lt;P&gt;&lt;SPAN&gt;None&lt;/SPAN&gt;&lt;/P&gt;&lt;/DIV&gt;&lt;/DIV&gt;&lt;/DIV&gt;</useLimit></Consts></resConst><envirDesc Sync="TRUE">Microsoft Windows 7 Version 6.1 (Build 7601) Service Pack 1; Esri ArcGIS 10.1.0.3035</envirDesc><dataLang><languageCode value="eng" Sync="TRUE"/><countryCode value="USA" Sync="TRUE"/></dataLang><spatRpType><SpatRepTypCd value="001" Sync="TRUE"/></spatRpType><dataExt><geoEle xmlns=""><GeoBndBox esriExtentType="search"><exTypeCode Sync="TRUE">1</exTypeCode><westBL Sync="TRUE">-159.475426</westBL><eastBL Sync="TRUE">-68.010502</eastBL><northBL Sync="TRUE">64.812234</northBL><southBL Sync="TRUE">19.649565</southBL></GeoBndBox></geoEle></dataExt><tpCat><TopicCatCd value="005"/></tpCat><tpCat><TopicCatCd value="007"/></tpCat><tpCat><TopicCatCd value="009"/></tpCat><tpCat><TopicCatCd value="018"/></tpCat><tpCat><TopicCatCd value="019"/></tpCat></dataIdInfo><mdMaint><maintFreq><MaintFreqCd value="001"/></maintFreq><maintCont><rpIndName>Andrew Hudgins</rpIndName><rpOrgName>National Renewable Energy Laboratory (NREL)</rpOrgName><role><RoleCd value="006"/></role><rpCntInfo><cntAddress addressType="physical"><delPoint>15013 Denver West Parkway</delPoint><city>Golden</city><adminArea>CO</adminArea><postCode>80401</postCode><eMailAdd>Andrew.Hudgins@nrel.gov</eMailAdd><country>US</country></cntAddress><cntPhone><voiceNum>303-275-4382</voiceNum></cntPhone><cntHours>9 - 5 Mountain time</cntHours><cntInstr>http://www.afdc.energy.gov/locator/stations/</cntInstr></rpCntInfo><displayName>Andrew Hudgins</displayName></maintCont></mdMaint><mdConst><Consts><useLimit>&lt;DIV STYLE="text-align:Left;"&gt;&lt;DIV&gt;&lt;DIV&gt;&lt;P&gt;&lt;SPAN&gt;None&lt;/SPAN&gt;&lt;/P&gt;&lt;/DIV&gt;&lt;/DIV&gt;&lt;/DIV&gt;</useLimit></Consts></mdConst><eainfo><detailed Name="altfuels" xmlns=""><enttyp><enttypl Sync="FALSE">altfuels</enttypl><enttypt Sync="TRUE">Feature Class</enttypt><enttypc Sync="TRUE">14613</enttypc></enttyp><attr xmlns=""><attrlabl>FID</attrlabl><attalias Sync="TRUE">FID</attalias><attrdef>esri generated unique code for features</attrdef><attrtype Sync="TRUE">OID</attrtype><attrdomv><edom xmlns=""><edomv>0</edomv><edomvd>99999</edomvd></edom><udom Sync="TRUE">Sequential unique whole numbers that are automatically generated.</udom></attrdomv><attwidth Sync="TRUE">4</attwidth><atprecis Sync="TRUE">0</atprecis><attscale Sync="TRUE">0</attscale><attrdefs Sync="TRUE">Esri</attrdefs></attr><attr xmlns=""><attrlabl>Shape</attrlabl><attalias Sync="TRUE">Shape</attalias><attrdef>esri generated</attrdef><attrtype Sync="TRUE">Geometry</attrtype><attrdomv><edom xmlns=""><edomv>Point</edomv></edom><udom Sync="TRUE">Coordinates defining the features.</udom></attrdomv><attwidth Sync="TRUE">0</attwidth><atprecis Sync="TRUE">0</atprecis><attscale Sync="TRUE">0</attscale><attrdefs Sync="TRUE">Esri</attrdefs></attr><attr xmlns=""><attrlabl>Fuel_Type</attrlabl><attalias Sync="TRUE">Fuel_Type</attalias><attrdef>The type of alternative fuel the station provides. Fuel types are given as code values.</attrdef><attrtype Sync="TRUE">String</attrtype><attrdomv><edom xmlns=""><edomv>BD</edomv><edomvd>Biodiesel (B20 and above)</edomvd></edom><edom xmlns=""><edomv>CNG</edomv><edomvd>Compressed Natural Gas</edomvd></edom><edom xmlns=""><edomv>E85</edomv><edomvd>Ethanol (E85)</edomvd></edom><edom xmlns=""><edomv>ELEC</edomv><edomvd>Electric</edomvd></edom><edom xmlns=""><edomv>HY</edomv><edomvd>Hydrogen</edomvd></edom><edom xmlns=""><edomv>LNG</edomv><edomvd>Liquefied Natural Gas</edomvd></edom><edom xmlns=""><edomv>LPG</edomv><edomvd>Liquefied Petroluem Gas (Propane)</edomvd></edom></attrdomv><attwidth Sync="TRUE">254</attwidth><atprecis Sync="TRUE">0</atprecis><attscale Sync="TRUE">0</attscale></attr><attr xmlns=""><attrlabl>Station_Na</attrlabl><attalias Sync="TRUE">Station_Na</attalias><attrdef>The name of the station.</attrdef><attrtype Sync="TRUE">String</attrtype><attwidth Sync="TRUE">254</attwidth><atprecis Sync="TRUE">0</atprecis><attscale Sync="TRUE">0</attscale></attr><attr xmlns=""><attrlabl>Street_Add</attrlabl><attalias Sync="TRUE">Street_Add</attalias><attrdef>The street address of the station's location.</attrdef><attrtype Sync="TRUE">String</attrtype><attwidth Sync="TRUE">254</attwidth><atprecis Sync="TRUE">0</atprecis><attscale Sync="TRUE">0</attscale></attr><attr xmlns=""><attrlabl>Intersecti</attrlabl><attalias Sync="TRUE">Intersecti</attalias><attrdef>Brief additional information about how to locate the station.</attrdef><attrtype Sync="TRUE">String</attrtype><attwidth Sync="TRUE">254</attwidth><atprecis Sync="TRUE">0</atprecis><attscale Sync="TRUE">0</attscale></attr><attr xmlns=""><attrlabl>City</attrlabl><attalias Sync="TRUE">City</attalias><attrdef>The city of the station's location.</attrdef><attrtype Sync="TRUE">String</attrtype><attwidth Sync="TRUE">254</attwidth><atprecis Sync="TRUE">0</atprecis><attscale Sync="TRUE">0</attscale></attr><attr xmlns=""><attrlabl>State</attrlabl><attalias Sync="TRUE">State</attalias><attrdef>The two character U.S. state or Canadian province code of the station's location.</attrdef><attrtype Sync="TRUE">String</attrtype><attwidth Sync="TRUE">254</attwidth><atprecis Sync="TRUE">0</atprecis><attscale Sync="TRUE">0</attscale></attr><attr xmlns=""><attrlabl>Zip</attrlabl><attalias Sync="TRUE">ZIP</attalias><attrdef>The ZIP code (postal code) of the station's location.</attrdef><attrtype Sync="TRUE">Double</attrtype><attwidth Sync="TRUE">16</attwidth><atprecis Sync="TRUE">15</atprecis><attscale Sync="TRUE">6</attscale></attr><attr xmlns=""><attrlabl>Plus4</attrlabl><attalias Sync="TRUE">Plus4</attalias><attrdef>The plus-4 portion of the station's ZIP code (U.S. ZIP codes only).</attrdef><attrtype Sync="TRUE">Double</attrtype><attwidth Sync="TRUE">16</attwidth><atprecis Sync="TRUE">15</atprecis><attscale Sync="TRUE">6</attscale></attr><attr xmlns=""><attrlabl>Station_Ph</attrlabl><attalias Sync="TRUE">Station_Ph</attalias><attrdef>The phone number of the station.</attrdef><attrtype Sync="TRUE">String</attrtype><attwidth Sync="TRUE">254</attwidth><atprecis Sync="TRUE">0</atprecis><attscale Sync="TRUE">0</attscale></attr><attr xmlns=""><attrlabl>Status_Cod</attrlabl><attalias Sync="TRUE">Status_Cod</attalias><attrdef>The current status of the station, given as code values

</attrdef><attrtype Sync="TRUE">String</attrtype><attrdomv><edom xmlns=""><edomv>E</edomv><edomvd>Open: The station is open.</edomvd></edom><edom xmlns=""><edomv>P</edomv><edomvd>Planned: The station is not yet open, but plans to carry alternative fuel in the future, or the station is temporarily out of service. See the "Expected Date" field for an anticipated open date.</edomvd></edom></attrdomv><attwidth Sync="TRUE">254</attwidth><atprecis Sync="TRUE">0</atprecis><attscale Sync="TRUE">0</attscale></attr><attr xmlns=""><attrlabl>Expected_D</attrlabl><attalias Sync="TRUE">Expected_D</attalias><attrdef>For planned stations, the date the station is expected to open or start carrying alternative fuel.</attrdef><attrtype Sync="TRUE">String</attrtype><attwidth Sync="TRUE">254</attwidth><atprecis Sync="TRUE">0</atprecis><attscale Sync="TRUE">0</attscale></attr><attr xmlns=""><attrlabl>Groups_Wit</attrlabl><attalias Sync="TRUE">Groups_Wit</attalias><attrdef>A description of who is allowed to access the station and other station access information.</attrdef><attrtype Sync="TRUE">String</attrtype><attwidth Sync="TRUE">254</attwidth><atprecis Sync="TRUE">0</atprecis><attscale Sync="TRUE">0</attscale></attr><attr xmlns=""><attrlabl>Access_Day</attrlabl><attalias Sync="TRUE">Access_Day</attalias><attrdef>Hours of operation for the station.</attrdef><attrtype Sync="TRUE">String</attrtype><attwidth Sync="TRUE">254</attwidth><atprecis Sync="TRUE">0</atprecis><attscale Sync="TRUE">0</attscale></attr><attr xmlns=""><attrlabl>Cards_Acce</attrlabl><attalias Sync="TRUE">Cards_Acce</attalias><attrdef>A space-separated list of payment methods accepted. Payment methods are given as code values as described below:

</attrdef><attrtype Sync="TRUE">String</attrtype><attrdomv><edom xmlns=""><edomv>A</edomv><edomvd>American Express</edomvd></edom><edom xmlns=""><edomv>D</edomv><edomvd>Discover</edomvd></edom><edom xmlns=""><edomv>M</edomv><edomvd>MasterCard</edomvd></edom><edom xmlns=""><edomv>V</edomv><edomvd>VISA</edomvd></edom><edom xmlns=""><edomv>Cash</edomv></edom><edom xmlns=""><edomv>Checks</edomv></edom><edom xmlns=""><edomv>CFN</edomv></edom><edom xmlns=""><edomv>CleanEnergy</edomv></edom><edom xmlns=""><edomv>FuelMan</edomv></edom><edom xmlns=""><edomv>GasCard</edomv></edom><edom xmlns=""><edomv>PHH</edomv></edom><edom xmlns=""><edomv>Voyager</edomv></edom><edom xmlns=""><edomv>Wright_Exp</edomv></edom></attrdomv><attwidth Sync="TRUE">254</attwidth><atprecis Sync="TRUE">0</atprecis><attscale Sync="TRUE">0</attscale></attr><attr xmlns=""><attrlabl>Bd_Blends</attrlabl><attalias Sync="TRUE">BD_Blends</attalias><attrdef>For biodiesel stations, the level of biodiesel blends the station provides.</attrdef><attrtype Sync="TRUE">String</attrtype><attwidth Sync="TRUE">254</attwidth><atprecis Sync="TRUE">0</atprecis><attscale Sync="TRUE">0</attscale></attr><attr xmlns=""><attrlabl>NG_Fill_Ty</attrlabl><attalias Sync="TRUE">NG_Fill_Ty</attalias><attrdef>For CNG stations, the type of dispensing capability available, given as code values.

</attrdef><attrtype Sync="TRUE">String</attrtype><attrdomv><edom xmlns=""><edomv>Q</edomv><edomvd>Quick fill</edomvd></edom><edom xmlns=""><edomv>T</edomv><edomvd>Timed fill</edomvd></edom><edom xmlns=""><edomv>B</edomv><edomvd>Both: quick fill and timed fill</edomvd></edom></attrdomv><attwidth Sync="TRUE">254</attwidth><atprecis Sync="TRUE">0</atprecis><attscale Sync="TRUE">0</attscale></attr><attr xmlns=""><attrlabl>NG_PSI</attrlabl><attalias Sync="TRUE">NG_PSI</attalias><attrdef>For CNG stations, a space separated list of PSI pressures available.</attrdef><attrtype Sync="TRUE">String</attrtype><attwidth Sync="TRUE">254</attwidth><atprecis Sync="TRUE">0</atprecis><attscale Sync="TRUE">0</attscale></attr><attr xmlns=""><attrlabl>EV_Level1</attrlabl><attalias Sync="TRUE">EV_Level1</attalias><attrdef>For electric stations, the number of Level 1 EVSE (standard 110V outlet).</attrdef><attrtype Sync="TRUE">String</attrtype><attwidth Sync="TRUE">254</attwidth><atprecis Sync="TRUE">0</atprecis><attscale Sync="TRUE">0</attscale></attr><attr xmlns=""><attrlabl>EV_Level2</attrlabl><attalias Sync="TRUE">EV_Level2</attalias><attrdef>For electric stations, the number of Level 2 EVSE (J1772 connector).</attrdef><attrtype Sync="TRUE">String</attrtype><attwidth Sync="TRUE">254</attwidth><atprecis Sync="TRUE">0</atprecis><attscale Sync="TRUE">0</attscale></attr><attr xmlns=""><attrlabl>EV_DC_Fast</attrlabl><attalias Sync="TRUE">EV_DC_Fast</attalias><attrdef>For electric stations, the number of DC Fast Chargers.</attrdef><attrtype Sync="TRUE">String</attrtype><attwidth Sync="TRUE">254</attwidth><atprecis Sync="TRUE">0</atprecis><attscale Sync="TRUE">0</attscale></attr><attr xmlns=""><attrlabl>EV_Other_I</attrlabl><attalias Sync="TRUE">EV_Other_I</attalias><attrdef>For electric stations, the number and type of additional EVSE, such as: 
•SP Inductive - Small paddle inductive
•LP Inductive - Large paddle inductive
•Avcon Conductive</attrdef><attrtype Sync="TRUE">String</attrtype><attwidth Sync="TRUE">254</attwidth><atprecis Sync="TRUE">0</atprecis><attscale Sync="TRUE">0</attscale></attr><attr xmlns=""><attrlabl>EV_Network</attrlabl><attalias Sync="TRUE">EV_Network</attalias><attrdef>For electric stations, the name of the EVSE network, if applicable.</attrdef><attrtype Sync="TRUE">String</attrtype><attwidth Sync="TRUE">254</attwidth><atprecis Sync="TRUE">0</atprecis><attscale Sync="TRUE">0</attscale></attr><attr xmlns=""><attrlabl>EV_Netwo_1</attrlabl><attalias Sync="TRUE">EV_Netwo_1</attalias><attrdef>For electric stations, the name of the EVSE network, if applicable.</attrdef><attrtype Sync="TRUE">String</attrtype><attwidth Sync="TRUE">254</attwidth><atprecis Sync="TRUE">0</atprecis><attscale Sync="TRUE">0</attscale></attr><attr xmlns=""><attrlabl>Geocode_St</attrlabl><attalias Sync="TRUE">Geocode_St</attalias><attrdef>A rating indicating the approximate accuracy of the latitude and longitude for the station's address, given as code values

</attrdef><attrdomv><edom xmlns=""><edomv>GPS</edomv><edomvd>The location is from a real GPS readout at the station.</edomvd></edom><edom xmlns=""><edomv>200-9</edomv><edomvd>Premise (building name, property name, shopping center, etc.) level accuracy.</edomvd></edom><edom xmlns=""><edomv>200-8</edomv><edomvd>Address level accuracy.</edomvd></edom><edom xmlns=""><edomv>200-7</edomv><edomvd>Intersection level accuracy.</edomvd></edom><edom xmlns=""><edomv>200-6</edomv><edomvd>Street level accuracy.</edomvd></edom><edom xmlns=""><edomv>200-5</edomv><edomvd>ZIP code (postal code) level accuracy.</edomvd></edom><edom xmlns=""><edomv>200-4</edomv><edomvd>Town (city, village) level accuracy.</edomvd></edom><edom xmlns=""><edomv>200-3</edomv><edomvd>Sub-region (county, municipality, etc.) level accuracy.</edomvd></edom><edom xmlns=""><edomv>200-2</edomv><edomvd>Region (state, province, prefecture, etc.) level accuracy.</edomvd></edom><edom xmlns=""><edomv>200-1</edomv><edomvd>Country level accuracy.</edomvd></edom><edom xmlns=""><edomv>200-0</edomv><edomvd>Unknown accuracy.</edomvd></edom></attrdomv><attrtype Sync="TRUE">String</attrtype><attwidth Sync="TRUE">254</attwidth><atprecis Sync="TRUE">0</atprecis><attscale Sync="TRUE">0</attscale></attr><attr xmlns=""><attrlabl>Latitude</attrlabl><attalias Sync="TRUE">Latitude</attalias><attrdef>The latitude of the station's address (see the "Geocode Status" field for details on the latitude's accuracy).</attrdef><attrtype Sync="TRUE">Double</attrtype><attrdomv><rdom xmlns=""><rdommin>-99</rdommin><rdommax>99</rdommax></rdom></attrdomv><attwidth Sync="TRUE">16</attwidth><atprecis Sync="TRUE">15</atprecis><attscale Sync="TRUE">6</attscale></attr><attr xmlns=""><attrlabl>Longitude</attrlabl><attalias Sync="TRUE">Longitude</attalias><attrdef>The longitude of the station's address (see the "Geocode Status" field for details on the longitude's accuracy).</attrdef><attrtype Sync="TRUE">Double</attrtype><attrdomv><rdom xmlns=""><rdommin>-180</rdommin><rdommax>180</rdommax></rdom></attrdomv><attwidth Sync="TRUE">16</attwidth><atprecis Sync="TRUE">15</atprecis><attscale Sync="TRUE">6</attscale></attr><attr xmlns=""><attrlabl>Date_Last</attrlabl><attalias Sync="TRUE">Date_Last</attalias><attrdef>The date the station's details were last confirmed.</attrdef><attrtype Sync="TRUE">Date</attrtype><attwidth Sync="TRUE">8</attwidth><atprecis Sync="TRUE">0</atprecis><attscale Sync="TRUE">0</attscale></attr><attr xmlns=""><attrlabl>ID</attrlabl><attalias Sync="TRUE">ID</attalias><attrdef>A unique identifier for this specific station.</attrdef><attrtype Sync="TRUE">Double</attrtype><attwidth Sync="TRUE">16</attwidth><atprecis Sync="TRUE">15</atprecis><attscale Sync="TRUE">6</attscale></attr><attr xmlns=""><attrlabl>Updated_At</attrlabl><attalias Sync="TRUE">Updated_At</attalias><attrdef>The time the station's details were last updated (ISO 8601 format).</attrdef><attrtype Sync="TRUE">String</attrtype><attwidth Sync="TRUE">254</attwidth><atprecis Sync="TRUE">0</atprecis><attscale Sync="TRUE">0</attscale></attr><attr xmlns=""><attrlabl>Owner_Type</attrlabl><attalias Sync="TRUE">Owner_Type</attalias><attrdef>A space-separated list of payment methods accepted. Payment methods are given as code values.</attrdef><attrtype Sync="TRUE">String</attrtype><attrdomv><edom xmlns=""><edomv>P</edomv><edomvd>Privately owned</edomvd></edom><edom xmlns=""><edomv>T</edomv><edomvd>Utility owned</edomvd></edom><edom xmlns=""><edomv>FG</edomv><edomvd>Federal government owned</edomvd></edom><edom xmlns=""><edomv>LG</edomv><edomvd>Local government owned</edomvd></edom><edom xmlns=""><edomv>SG</edomv><edomvd>State government owned</edomvd></edom><edom xmlns=""><edomv>J</edomv><edomvd>Jointly owned (combintion of owner types)</edomvd></edom></attrdomv><attwidth Sync="TRUE">254</attwidth><atprecis Sync="TRUE">0</atprecis><attscale Sync="TRUE">0</attscale></attr><attr xmlns=""><attrlabl>Federal_Ag</attrlabl><attalias Sync="TRUE">Federal_Ag</attalias><attrdef>If the station is owned by a federal agency, a record for the federal agency that owns this station. See federal_1 for response details.</attrdef><attrtype Sync="TRUE">String</attrtype><attwidth Sync="TRUE">254</attwidth><atprecis Sync="TRUE">0</atprecis><attscale Sync="TRUE">0</attscale></attr><attr xmlns=""><attrlabl Sync="TRUE">Federal__1</attrlabl><attalias Sync="TRUE">Federal__1</attalias><attrtype Sync="TRUE">String</attrtype><attwidth Sync="TRUE">254</attwidth><atprecis Sync="TRUE">0</atprecis><attscale Sync="TRUE">0</attscale></attr><attr xmlns=""><attrlabl>Open_Date</attrlabl><attalias Sync="TRUE">Open_Date</attalias><attrdef>date open</attrdef><attrtype Sync="TRUE">Date</attrtype><attwidth Sync="TRUE">8</attwidth><atprecis Sync="TRUE">0</atprecis><attscale Sync="TRUE">0</attscale></attr><attr xmlns=""><attrlabl Sync="TRUE">Hydrogen_S</attrlabl><attalias Sync="TRUE">Hydrogen_S</attalias><attrtype Sync="TRUE">String</attrtype><attwidth Sync="TRUE">254</attwidth><atprecis Sync="TRUE">0</atprecis><attscale Sync="TRUE">0</attscale></attr></detailed></eainfo><mdLang><languageCode value="eng" Sync="TRUE"/><countryCode value="USA" Sync="TRUE"/></mdLang><mdHrLvName Sync="TRUE">dataset</mdHrLvName><refSysInfo><RefSystem><refSysID><identCode code="4326" Sync="TRUE" value="4326"/><idCodeSpace Sync="TRUE">EPSG</idCodeSpace><idVersion Sync="TRUE">7.9.4</idVersion></refSysID></RefSystem></refSysInfo><spatRepInfo><VectSpatRep><geometObjs Name="altfuels"><geoObjTyp><GeoObjTypCd value="004" Sync="TRUE"/></geoObjTyp><geoObjCnt Sync="TRUE">14613</geoObjCnt></geometObjs><topLvl><TopoLevCd value="001" Sync="TRUE"/></topLvl></VectSpatRep></spatRepInfo><spdoinfo><ptvctinf><esriterm Name="altfuels"><efeatyp Sync="TRUE">Simple</efeatyp><efeageom code="1" Sync="TRUE"/><esritopo Sync="TRUE">FALSE</esritopo><efeacnt Sync="TRUE">14613</efeacnt><spindex Sync="TRUE">TRUE</spindex><linrefer Sync="TRUE">FALSE</linrefer></esriterm></ptvctinf></spdoinfo><mdDateSt Sync="TRUE">20130506</mdDateSt></metadata>
