<metadata xml:lang="en"><Esri><CreaDate>20130404</CreaDate><CreaTime>12133400</CreaTime><ArcGISFormat>1.0</ArcGISFormat><ArcGISstyle>ISO 19139 Metadata Implementation Specification</ArcGISstyle><SyncOnce>FALSE</SyncOnce><DataProperties><itemProps><itemLocation><linkage Sync="FALSE">withheld</linkage><protocol Sync="TRUE">Local Area Network</protocol></itemLocation><itemName Sync="TRUE">rr_crossings</itemName><imsContentType Sync="TRUE" export="False">002</imsContentType><nativeExtBox><westBL Sync="TRUE">-158.090675</westBL><eastBL Sync="TRUE">-67.097641</eastBL><southBL Sync="TRUE">20.887775</southBL><northBL Sync="TRUE">64.919140</northBL><exTypeCode Sync="TRUE">1</exTypeCode></nativeExtBox><itemSize Sync="TRUE">6.492</itemSize></itemProps><coordRef><type Sync="TRUE">Geographic</type><geogcsn Sync="TRUE">GCS_WGS_1984</geogcsn><csUnits Sync="TRUE">Angular Unit: Degree (0.017453)</csUnits><peXml Sync="TRUE">&lt;GeographicCoordinateSystem xsi:type='typens:GeographicCoordinateSystem' xmlns:xsi='http://www.w3.org/2001/XMLSchema-instance' xmlns:xs='http://www.w3.org/2001/XMLSchema' xmlns:typens='http://www.esri.com/schemas/ArcGIS/10.1'&gt;&lt;WKT&gt;GEOGCS[&amp;quot;GCS_WGS_1984&amp;quot;,DATUM[&amp;quot;D_WGS_1984&amp;quot;,SPHEROID[&amp;quot;WGS_1984&amp;quot;,6378137.0,298.257223563]],PRIMEM[&amp;quot;Greenwich&amp;quot;,0.0],UNIT[&amp;quot;Degree&amp;quot;,0.0174532925199433],METADATA[&amp;quot;World&amp;quot;,-180.0,-90.0,180.0,90.0,0.0,0.0174532925199433,0.0,1262],AUTHORITY[&amp;quot;EPSG&amp;quot;,4326]]&lt;/WKT&gt;&lt;XOrigin&gt;-400&lt;/XOrigin&gt;&lt;YOrigin&gt;-400&lt;/YOrigin&gt;&lt;XYScale&gt;11258999068426.238&lt;/XYScale&gt;&lt;ZOrigin&gt;-100000&lt;/ZOrigin&gt;&lt;ZScale&gt;10000&lt;/ZScale&gt;&lt;MOrigin&gt;-100000&lt;/MOrigin&gt;&lt;MScale&gt;10000&lt;/MScale&gt;&lt;XYTolerance&gt;8.983152841195215e-009&lt;/XYTolerance&gt;&lt;ZTolerance&gt;0.001&lt;/ZTolerance&gt;&lt;MTolerance&gt;0.001&lt;/MTolerance&gt;&lt;HighPrecision&gt;true&lt;/HighPrecision&gt;&lt;LeftLongitude&gt;-180&lt;/LeftLongitude&gt;&lt;WKID&gt;4326&lt;/WKID&gt;&lt;LatestWKID&gt;4326&lt;/LatestWKID&gt;&lt;/GeographicCoordinateSystem&gt;</peXml></coordRef></DataProperties><SyncDate>20130412</SyncDate><SyncTime>12075400</SyncTime><ModDate>20130412</ModDate><ModTime>12075400</ModTime><ArcGISProfile>ISO19139</ArcGISProfile><scaleRange><minScale>150000000</minScale><maxScale>5000</maxScale></scaleRange></Esri><mdLang><languageCode value="eng"/><countryCode value="USA" Sync="TRUE"/></mdLang><mdHrLv><ScopeCd value="005"/></mdHrLv><mdStanName>ArcGIS Metadata</mdStanName><mdStanVer>1.0</mdStanVer><dataIdInfo><envirDesc Sync="TRUE">Microsoft Windows 7 Version 6.1 (Build 7601) Service Pack 1; Esri ArcGIS 10.1.0.3035</envirDesc><dataLang><languageCode value="eng" Sync="TRUE"/><countryCode value="USA" Sync="TRUE"/></dataLang><idCitation xmlns=""><resTitle Sync="FALSE">rr_crossings</resTitle><presForm xmlns=""><PresFormCd value="005" Sync="TRUE"/></presForm><date><createDate>2013-03-15T00:00:00</createDate></date><citRespParty xmlns=""><rpIndName>Raquel Hunt</rpIndName><rpOrgName>Federal Railroad Administration (FRA)</rpOrgName><rpPosName>GIS Program Manager</rpPosName><role><RoleCd value="002"/></role><displayName>Raquel Hunt</displayName></citRespParty><citRespParty xmlns=""><rpOrgName>Research and Innovative Technology Administration/Bureau of Transportation Statistics</rpOrgName><rpCntInfo xmlns=""><cntAddress addressType=""><delPoint>1200 New Jersey Ave. SE</delPoint><city>Washington</city><adminArea>DC</adminArea><postCode>20590</postCode><eMailAdd>answers@BTS.gov</eMailAdd></cntAddress><cntPhone><voiceNum tddtty="">202-366-DATA</voiceNum></cntPhone></rpCntInfo><role><RoleCd value="005"/></role><rpIndName>National Transportation Atlas Database (NTAD) 2013</rpIndName><rpPosName>Geospatial Information Systems</rpPosName><displayName>Research and Innovative Technology Administration/Bureau of Transportation Statistics</displayName></citRespParty></idCitation><spatRpType><SpatRepTypCd value="001" Sync="TRUE"/></spatRpType><dataExt xmlns=""><geoEle xmlns=""><GeoBndBox esriExtentType="search"><exTypeCode Sync="TRUE">1</exTypeCode><westBL Sync="TRUE">-158.090675</westBL><eastBL Sync="TRUE">-67.097641</eastBL><northBL Sync="TRUE">64.919140</northBL><southBL Sync="TRUE">20.887775</southBL></GeoBndBox></geoEle></dataExt><idPurp>Rail Crossings is a spatial file maintained by the Federal Railroad Administration (FRA) for use by
States and railroads.</idPurp><idCredit>Federal Railroad Administration (FRA)</idCredit><resConst><Consts xmlns=""><useLimit>&lt;DIV STYLE="text-align:Left;"&gt;&lt;DIV&gt;&lt;DIV&gt;&lt;P&gt;&lt;SPAN&gt;There are no access and use limitations for this item.&lt;/SPAN&gt;&lt;/P&gt;&lt;/DIV&gt;&lt;/DIV&gt;&lt;/DIV&gt;</useLimit></Consts></resConst><tempKeys xmlns=""><keyword>2013</keyword></tempKeys><themeKeys xmlns=""><keyword>Rail</keyword></themeKeys><themeKeys xmlns=""><keyword>Grade Crossing</keyword></themeKeys><themeKeys xmlns=""><keyword>Rail Crossings</keyword></themeKeys><dataChar><CharSetCd value="004"/></dataChar><idPoC xmlns=""><rpIndName>Raquel Hunt</rpIndName><rpOrgName>Federal Railroad Administration (FRA)</rpOrgName><rpPosName>GIS Program Manager</rpPosName><role><RoleCd value="002"/></role></idPoC><resMaint xmlns=""><maintFreq><MaintFreqCd value="008"/></maintFreq></resMaint><searchKeys><keyword>Rail</keyword><keyword>Grade Crossing</keyword><keyword>Rail Crossing</keyword><keyword>2013</keyword></searchKeys><idAbs>&lt;DIV STYLE="text-align:Left;"&gt;&lt;DIV&gt;&lt;DIV&gt;&lt;P&gt;&lt;SPAN&gt;FRA Grade Crossings is a spatial file that originates from the National Highway-Rail Crossing, Inventory Program. The program is to provide information to Federal, State, and local governments, as well as the railroad industry for the improvements of safety at highway-rail crossing.&lt;/SPAN&gt;&lt;/P&gt;&lt;/DIV&gt;&lt;/DIV&gt;&lt;/DIV&gt;</idAbs><tpCat><TopicCatCd value="018"/></tpCat></dataIdInfo><distInfo xmlns=""><distFormat xmlns=""><formatName Sync="TRUE">Shapefile</formatName><formatVer>2013</formatVer></distFormat><distTranOps xmlns=""><transSize Sync="TRUE">6.492</transSize><onLineSrc xmlns=""><linkage>http://www.bts.gov/programs/geographic_information_services/</linkage></onLineSrc></distTranOps><distributor xmlns=""><distorCont xmlns=""><rpIndName>Office of Geospatial Information Systems</rpIndName><rpOrgName>Research and Innovative Technology Administration's Bureau of Transportation Statistics (RITA/BTS)</rpOrgName><role><RoleCd value="005"/></role><rpCntInfo xmlns=""><cntAddress addressType=""><delPoint>1200 New Jersey Ave. SE</delPoint><city>Washington</city><adminArea>DC</adminArea><postCode>20590</postCode><eMailAdd>answers@bts.gov</eMailAdd><country>US</country></cntAddress><cntPhone><voiceNum tddtty="">202-366-DATA</voiceNum></cntPhone></rpCntInfo></distorCont><distorOrdPrc xmlns=""><ordInstr>Call (202-366-DATA), or E-mail (answers@bts.gov) RITA/BTS to request the National Transportation Atlas Databases (NTAD) 2013 DVD. The NTAD DVD can be ordered from the online bookstore at www.bts.gov. Individual datasets from the NTAD can also be downloaded from the Office of Geospatial Information Systems website at http://www.bts.gov/programs/geographic_information_services/</ordInstr></distorOrdPrc><distorFormat xmlns=""><formatName>Shapefile</formatName><formatVer>2013</formatVer><fileDecmTech>no compression applied</fileDecmTech></distorFormat><distorTran xmlns=""><transSize>6.645</transSize><offLineMed xmlns=""><medName><MedNameCd value="002"/></medName><medFormat><MedFormCd value="004"/></medFormat><medDensity>650</medDensity><medDenUnits>Megabytes</medDenUnits></offLineMed></distorTran><distorTran xmlns=""><onLineSrc xmlns=""><orDesc>National Transportation Atlas Databases (NTAD) 2013</orDesc></onLineSrc></distorTran></distributor></distInfo><mdHrLvName Sync="TRUE">dataset</mdHrLvName><refSysInfo><RefSystem dimension=""><refSysID xmlns=""><identCode code="4326" Sync="TRUE" value="4326"/><idCodeSpace Sync="TRUE">EPSG</idCodeSpace><idVersion Sync="TRUE">7.9.4</idVersion></refSysID></RefSystem></refSysInfo><spatRepInfo><VectSpatRep><geometObjs Name="rr_crossings"><geoObjTyp><GeoObjTypCd value="004" Sync="TRUE"></GeoObjTypCd></geoObjTyp><geoObjCnt Sync="TRUE">243112</geoObjCnt></geometObjs><topLvl><TopoLevCd value="001" Sync="TRUE"></TopoLevCd></topLvl></VectSpatRep></spatRepInfo><spdoinfo><ptvctinf><esriterm Name="rr_crossings"><efeatyp Sync="TRUE">Simple</efeatyp><efeageom code="1" Sync="TRUE"></efeageom><esritopo Sync="TRUE">FALSE</esritopo><efeacnt Sync="TRUE">243112</efeacnt><spindex Sync="TRUE">TRUE</spindex><linrefer Sync="TRUE">FALSE</linrefer></esriterm></ptvctinf></spdoinfo><eainfo><detailed Name="rr_crossings" xmlns=""><enttyp><enttypl Sync="TRUE">rr_crossings</enttypl><enttypt Sync="TRUE">Feature Class</enttypt><enttypc Sync="TRUE">243112</enttypc></enttyp><attr xmlns=""><attrlabl Sync="TRUE">FID</attrlabl><attalias Sync="TRUE">FID</attalias><attrtype Sync="TRUE">OID</attrtype><attwidth Sync="TRUE">4</attwidth><atprecis Sync="TRUE">0</atprecis><attscale Sync="TRUE">0</attscale><attrdef Sync="TRUE">Internal feature number.</attrdef><attrdefs Sync="TRUE">ESRI</attrdefs><attrdomv><udom Sync="TRUE">Sequential unique whole numbers that are automatically generated.</udom></attrdomv></attr><attr xmlns=""><attrlabl Sync="TRUE">Shape</attrlabl><attalias Sync="TRUE">Shape</attalias><attrtype Sync="TRUE">Geometry</attrtype><attwidth Sync="TRUE">0</attwidth><atprecis Sync="TRUE">0</atprecis><attscale Sync="TRUE">0</attscale><attrdef Sync="TRUE">Feature geometry.</attrdef><attrdefs Sync="TRUE">ESRI</attrdefs><attrdomv><udom Sync="TRUE">Coordinates defining the features.</udom></attrdomv></attr><attr xmlns=""><attrlabl Sync="TRUE">CROSSING</attrlabl><attalias Sync="TRUE">CROSSING</attalias><attrtype Sync="TRUE">String</attrtype><attwidth Sync="TRUE">7</attwidth><atprecis Sync="TRUE">0</atprecis><attscale Sync="TRUE">0</attscale><attrdef>US DOT Valid Crossing ID Number</attrdef><attrdefs>FRA</attrdefs></attr><attr xmlns=""><attrlabl Sync="TRUE">RAILROAD</attrlabl><attalias Sync="TRUE">RAILROAD</attalias><attrtype Sync="TRUE">String</attrtype><attwidth Sync="TRUE">4</attwidth><atprecis Sync="TRUE">0</atprecis><attscale Sync="TRUE">0</attscale><attrdef>The reporting mark of the 1st owning railroad. A mark of 'XXXX' indicates an
abandoned link. Rule 260 codes are used where available. A mark of 'DUMX' indicates
an added connecting link.</attrdef><attrdomv><codesetd><codesetn>FRA Rule 260 and Owner Codes</codesetn><codesets>FRA</codesets></codesetd></attrdomv></attr><attr xmlns=""><attrlabl Sync="TRUE">RRDIV</attrlabl><attalias Sync="TRUE">RRDIV</attalias><attrtype Sync="TRUE">String</attrtype><attwidth Sync="TRUE">14</attwidth><atprecis Sync="TRUE">0</atprecis><attscale Sync="TRUE">0</attscale><attrdef>Railroad Division Name or Blank</attrdef><attrdefs>FRA</attrdefs></attr><attr xmlns=""><attrlabl Sync="TRUE">RRSUBDIV</attrlabl><attalias Sync="TRUE">RRSUBDIV</attalias><attrtype Sync="TRUE">String</attrtype><attwidth Sync="TRUE">14</attwidth><atprecis Sync="TRUE">0</atprecis><attscale Sync="TRUE">0</attscale><attrdef>Railroad Subdivision or Blank</attrdef><attrdefs>FRA</attrdefs></attr><attr xmlns=""><attrlabl Sync="TRUE">HIGHWAY</attrlabl><attalias Sync="TRUE">HIGHWAY</attalias><attrtype Sync="TRUE">String</attrtype><attwidth Sync="TRUE">7</attwidth><atprecis Sync="TRUE">0</atprecis><attscale Sync="TRUE">0</attscale><attrdef>Highway Type and Number</attrdef><attrdefs>FRA</attrdefs></attr><attr xmlns=""><attrlabl Sync="TRUE">STREET</attrlabl><attalias Sync="TRUE">STREET</attalias><attrtype Sync="TRUE">String</attrtype><attwidth Sync="TRUE">17</attwidth><atprecis Sync="TRUE">0</atprecis><attscale Sync="TRUE">0</attscale><attrdef>Street or Road Name</attrdef><attrdefs>FRA</attrdefs></attr><attr xmlns=""><attrlabl Sync="TRUE">TYPEXING</attrlabl><attalias Sync="TRUE">TYPEXING</attalias><attrtype Sync="TRUE">String</attrtype><attwidth Sync="TRUE">1</attwidth><atprecis Sync="TRUE">0</atprecis><attscale Sync="TRUE">0</attscale><attrdef>Type of Crossing</attrdef><attrdefs>FRA</attrdefs><attrdomv><edom><edomv>11</edomv><edomvd>Pedestrain at grade</edomvd><edomvds>FRA</edomvds></edom></attrdomv><attrdomv><edom><edomv>12</edomv><edomvd>Pedestrain RR under</edomvd><edomvds>FRA</edomvds></edom></attrdomv><attrdomv><edom><edomv>13</edomv><edomvd>Pedestrain RR over</edomvd><edomvds>FRA</edomvds></edom></attrdomv><attrdomv><edom><edomv>21</edomv><edomvd>Private at grade</edomvd><edomvds>FRA</edomvds></edom></attrdomv><attrdomv><edom><edomv>22</edomv><edomvd>Private RR under</edomvd><edomvds>FRA</edomvds></edom></attrdomv><attrdomv><edom><edomv>23</edomv><edomvd>Private RR over</edomvd><edomvds>FRA</edomvds></edom></attrdomv><attrdomv><edom><edomv>31</edomv><edomvd>Public at grade</edomvd><edomvds>FRA</edomvds></edom></attrdomv><attrdomv><edom><edomv>32</edomv><edomvd>Public RR under</edomvd><edomvds>FRA</edomvds></edom></attrdomv><attrdomv><edom><edomv>33</edomv><edomvd>Public RR over</edomvd><edomvds>FRA</edomvds></edom></attrdomv></attr><attr xmlns=""><attrlabl Sync="TRUE">POSXING</attrlabl><attalias Sync="TRUE">POSXING</attalias><attrtype Sync="TRUE">String</attrtype><attwidth Sync="TRUE">1</attwidth><atprecis Sync="TRUE">0</atprecis><attscale Sync="TRUE">0</attscale><attrdef>Position of Crossing</attrdef><attrdefs>FRA</attrdefs><attrdomv><edom><edomv>1</edomv><edomvd>At grade under</edomvd><edomvds>FRA</edomvds></edom></attrdomv><attrdomv><edom><edomv>2</edomv><edomvd>RR Under</edomvd><edomvds>FRA</edomvds></edom></attrdomv><attrdomv><edom><edomv>3</edomv><edomvd>RR over</edomvd><edomvds>FRA</edomvds></edom></attrdomv></attr><attr xmlns=""><attrlabl Sync="TRUE">STFIPS</attrlabl><attalias Sync="TRUE">STFIPS</attalias><attrtype Sync="TRUE">String</attrtype><attwidth Sync="TRUE">2</attwidth><atprecis Sync="TRUE">0</atprecis><attscale Sync="TRUE">0</attscale><attrdef>Federal Information Processing Standard (FIPS) State Code</attrdef><attrdefs>National Institute of Standards and Technology (NIST)</attrdefs><attrdomv><codesetd xmlns=""><codesetn>Federal Information Processing Standard (FIPS)</codesetn><codesets>National Institute of Standards and Technology (NIST)</codesets></codesetd></attrdomv></attr><attr xmlns=""><attrlabl Sync="TRUE">CTFIPS</attrlabl><attalias Sync="TRUE">CTFIPS</attalias><attrtype Sync="TRUE">String</attrtype><attwidth Sync="TRUE">5</attwidth><atprecis Sync="TRUE">0</atprecis><attscale Sync="TRUE">0</attscale><attrdef>Federal Information Processing Standard (FIPS) County Code</attrdef><attrdefs>National Institute of Standards and Technology (NIST)</attrdefs><attrdomv><codesetd><codesetn>Federal Information Processing Standard (FIPS)</codesetn><codesets>National Institute of Standards and Technology (NIST)</codesets></codesetd></attrdomv></attr><attr xmlns=""><attrlabl Sync="TRUE">COUNTY</attrlabl><attalias Sync="TRUE">COUNTY</attalias><attrtype Sync="TRUE">String</attrtype><attwidth Sync="TRUE">66</attwidth><atprecis Sync="TRUE">0</atprecis><attscale Sync="TRUE">0</attscale><attrdef>Name of County</attrdef><attrdefs>FRA</attrdefs></attr><attr xmlns=""><attrlabl Sync="TRUE">State_ABBR</attrlabl><attalias Sync="TRUE">State_ABBR</attalias><attrtype Sync="TRUE">String</attrtype><attwidth Sync="TRUE">2</attwidth><atprecis Sync="TRUE">0</atprecis><attscale Sync="TRUE">0</attscale><attrdef>State Abbreviation</attrdef><attrdefs>U.S. State Boundaries</attrdefs></attr><attr xmlns=""><attrlabl Sync="TRUE">TYPE</attrlabl><attalias Sync="TRUE">TYPE</attalias><attrtype Sync="TRUE">String</attrtype><attwidth Sync="TRUE">2</attwidth><atprecis Sync="TRUE">0</atprecis><attscale Sync="TRUE">0</attscale><attrdef>Public or Private Crossing</attrdef><attrdefs>FRA</attrdefs><attrdomv><edom><edomv>PU</edomv><edomvd>Public</edomvd><edomvds>FRA</edomvds></edom></attrdomv><attrdomv><edom><edomv>PR</edomv><edomvd>Private</edomvd><edomvds>FRA</edomvds></edom></attrdomv></attr></detailed><detailed xmlns=""><enttyp><enttypl>Highway-rail grade crossing means a location where a public highway, road, street, or private roadway, including associated sidewalks and pathways, crosses one or more railroad tracks at grade.</enttypl></enttyp></detailed></eainfo><mdDateSt Sync="TRUE">20130412</mdDateSt><dqInfo xmlns=""><dqScope><scpLvl><ScopeCd value="001"/></scpLvl><scpLvlDesc xmlns=""><attribSet>The States and railroads maintain their own file and get updated to the FRA. The information is reported to the FRA on the U.S. DOT-ARR Crossing inventory form.</attribSet></scpLvlDesc><scpLvlDesc xmlns=""><attribSet>The quality of the inventory can vary because a record of grade crossing location is being maintained by each state and railroad that is responsible for maintaining its respective information.</attribSet></scpLvlDesc></dqScope><dataLineage><statement>The data was downloaded from the HWY-Rail Crossing Inventory Files. All crossings that were closed or abandon were queried out of the data.  All of the crossings with a zero within the latitude or longitude were queried out.  Any crossing outside a bounding box of box ((Latitude &gt;= 18 &amp; Latitude &lt;= 72) AND (Longitude &gt;= -171 &amp; Longitude &lt;= -63)) were queried out.</statement></dataLineage></dqInfo><mdChar><CharSetCd value="004"/></mdChar></metadata>
