<?xml version="1.0" encoding="UTF-8"?>
<metadata xml:lang="en"><Esri><CreaDate>20130419</CreaDate><CreaTime>10042500</CreaTime><ArcGISFormat>1.0</ArcGISFormat><ArcGISstyle>ISO 19139 Metadata Implementation Specification</ArcGISstyle><SyncOnce>FALSE</SyncOnce><scaleRange><minScale>150000000</minScale><maxScale>5000</maxScale></scaleRange><DataProperties><itemProps><itemName Sync="TRUE">airports</itemName><imsContentType Sync="TRUE" export="False">002</imsContentType><nativeExtBox><westBL Sync="TRUE">-177.381308</westBL><eastBL Sync="TRUE">174.113619</eastBL><southBL Sync="TRUE">-14.331660</southBL><northBL Sync="TRUE">76.533333</northBL><exTypeCode Sync="TRUE">1</exTypeCode></nativeExtBox><itemSize Sync="TRUE">0.527</itemSize><itemLocation><linkage Sync="FALSE">withheld</linkage><protocol Sync="TRUE">Local Area Network</protocol></itemLocation></itemProps><coordRef><type Sync="TRUE">Geographic</type><geogcsn Sync="TRUE">GCS_WGS_1984</geogcsn><csUnits Sync="TRUE">Angular Unit: Degree (0.017453)</csUnits><peXml Sync="TRUE">&lt;GeographicCoordinateSystem xsi:type='typens:GeographicCoordinateSystem' xmlns:xsi='http://www.w3.org/2001/XMLSchema-instance' xmlns:xs='http://www.w3.org/2001/XMLSchema' xmlns:typens='http://www.esri.com/schemas/ArcGIS/10.1'&gt;&lt;WKT&gt;GEOGCS[&amp;quot;GCS_WGS_1984&amp;quot;,DATUM[&amp;quot;D_WGS_1984&amp;quot;,SPHEROID[&amp;quot;WGS_1984&amp;quot;,6378137.0,298.257223563]],PRIMEM[&amp;quot;Greenwich&amp;quot;,0.0],UNIT[&amp;quot;Degree&amp;quot;,0.0174532925199433],METADATA[&amp;quot;World&amp;quot;,-180.0,-90.0,180.0,90.0,0.0,0.0174532925199433,0.0,1262],AUTHORITY[&amp;quot;EPSG&amp;quot;,4326]]&lt;/WKT&gt;&lt;XOrigin&gt;-400&lt;/XOrigin&gt;&lt;YOrigin&gt;-400&lt;/YOrigin&gt;&lt;XYScale&gt;11258999068426.238&lt;/XYScale&gt;&lt;ZOrigin&gt;-100000&lt;/ZOrigin&gt;&lt;ZScale&gt;10000&lt;/ZScale&gt;&lt;MOrigin&gt;-100000&lt;/MOrigin&gt;&lt;MScale&gt;10000&lt;/MScale&gt;&lt;XYTolerance&gt;8.983152841195215e-009&lt;/XYTolerance&gt;&lt;ZTolerance&gt;0.001&lt;/ZTolerance&gt;&lt;MTolerance&gt;0.001&lt;/MTolerance&gt;&lt;HighPrecision&gt;true&lt;/HighPrecision&gt;&lt;LeftLongitude&gt;-180&lt;/LeftLongitude&gt;&lt;WKID&gt;4326&lt;/WKID&gt;&lt;LatestWKID&gt;4326&lt;/LatestWKID&gt;&lt;/GeographicCoordinateSystem&gt;</peXml></coordRef></DataProperties><SyncDate>20130419</SyncDate><SyncTime>10313700</SyncTime><ModDate>20130419</ModDate><ModTime>10313700</ModTime><ArcGISProfile>ISO19139</ArcGISProfile></Esri><mdLang><languageCode value="eng"/><countryCode value="USA" Sync="TRUE"/></mdLang><mdChar><CharSetCd value="004"/></mdChar><mdHrLv><ScopeCd value="005"/></mdHrLv><mdContact><rpIndName>Office of Geospatial Information Systems</rpIndName><rpOrgName>Research and Innovative Technology Administration's Bureau of Transportation Statistics (RITA/BTS)</rpOrgName><rpCntInfo><cntPhone><voiceNum>202-366-DATA</voiceNum></cntPhone><cntAddress addressType="both"><delPoint>1200 New Jersey Ave. SE</delPoint><city>Washington</city><adminArea>DC</adminArea><postCode>20590</postCode><country>US</country><eMailAdd>answers@bts.gov</eMailAdd></cntAddress></rpCntInfo><role><RoleCd value="007"/></role></mdContact><mdStanName>ArcGIS Metadata</mdStanName><mdStanVer>1.0</mdStanVer><distInfo xmlns=""><distributor xmlns=""><distorCont xmlns=""><rpIndName>Office of Geospatial Information Systems</rpIndName><rpOrgName>Research and Innovative Technology Administration's Bureau of Transportation Statistics (RITA/BTS)</rpOrgName><rpCntInfo><cntPhone><voiceNum>202-366-DATA</voiceNum></cntPhone><cntAddress addressType="both"><delPoint>1200 New Jersey Ave. SE</delPoint><city>Washington</city><adminArea>DC</adminArea><postCode>20590</postCode><country>US</country><eMailAdd>answers@bts.gov</eMailAdd></cntAddress></rpCntInfo><role><RoleCd value="005"/></role></distorCont><distorOrdPrc xmlns=""><resFees units="">None</resFees><planAvDtTm>2011-01-01T00:00:00</planAvDtTm><ordInstr>Call (202-366-DATA), or E-mail (answers@bts.gov) RITA/BTS to request the National Transportation Atlas Databases (NTAD) 2013 DVD. The NTAD DVD can be ordered from the online bookstore at www.bts.gov. Individual datasets from the NTAD can also be downloaded from the Office of Geospatial Information Systems website at http://www.bts.gov/programs/geographic_information_services/</ordInstr></distorOrdPrc><distorFormat xmlns=""><formatName>ESRI Shapefile</formatName><formatVer>2013</formatVer><fileDecmTech>no compression applied</fileDecmTech></distorFormat><distorTran xmlns=""><transSize>0.545</transSize><offLineMed><medName><MedNameCd value="002"/></medName><medDensity>650</medDensity><medDenUnits>megabytes</medDenUnits><medFormat><MedFormCd value="004"/></medFormat></offLineMed></distorTran><distorTran xmlns=""><onLineSrc><orDesc>National Transportation Atlas Databases (NTAD) 2013</orDesc></onLineSrc></distorTran></distributor><distTranOps xmlns=""><onLineSrc><linkage>http://www.bts.gov/programs/geographic_information_services/</linkage></onLineSrc><transSize Sync="TRUE">0.527</transSize></distTranOps><distFormat xmlns=""><formatName Sync="TRUE">Shapefile</formatName></distFormat></distInfo><dataIdInfo><idCitation><date><pubDate>2011-01-01T00:00:00</pubDate></date><resEd>2013</resEd><citRespParty><rpOrgName>Research and Innovative Technology Administration's Bureau of Transportation Statistics (RITA/BTS)</rpOrgName><rpCntInfo><cntAddress><delPoint>Washington, DC</delPoint></cntAddress></rpCntInfo><role><RoleCd value="010"/></role></citRespParty><citRespParty><rpOrgName>Federal Aviation Administration (Aeronautical Information Services, ATA-100)</rpOrgName><role><RoleCd value="006"/></role></citRespParty><collTitle>National Transportation Atlas Databases (NTAD) 2013</collTitle><citOnlineRes><linkage>http://www.bts.gov/programs/geographic_information_services/</linkage></citOnlineRes><resTitle Sync="TRUE">airports</resTitle><presForm><PresFormCd value="005" Sync="TRUE"/></presForm></idCitation><idAbs>&lt;DIV STYLE="text-align:Left;"&gt;&lt;DIV&gt;&lt;DIV&gt;&lt;P&gt;&lt;SPAN&gt;The Airports database is a geographic point database of aircraft landing facilities in the United States and U.S. Territories. Attribute data is provided on the physical and operational characteristics of the landing facility, current usage including enplanements and aircraft operations, congestion levels and usage categories. This geospatial data is derived from the FAA's National Airspace System Resource Aeronautical Data Product.&lt;/SPAN&gt;&lt;/P&gt;&lt;/DIV&gt;&lt;/DIV&gt;&lt;/DIV&gt;</idAbs><idPurp>The dataset provides users with information about airport locations and attributes and can be used for national and regional analysis applications.</idPurp><idCredit>The Federal Aviation Administration (FAA) develops and maintains the textual data from which this geospatial layer was derived.</idCredit><idStatus><ProgCd value="001"/></idStatus><idPoC><rpOrgName>Federal Aviation Administration (Aeronautical Information Services, ATA-100)</rpOrgName><rpCntInfo><cntPhone><voiceNum>1-800-457-6656 x35442</voiceNum></cntPhone><cntAddress addressType="both"><delPoint>FAA National Headquarters</delPoint><city>Washington</city><adminArea>DC</adminArea><postCode>20591</postCode><country>US</country></cntAddress></rpCntInfo><role><RoleCd value="007"/></role></idPoC><resMaint><maintFreq><MaintFreqCd value="008"/></maintFreq></resMaint><placeKeys><keyword>US Territories</keyword><keyword>USA</keyword><keyword>United States</keyword><keyword>US</keyword></placeKeys><stratKeys><keyword>air</keyword></stratKeys><tempKeys><keyword>2008</keyword><keyword>2011</keyword><keyword>2010</keyword><keyword>2009</keyword><keyword>2012</keyword><keyword>2013</keyword></tempKeys><themeKeys><thesaName><resTitle>location</resTitle></thesaName><keyword>transportation</keyword><keyword>airport</keyword></themeKeys><searchKeys><keyword>US Territories</keyword><keyword>USA</keyword><keyword>2008</keyword><keyword>2011</keyword><keyword>air</keyword><keyword>transportation</keyword><keyword>airport</keyword><keyword>2010</keyword><keyword>United States</keyword><keyword>2009</keyword><keyword>US</keyword><keyword>2012</keyword><keyword>2013</keyword></searchKeys><resConst><LegConsts><useLimit>None</useLimit></LegConsts></resConst><resConst><SecConsts><class><ClasscationCd value="001"/></class></SecConsts></resConst><resConst><Consts><useLimit>&lt;DIV STYLE="text-align:Left;"&gt;&lt;DIV&gt;&lt;DIV&gt;&lt;P&gt;&lt;SPAN&gt;None. Acknowledgment of the Federal Aviation Administration (FAA) and the Research and Innovative Technology Administration's Bureau of Transportation Statistics (RITA/BTS) National Transportation Atlas Databases (NTAD) 2013 would be appreciated in products derived from these data.&lt;/SPAN&gt;&lt;/P&gt;&lt;/DIV&gt;&lt;/DIV&gt;&lt;/DIV&gt;</useLimit></Consts></resConst><aggrInfo><aggrDSName><resTitle>National Transportation Atlas Databases (NTAD) 2013</resTitle><date><pubDate>2011-01-01T00:00:00</pubDate></date><citRespParty><rpOrgName>Research and Innovative Technology Administration's Bureau of Transporation Statistics (RITA/BTS)</rpOrgName><role><RoleCd value="006"/></role></citRespParty><citRespParty><rpOrgName>Research and Innovative Technology Administration's Bureau of Transporation Statistics (RITA/BTS)</rpOrgName><rpCntInfo><cntAddress><delPoint>Washington, DC</delPoint></cntAddress></rpCntInfo><role><RoleCd value="010"/></role></citRespParty><presForm><PresFormCd value="005"/></presForm><presForm><fgdcGeoform>vector digital data</fgdcGeoform></presForm><citOnlineRes><linkage>http://www.bts.gov/programs/geographic_information_services/</linkage></citOnlineRes></aggrDSName><assocType><AscTypeCd value="001"/></assocType></aggrInfo><aggrInfo><aggrDSName><resTitle>National Transportation Atlas Databases (NTAD) 2013</resTitle><date><pubDate>2011-01-01T00:00:00</pubDate></date><citRespParty><rpOrgName>Research and Innovative Technology Administration's Bureau of Transportation Statistics (RITA/BTS)</rpOrgName><role><RoleCd value="006"/></role></citRespParty><citRespParty><rpOrgName>Research and Innovative Technology Administration's Bureau of Transportation Statistics (RITA/BTS)</rpOrgName><rpCntInfo><cntAddress><delPoint>Washington, DC</delPoint></cntAddress></rpCntInfo><role><RoleCd value="010"/></role></citRespParty><presForm><PresFormCd value="005"/></presForm><presForm><fgdcGeoform>vector digital data</fgdcGeoform></presForm><citOnlineRes><linkage>http://www.bts.gov/programs/geographic_information_services/</linkage></citOnlineRes></aggrDSName><assocType><AscTypeCd value="002"/></assocType></aggrInfo><dataLang><languageCode value="eng"/><countryCode value="USA" Sync="TRUE"/></dataLang><dataExt><exDesc>publication date</exDesc><tempEle><TempExtent><exTemp><TM_Instant><tmPosition>2011-01-01T00:00:00</tmPosition></TM_Instant></exTemp></TempExtent></tempEle></dataExt><dataChar><CharSetCd value="004"/></dataChar><envirDesc Sync="TRUE">Microsoft Windows 7 Version 6.1 (Build 7601) Service Pack 1; Esri ArcGIS 10.1.0.3035</envirDesc><spatRpType><SpatRepTypCd value="001" Sync="TRUE"/></spatRpType><dataExt><geoEle xmlns=""><GeoBndBox esriExtentType="search"><exTypeCode Sync="TRUE">1</exTypeCode><westBL Sync="TRUE">-177.381308</westBL><eastBL Sync="TRUE">174.113619</eastBL><northBL Sync="TRUE">76.533333</northBL><southBL Sync="TRUE">-14.331660</southBL></GeoBndBox></geoEle></dataExt><tpCat><TopicCatCd value="018"/></tpCat></dataIdInfo><dqInfo><dqScope><scpLvl><ScopeCd value="005"/></scpLvl></dqScope><report type="DQConcConsis" dimension=""><measDesc>All point records in this dataset are represented by a single coordinate pair and two unique feature identifiers -- the landing facility location identifier (LOCID) and the site number (SITE_NO) assigned by the FAA. BTS quality checks were to cross reference the place dataset with the state dataset, to determine that the spatial data and attribute data were accurate.</measDesc></report><report type="DQCompOm" dimension=""><measDesc>unknown</measDesc></report><report type="DQQuanAttAcc" dimension=""><measDesc>Airport attributes were obtained from the Federal Aviation Administration's (FAA) National Airspace System Resource Aeronautical Data and the Office of Airline Information (OAI) Enplanement Data. The FAA Data was published by the Aeronautical Information Services with an Effective Date of March 17, 2013. All records were assigned the accurate state name, state abbreviation and FIPS code.</measDesc><evalMethDesc>N/A</evalMethDesc><measResult><QuanResult><quanVal>unknown</quanVal></QuanResult></measResult></report><report type="DQAbsExtPosAcc" dimension="horizontal"><measDesc>Horizontal positional accuracy is based on coordinate data provided in the FAA National Airspace System Resource Aeronautical Dataset. These coordinate data identify the approximate location of the Airport Reference Point (ARP) as reported by the landing facility on the NFDC (National Flight Data Center) 5010 form. According to NFDC guidelines, the location of the ARP should be reported to a horizontal accuracy of one arc second of latitude and longitude. However, the accuracy of these reported coordinates are not verified by FAA. The records were loaded into a GIS and checked for any unusual or obviously erroneous locations.</measDesc></report><dataLineage><prcStep><stepDesc>The creation of this geospatial data layer was completed by RITA/BTS in April 2013. This Shapefile was built from textual data on the FAA National Airspace System Resource Aeronautical Data CDROM, effective March 17, 2013.</stepDesc><stepDateTm>2011-01-01T00:00:00</stepDateTm><stepProc><rpIndName>Office of Geospatial Information Systems</rpIndName><rpOrgName>Research and Innovative Technology Administration's Bureau of Transportation Statistics (RITA/BTS)</rpOrgName><rpCntInfo><cntPhone><voiceNum>202-366-DATA</voiceNum></cntPhone><cntAddress addressType="both"><delPoint>1200 New Jersey Ave. S.E.</delPoint><city>Washington</city><adminArea>DC</adminArea><postCode>20590</postCode><country>US</country><eMailAdd>answers@bts.gov</eMailAdd></cntAddress></rpCntInfo><role><RoleCd value="009"/></role></stepProc><stepSrc type="used"><srcCitatn><resAltTitle>FAA-NASRAD</resAltTitle></srcCitatn></stepSrc></prcStep><dataSource type=""><srcDesc>Data were obtained from the Federal Aviation Administration's (FAA) National Airspace System Resource Aeronautical Data. This product was published by the Aeronautical Information Services.</srcDesc><srcMedName><MedNameCd value="031"/></srcMedName><srcCitatn><resTitle>FAA National Airspace System Resource Aeronautical Data</resTitle><date><pubDate>2011-01-01T00:00:00</pubDate></date><resEd>FAA National Airspace System Resource Aeronautical Data</resEd><citRespParty><rpOrgName>Federal Aviation Administration (FAA)</rpOrgName><rpCntInfo><cntAddress addressType=""><delPoint>Washington, DC</delPoint></cntAddress></rpCntInfo><role><RoleCd value="010"/></role></citRespParty><citRespParty><rpOrgName>Federal Aviation Administration (Aeronautical Information Services, ATA-100)</rpOrgName><role><RoleCd value="006"/></role></citRespParty><collTitle>National Transportation Atlas Databases (NTAD) 2013</collTitle></srcCitatn><srcExt><exDesc>publication date</exDesc><tempEle><TempExtent><exTemp><TM_Instant><tmPosition>2011-01-01T00:00:00</tmPosition></TM_Instant></exTemp></TempExtent></tempEle></srcExt></dataSource></dataLineage></dqInfo><eainfo><detailed Name="airports" xmlns=""><enttyp><enttypl Sync="TRUE">airports</enttypl><enttypd>Airports of the United States and its territories in GIS format.</enttypd><enttypds>Research and Innovative Technology Administration's Bureau of Transportation Statistics (RITA/BTS)</enttypds><enttypt Sync="TRUE">Feature Class</enttypt><enttypc Sync="TRUE">19721</enttypc></enttyp><attr xmlns=""><attrlabl>FID</attrlabl><attrdef>Internal feature number.</attrdef><attrdefs>ESRI</attrdefs><attrdomv><udom>Sequential unique whole numbers that are automatically generated.</udom></attrdomv><attalias Sync="TRUE">FID</attalias><attrtype Sync="TRUE">OID</attrtype><attwidth Sync="TRUE">4</attwidth><atprecis Sync="TRUE">0</atprecis><attscale Sync="TRUE">0</attscale></attr><attr xmlns=""><attrlabl>Shape</attrlabl><attrdef>Feature geometry.</attrdef><attrdefs>ESRI</attrdefs><attrdomv><edom><edomv>None</edomv><edomvd>Point Shapes as defined by ArcView</edomvd><edomvds>ArcView Internal Attribute</edomvds></edom></attrdomv><attrdomv><udom>Coordinates defining the features.</udom></attrdomv><attalias Sync="TRUE">Shape</attalias><attrtype Sync="TRUE">Geometry</attrtype><attwidth Sync="TRUE">0</attwidth><atprecis Sync="TRUE">0</atprecis><attscale Sync="TRUE">0</attscale></attr><attr xmlns=""><attrlabl>SITE_NO</attrlabl><attrdef>A unique identifying number followed by an asterisk and the 'landing facility type' code.  The SITE_NO forms the key to the airport records in the NFDC (5010) database.  Example: 04508.*A</attrdef><attrdefs>FAA</attrdefs><attrdomv><codesetd><codesetn>List of Official Airport Site Numbers</codesetn><codesets>FAA</codesets></codesetd></attrdomv><attalias Sync="TRUE">SITE_NO</attalias><attrtype Sync="TRUE">String</attrtype><attwidth Sync="TRUE">11</attwidth><atprecis Sync="TRUE">0</atprecis><attscale Sync="TRUE">0</attscale></attr><attr xmlns=""><attrlabl>LAN_FA_TY</attrlabl><attrdef>Landing Facility Type</attrdef><attrdefs>FAA</attrdefs><attrdomv><edom><edomv>AIRPORT</edomv><edomvd>Airport Facility</edomvd><edomvds>RITA/BTS</edomvds></edom></attrdomv><attrdomv><edom><edomv>BALLOONPORT</edomv><edomvd>Balloon Launch and Landing Facility</edomvd><edomvds>RITA/BTS</edomvds></edom></attrdomv><attrdomv><edom><edomv>SEAPLANE BASE</edomv><edomvd>Facility for sea plane operations</edomvd><edomvds>RITA/BTS</edomvds></edom></attrdomv><attrdomv><edom><edomv>GLIDERPORT</edomv><edomvd>Facility for glider operations</edomvd><edomvds>RITA/BTS</edomvds></edom></attrdomv><attrdomv><edom><edomv>HELIPORT</edomv><edomvd>Facility for helicopter operations</edomvd><edomvds>RITA/BTS</edomvds></edom></attrdomv><attrdomv><edom><edomv>STOLPORT</edomv><edomvd>Short Take Off and Landing Facility</edomvd><edomvds>RITA/BTS</edomvds></edom></attrdomv><attrdomv><edom><edomv>ULTRALIGHT</edomv><edomvd>Facility for ultralight operations</edomvd><edomvds>RITA/BTS</edomvds></edom></attrdomv><attalias Sync="TRUE">LAN_FA_TY</attalias><attrtype Sync="TRUE">String</attrtype><attwidth Sync="TRUE">13</attwidth><atprecis Sync="TRUE">0</atprecis><attscale Sync="TRUE">0</attscale></attr><attr xmlns=""><attrlabl>LOCID</attrlabl><attrdef>A unique 3-4 character identifier assigned to the landing facility (i.e. airport).</attrdef><attrdefs>FAA</attrdefs><attrdomv><codesetd><codesetn>List of Official LOC ID Codes</codesetn><codesets>FAA</codesets></codesetd></attrdomv><attalias Sync="TRUE">LOCID</attalias><attrtype Sync="TRUE">String</attrtype><attwidth Sync="TRUE">4</attwidth><atprecis Sync="TRUE">0</atprecis><attscale Sync="TRUE">0</attscale></attr><attr xmlns=""><attrlabl>EFF_DATE</attrlabl><attrdef>Information Effective Data (MM/DD/YYYY).  This date coincides with the 56-day charting and publication cycle date.</attrdef><attrdefs>FAA</attrdefs><attrdomv><udom>date value</udom></attrdomv><attalias Sync="TRUE">EFF_DATE</attalias><attrtype Sync="TRUE">String</attrtype><attwidth Sync="TRUE">10</attwidth><atprecis Sync="TRUE">0</atprecis><attscale Sync="TRUE">0</attscale></attr><attr xmlns=""><attrlabl>FAA_REGION</attrlabl><attrdef>FAA Region where the facility is located</attrdef><attrdefs>FAA</attrdefs><attrdomv><edom><edomv>AAL</edomv><edomvd>Alaska</edomvd><edomvds>FAA</edomvds></edom></attrdomv><attrdomv><edom><edomv>ACE</edomv><edomvd>Central</edomvd><edomvds>FAA</edomvds></edom></attrdomv><attrdomv><edom><edomv>AEA</edomv><edomvd>Eastern</edomvd><edomvds>FAA</edomvds></edom></attrdomv><attrdomv><edom><edomv>AGL</edomv><edomvd>Great Lakes</edomvd><edomvds>FAA</edomvds></edom></attrdomv><attrdomv><edom><edomv>AIN</edomv><edomvd>International</edomvd><edomvds>FAA</edomvds></edom></attrdomv><attrdomv><edom><edomv>ANE</edomv><edomvd>New England</edomvd><edomvds>FAA</edomvds></edom></attrdomv><attrdomv><edom><edomv>ANM</edomv><edomvd>Northwest Mountain</edomvd><edomvds>FAA</edomvds></edom></attrdomv><attrdomv><edom><edomv>ASO</edomv><edomvd>Southern</edomvd><edomvds>FAA</edomvds></edom></attrdomv><attrdomv><edom><edomv>ASW</edomv><edomvd>Southwest</edomvd><edomvds>FAA</edomvds></edom></attrdomv><attrdomv><edom><edomv>AWP</edomv><edomvd>Western-Pacific</edomvd><edomvds>FAA</edomvds></edom></attrdomv><attalias Sync="TRUE">FAA_REGION</attalias><attrtype Sync="TRUE">String</attrtype><attwidth Sync="TRUE">3</attwidth><atprecis Sync="TRUE">0</atprecis><attscale Sync="TRUE">0</attscale></attr><attr xmlns=""><attrlabl>FAA_DISTRI</attrlabl><attrdef>FAA District or Field Office Code</attrdef><attrdefs>FAA</attrdefs><attrdomv><codesetd><codesetn>List of Official FAA District and Field Office Codes</codesetn><codesets>FAA</codesets></codesetd></attrdomv><attalias Sync="TRUE">FAA_DISTRI</attalias><attrtype Sync="TRUE">String</attrtype><attwidth Sync="TRUE">4</attwidth><atprecis Sync="TRUE">0</atprecis><attscale Sync="TRUE">0</attscale></attr><attr xmlns=""><attrlabl>ST_POSTAL</attrlabl><attrdef>State Postal abbreviation, as coded by RITA/BTS</attrdef><attrdefs>USPS</attrdefs><attrdomv><codesetd><codesetn>Official List of U.S. Postal Code Abbreviations</codesetn><codesets>U.S. Postal Service (USPS)</codesets></codesetd></attrdomv><attalias Sync="TRUE">ST_POSTAL</attalias><attrtype Sync="TRUE">String</attrtype><attwidth Sync="TRUE">2</attwidth><atprecis Sync="TRUE">0</atprecis><attscale Sync="TRUE">0</attscale></attr><attr xmlns=""><attrlabl>STFIPS</attrlabl><attrdef>The 2-character FIPS code of the State or State equivalent, as coded by RITA/BTS</attrdef><attrdefs>RITA/BTS</attrdefs><attrdomv><codesetd><codesetn>Codes for the Identification of the States, the District of Columbia and the Outlying Areas of the United States, and Associated Areas, FIPS 5-2.</codesetn><codesets>U.S. Department of Commerce, National Institute of Standards and Technology</codesets></codesetd></attrdomv><attalias Sync="TRUE">STFIPS</attalias><attrtype Sync="TRUE">String</attrtype><attwidth Sync="TRUE">2</attwidth><atprecis Sync="TRUE">0</atprecis><attscale Sync="TRUE">0</attscale></attr><attr xmlns=""><attrlabl>FAA_ST</attrlabl><attrdef>State Postal abbreviation, as coded by FAA</attrdef><attrdefs>USPS</attrdefs><attrdomv><codesetd><codesetn>Official List of U.S. Postal Code Abbreviations</codesetn><codesets>U.S. Postal Service (USPS)</codesets></codesetd></attrdomv><attalias Sync="TRUE">FAA_ST</attalias><attrtype Sync="TRUE">String</attrtype><attwidth Sync="TRUE">2</attwidth><atprecis Sync="TRUE">0</atprecis><attscale Sync="TRUE">0</attscale></attr><attr xmlns=""><attrlabl>STATE_NAME</attrlabl><attrdef>Airport's associated state or territory name, as coded by FAA.</attrdef><attrdefs>FAA</attrdefs><attrdomv><codesetd><codesetn>Official List of U.S. States and Territories</codesetn><codesets>FAA</codesets></codesetd></attrdomv><attalias Sync="TRUE">STATE_NAME</attalias><attrtype Sync="TRUE">String</attrtype><attwidth Sync="TRUE">20</attwidth><atprecis Sync="TRUE">0</atprecis><attscale Sync="TRUE">0</attscale></attr><attr xmlns=""><attrlabl>COUNTY_NAM</attrlabl><attrdef>Name of the county or parish associated with the airport, as coded by FAA.</attrdef><attrdefs>FAA</attrdefs><attrdomv><codesetd><codesetn>Official List of U.S. County and Parish Names</codesetn><codesets>FAA</codesets></codesetd></attrdomv><attalias Sync="TRUE">COUNTY_NAM</attalias><attrtype Sync="TRUE">String</attrtype><attwidth Sync="TRUE">21</attwidth><atprecis Sync="TRUE">0</atprecis><attscale Sync="TRUE">0</attscale></attr><attr xmlns=""><attrlabl>COUNTY_ST</attrlabl><attrdef>Associated county's state (post office code) state where the associated county is located; may not be the same as the associated city's state code, as coded by FAA.</attrdef><attrdefs>FAA</attrdefs><attrdomv><codesetd><codesetn>Official List of U.S. State Names</codesetn><codesets>FAA</codesets></codesetd></attrdomv><attalias Sync="TRUE">COUNTY_ST</attalias><attrtype Sync="TRUE">String</attrtype><attwidth Sync="TRUE">2</attwidth><atprecis Sync="TRUE">0</atprecis><attscale Sync="TRUE">0</attscale></attr><attr xmlns=""><attrlabl>CITY_NAME</attrlabl><attrdef>Name of the city associated with the airport, as coded by FAA.</attrdef><attrdefs>FAA</attrdefs><attrdomv><codesetd><codesetn>Official List of U.S. Cities</codesetn><codesets>FAA</codesets></codesetd></attrdomv><attalias Sync="TRUE">CITY_NAME</attalias><attrtype Sync="TRUE">String</attrtype><attwidth Sync="TRUE">40</attwidth><atprecis Sync="TRUE">0</atprecis><attscale Sync="TRUE">0</attscale></attr><attr xmlns=""><attrlabl>FULLNAME</attrlabl><attrdef>Official Airport Name</attrdef><attrdefs>FAA</attrdefs><attrdomv><codesetd><codesetn>List of Official Airport Names</codesetn><codesets>FAA</codesets></codesetd></attrdomv><attalias Sync="TRUE">FULLNAME</attalias><attrtype Sync="TRUE">String</attrtype><attwidth Sync="TRUE">50</attwidth><atprecis Sync="TRUE">0</atprecis><attscale Sync="TRUE">0</attscale></attr><attr xmlns=""><attrlabl>OWNER_TYPE</attrlabl><attrdef>Type of Airport Facility Owner</attrdef><attrdefs>FAA</attrdefs><attrdomv><edom><edomv>PU</edomv><edomvd>Publicly Owned</edomvd><edomvds>FAA</edomvds></edom></attrdomv><attrdomv><edom><edomv>PR</edomv><edomvd>Privately Owned</edomvd><edomvds>FAA</edomvds></edom></attrdomv><attrdomv><edom><edomv>MA</edomv><edomvd>Air Force Owned</edomvd><edomvds>FAA</edomvds></edom></attrdomv><attrdomv><edom><edomv>MN</edomv><edomvd>Navy Owned</edomvd><edomvds>FAA</edomvds></edom></attrdomv><attrdomv><edom><edomv>MR</edomv><edomvd>Army Owned</edomvd><edomvds>FAA</edomvds></edom></attrdomv><attalias Sync="TRUE">OWNER_TYPE</attalias><attrtype Sync="TRUE">String</attrtype><attwidth Sync="TRUE">2</attwidth><atprecis Sync="TRUE">0</atprecis><attscale Sync="TRUE">0</attscale></attr><attr xmlns=""><attrlabl>FAC_USE</attrlabl><attrdef>Facility Use -- Public or Private</attrdef><attrdefs>FAA</attrdefs><attrdomv><edom><edomv>PU</edomv><edomvd>Public Use Airport Facility</edomvd><edomvds>FAA</edomvds></edom></attrdomv><attrdomv><edom><edomv>PR</edomv><edomvd>Private Use Airport Facility</edomvd><edomvds>FAA</edomvds></edom></attrdomv><attalias Sync="TRUE">FAC_USE</attalias><attrtype Sync="TRUE">String</attrtype><attwidth Sync="TRUE">2</attwidth><atprecis Sync="TRUE">0</atprecis><attscale Sync="TRUE">0</attscale></attr><attr xmlns=""><attrlabl>FAC_CYSTZP</attrlabl><attrdef>City, State, and Zip code associated with the airport.</attrdef><attrdefs>FAA</attrdefs><attrdomv><udom>Character value</udom></attrdomv><attalias Sync="TRUE">FAC_CYSTZP</attalias><attrtype Sync="TRUE">String</attrtype><attwidth Sync="TRUE">45</attwidth><atprecis Sync="TRUE">0</atprecis><attscale Sync="TRUE">0</attscale></attr><attr xmlns=""><attrlabl>LATITUDE</attrlabl><attrdef>The latitude of the point expressed as a signed real number. This value is in decimal degrees with negative values indicating South latitude and positive values indicating North latitude.</attrdef><attrdefs>FAA</attrdefs><attrdomv><rdom><rdommin>90 degrees South</rdommin><rdommax>90 degrees North</rdommax></rdom></attrdomv><attalias Sync="TRUE">LATITUDE</attalias><attrtype Sync="TRUE">Double</attrtype><attwidth Sync="TRUE">19</attwidth><atprecis Sync="TRUE">18</atprecis><attscale Sync="TRUE">10</attscale></attr><attr xmlns=""><attrlabl>LONGITUDE</attrlabl><attrdef>The longitude of the point expressed as a signed real number. This value is in decimal degrees with negative values indicating West longitude and positive values indicating East longitude.</attrdef><attrdefs>FAA</attrdefs><attrdomv><rdom><rdommin>180 degrees West</rdommin><rdommax>180 degrees East</rdommax></rdom></attrdomv><attalias Sync="TRUE">LONGITUDE</attalias><attrtype Sync="TRUE">Double</attrtype><attwidth Sync="TRUE">19</attwidth><atprecis Sync="TRUE">18</atprecis><attscale Sync="TRUE">10</attscale></attr><attr xmlns=""><attrlabl>ELEV</attrlabl><attrdef>Elevation in feet at the highest point on the centerline of the useable landing surface.  Measured to the nearest foot with respect to mean sea level (MSL).</attrdef><attrdefs>FAA</attrdefs><attrdomv><udom>measured value</udom></attrdomv><attalias Sync="TRUE">ELEV</attalias><attrtype Sync="TRUE">String</attrtype><attwidth Sync="TRUE">7</attwidth><atprecis Sync="TRUE">0</atprecis><attscale Sync="TRUE">0</attscale></attr><attr xmlns=""><attrlabl>AERO_CHART</attrlabl><attrdef>Aeronautical chart on which the airport facility appears.</attrdef><attrdefs>FAA</attrdefs><attrdomv><codesetd><codesetn>Index of Official Aeronautical Charts</codesetn><codesets>FAA</codesets></codesetd></attrdomv><attalias Sync="TRUE">AERO_CHART</attalias><attrtype Sync="TRUE">String</attrtype><attwidth Sync="TRUE">30</attwidth><atprecis Sync="TRUE">0</atprecis><attscale Sync="TRUE">0</attscale></attr><attr xmlns=""><attrlabl>CBD_DIST</attrlabl><attrdef>Distance from the central business district of the associated city to the airport in nautical miles (1 nautical mile = 6,080 feet).  Measured to the nearest nautical mile</attrdef><attrdefs>FAA</attrdefs><attrdomv><udom>measured value</udom></attrdomv><attalias Sync="TRUE">CBD_DIST</attalias><attrtype Sync="TRUE">String</attrtype><attwidth Sync="TRUE">2</attwidth><atprecis Sync="TRUE">0</atprecis><attscale Sync="TRUE">0</attscale></attr><attr xmlns=""><attrlabl>CBD_DIR</attrlabl><attrdef>Direction of airport from the central business district of the associated city.  Measured to the nearest 1/8 compass point</attrdef><attrdefs>FAA</attrdefs><attrdomv><edom><edomv>N</edomv><edomvd>North</edomvd><edomvds>FAA</edomvds></edom></attrdomv><attrdomv><edom><edomv>ENE</edomv><edomvd>East Northeast</edomvd><edomvds>FAA</edomvds></edom></attrdomv><attrdomv><edom><edomv>ESE</edomv><edomvd>East Southeast</edomvd><edomvds>FAA</edomvds></edom></attrdomv><attrdomv><edom><edomv>N</edomv><edomvd>North</edomvd><edomvds>FAA</edomvds></edom></attrdomv><attrdomv><edom><edomv>NE</edomv><edomvd>Northeast</edomvd><edomvds>FAA</edomvds></edom></attrdomv><attrdomv><edom><edomv>NNE</edomv><edomvd>North Northeast</edomvd><edomvds>FAA</edomvds></edom></attrdomv><attrdomv><edom><edomv>NNW</edomv><edomvd>North Northwest</edomvd><edomvds>FAA</edomvds></edom></attrdomv><attrdomv><edom><edomv>NW</edomv><edomvd>Northwest</edomvd><edomvds>FAA</edomvds></edom></attrdomv><attrdomv><edom><edomv>S</edomv><edomvd>South</edomvd><edomvds>FAA</edomvds></edom></attrdomv><attrdomv><edom><edomv>SE</edomv><edomvd>Southeast</edomvd><edomvds>FAA</edomvds></edom></attrdomv><attrdomv><edom><edomv>SSE</edomv><edomvd>South Southeast</edomvd><edomvds>FAA</edomvds></edom></attrdomv><attrdomv><edom><edomv>SSW</edomv><edomvd>South Southwest</edomvd><edomvds>FAA</edomvds></edom></attrdomv><attrdomv><edom><edomv>SW</edomv><edomvd>Southwest</edomvd><edomvds>FAA</edomvds></edom></attrdomv><attrdomv><edom><edomv>W</edomv><edomvd>West</edomvd><edomvds>FAA</edomvds></edom></attrdomv><attrdomv><edom><edomv>WNW</edomv><edomvd>West Northwest</edomvd><edomvds>FAA</edomvds></edom></attrdomv><attrdomv><edom><edomv>WSW</edomv><edomvd>West Southwest</edomvd><edomvds>FAA</edomvds></edom></attrdomv><attalias Sync="TRUE">CBD_DIR</attalias><attrtype Sync="TRUE">String</attrtype><attwidth Sync="TRUE">3</attwidth><atprecis Sync="TRUE">0</atprecis><attscale Sync="TRUE">0</attscale></attr><attr xmlns=""><attrlabl>ACT_DATE</attrlabl><attrdef>Identifies the month and year that the facility was added to the NFDC airport database - only available for facilities opened since 1981 (MM/YYYY).</attrdef><attrdefs>FAA</attrdefs><attrdomv><udom>date value</udom></attrdomv><attalias Sync="TRUE">ACT_DATE</attalias><attrtype Sync="TRUE">String</attrtype><attwidth Sync="TRUE">7</attwidth><atprecis Sync="TRUE">0</atprecis><attscale Sync="TRUE">0</attscale></attr><attr xmlns=""><attrlabl>CERT_TYPE</attrlabl><attrdef>Airport Certification Type and Date - The format is a two-character code followed by a month/year (MM/YYYY) of certification.</attrdef><attrdefs>FAA</attrdefs><attrdomv><edom><edomv>AS</edomv><edomvd>Landing facilities having a full certificate under FAR Part 139 and receiving scheduled air carrier service from carriers certified by the Civil Aeronautics Board. The A, B, C, D, E identifies the aircraft rescue and fire fighting index for the landing facility, and the 'S' is for scheduled air carrier service.</edomvd><edomvds>FAA</edomvds></edom></attrdomv><attrdomv><edom><edomv>BS</edomv><edomvd>Landing facilities having a full certificate under FAR Part 139 and receiving scheduled air carrier service from carriers certified by the Civil Aeronautics Board. The A, B, C, D, E identifies the aircraft rescue and fire fighting index for the landing facility, and the 'S' is for scheduled air carrier service.</edomvd><edomvds>FAA</edomvds></edom></attrdomv><attrdomv><edom><edomv>CS</edomv><edomvd>Landing facilities having a full certificate under FAR Part 139 and receiving scheduled air carrier service from carriers certified by the Civil Aeronautics Board. The A, B, C, D, E identifies the aircraft rescue and fire fighting index for the landing facility, and the 'S' is for scheduled air carrier service.</edomvd><edomvds>FAA</edomvds></edom></attrdomv><attrdomv><edom><edomv>DS</edomv><edomvd>Landing facilities having a full certificate under FAR Part 139 and receiving scheduled air carrier service from carriers certified by the Civil Aeronautics Board. The A, B, C, D, E identifies the aircraft rescue and fire fighting index for the landing facility, and the 'S' is for scheduled air carrier service.</edomvd><edomvds>FAA</edomvds></edom></attrdomv><attrdomv><edom><edomv>ES</edomv><edomvd>Landing facilities having a full certificate under FAR Part 139 and receiving scheduled air carrier service from carriers certified by the Civil Aeronautics Board. The A, B, C, D, E identifies the aircraft rescue and fire fighting index for the landing facility, and the 'S' is for scheduled air carrier service.</edomvd><edomvds>FAA</edomvds></edom></attrdomv><attrdomv><edom><edomv>AU</edomv><edomvd>Landing facilities having a full certificate under FAR Part 139 but not currently receiving scheduled service.</edomvd><edomvds>FAA</edomvds></edom></attrdomv><attrdomv><edom><edomv>BU</edomv><edomvd>Landing facilities having a full certificate under FAR Part 139 but not currently receiving scheduled service.</edomvd><edomvds>FAA</edomvds></edom></attrdomv><attrdomv><edom><edomv>CU</edomv><edomvd>Landing facilities having a full certificate under FAR Part 139 but not currently receiving scheduled service.</edomvd><edomvds>FAA</edomvds></edom></attrdomv><attrdomv><edom><edomv>DU</edomv><edomvd>Landing facilities having a full certificate under FAR Part 139 but not currently receiving scheduled service.</edomvd><edomvds>FAA</edomvds></edom></attrdomv><attrdomv><edom><edomv>EU</edomv><edomvd>Landing facilities having a full certificate under FAR Part 139 but not currently receiving scheduled service.</edomvd><edomvds>FAA</edomvds></edom></attrdomv><attrdomv><edom><edomv>LS</edomv><edomvd>Landing facilities having limited certification under FAR Part 139 and receiving scheduled air carrier service.</edomvd><edomvds>FAA</edomvds></edom></attrdomv><attrdomv><edom><edomv>LU</edomv><edomvd>Landing facilities having limited certification under FAR Part 139 and not currently receiving scheduled air carrier service.</edomvd><edomvds>FAA</edomvds></edom></attrdomv><attrdomv><edom><edomv>N</edomv><edomvd>'N' or a blank indicates the facility is not certified.</edomvd><edomvds>FAA</edomvds></edom></attrdomv><attalias Sync="TRUE">CERT_TYPE</attalias><attrtype Sync="TRUE">String</attrtype><attwidth Sync="TRUE">15</attwidth><atprecis Sync="TRUE">0</atprecis><attscale Sync="TRUE">0</attscale></attr><attr xmlns=""><attrlabl>FED_AGREE</attrlabl><attrdef>NASP/ Federal Agreement Code - a combination of 1 to 7 codes that indicate the type of federal agreements existing at the airport.</attrdef><attrdefs>FAA</attrdefs><attrdomv><edom><edomv>N</edomv><edomvd>National Plan of Integrated Airport Systems (NPIAS)</edomvd><edomvds>FAA</edomvds></edom></attrdomv><attrdomv><edom><edomv>B</edomv><edomvd>Installation of Navigational Facilities on privately owned airports under F&amp;E program</edomvd><edomvds>FAA</edomvds></edom></attrdomv><attrdomv><edom><edomv>G</edomv><edomvd>Grant agreements under FAAP/ADAP/AIP</edomvd><edomvds>FAA</edomvds></edom></attrdomv><attrdomv><edom><edomv>H</edomv><edomvd>Compliance with accessibility to the handicapped</edomvd><edomvds>FAA</edomvds></edom></attrdomv><attrdomv><edom><edomv>P</edomv><edomvd>Surplus property agreement under Public Law 289</edomvd><edomvds>FAA</edomvds></edom></attrdomv><attrdomv><edom><edomv>R</edomv><edomvd>Surplus Property agreement under Regulation 16-WAA</edomvd><edomvds>FAA</edomvds></edom></attrdomv><attrdomv><edom><edomv>S</edomv><edomvd>Conveyance under Section 16, Federal Airport Act of 1946 or Section 23, Airport and Airway Development Act of 1970</edomvd><edomvds>FAA</edomvds></edom></attrdomv><attrdomv><edom><edomv>V</edomv><edomvd>Advance Planning Agreement under FAAP</edomvd><edomvds>FAA</edomvds></edom></attrdomv><attrdomv><edom><edomv>X</edomv><edomvd>Obligations assumed by transfer</edomvd><edomvds>FAA</edomvds></edom></attrdomv><attrdomv><edom><edomv>Y</edomv><edomvd>Assurances pursuant to Title VI, Civil Rights Act of 1964</edomvd><edomvds>FAA</edomvds></edom></attrdomv><attrdomv><edom><edomv>Z</edomv><edomvd>Conveyance under Section 303(C), Federal Aviation Act of 1958</edomvd><edomvds>FAA</edomvds></edom></attrdomv><attrdomv><edom><edomv>1</edomv><edomvd>Grant agreement has expired; however, agreement remains in effect as long as it is a public use facility</edomvd><edomvds>FAA</edomvds></edom></attrdomv><attrdomv><edom><edomv>2</edomv><edomvd>Section 303(C) Authority from FAA Act of 1958 has expired; however, agreement remains in effect as long as it is a public use facility</edomvd><edomvds>FAA</edomvds></edom></attrdomv><attrdomv><edom><edomv>3</edomv><edomvd>AP-4 Agreement under DLAND or DCLA has expired</edomvd><edomvds>FAA</edomvds></edom></attrdomv><attrdomv><edom><edomv>NONE</edomv><edomvd>No Grant Agreement Exists</edomvd><edomvds>FAA</edomvds></edom></attrdomv><attalias Sync="TRUE">FED_AGREE</attalias><attrtype Sync="TRUE">String</attrtype><attwidth Sync="TRUE">7</attwidth><atprecis Sync="TRUE">0</atprecis><attscale Sync="TRUE">0</attscale></attr><attr xmlns=""><attrlabl>INTERNATIO</attrlabl><attrdef>Customs international airport - Whether the landing facility has been designated by the U.S. Treasury as an international airport of entry for customs.</attrdef><attrdefs>FAA</attrdefs><attrdomv><edom><edomv>Y</edomv><edomvd>Yes</edomvd><edomvds>FAA</edomvds></edom></attrdomv><attrdomv><edom><edomv>N</edomv><edomvd>No</edomvd><edomvds>FAA</edomvds></edom></attrdomv><attalias Sync="TRUE">INTERNATIO</attalias><attrtype Sync="TRUE">String</attrtype><attwidth Sync="TRUE">1</attwidth><atprecis Sync="TRUE">0</atprecis><attscale Sync="TRUE">0</attscale></attr><attr xmlns=""><attrlabl>CUST_LNDG</attrlabl><attrdef>Customs Landing Rights Airport - Whether the landing facility has been designated by the U.S. Treasury as a customs landing rights airport (some landing facilities may have these rights for cargo only).</attrdef><attrdefs>FAA</attrdefs><attrdomv><edom><edomv>Y</edomv><edomvd>Yes</edomvd><edomvds>FAA</edomvds></edom></attrdomv><attrdomv><edom><edomv>N</edomv><edomvd>No</edomvd><edomvds>FAA</edomvds></edom></attrdomv><attalias Sync="TRUE">CUST_LNDG</attalias><attrtype Sync="TRUE">String</attrtype><attwidth Sync="TRUE">1</attwidth><atprecis Sync="TRUE">0</atprecis><attscale Sync="TRUE">0</attscale></attr><attr xmlns=""><attrlabl>JOINT_USE</attrlabl><attrdef>Joint Use - Whether the landing facility has a military/civil joint use agreement that allows civil operations at a military airport or military operations at a civil airport.</attrdef><attrdefs>FAA</attrdefs><attrdomv><edom><edomv>Y</edomv><edomvd>Yes</edomvd><edomvds>FAA</edomvds></edom></attrdomv><attrdomv><edom><edomv>N</edomv><edomvd>No</edomvd><edomvds>FAA</edomvds></edom></attrdomv><attalias Sync="TRUE">JOINT_USE</attalias><attrtype Sync="TRUE">String</attrtype><attwidth Sync="TRUE">1</attwidth><atprecis Sync="TRUE">0</atprecis><attscale Sync="TRUE">0</attscale></attr><attr xmlns=""><attrlabl>MIL_LNDG_R</attrlabl><attrdef>Military Landing Rights - Whether the airport has entered into an agreement that grants landing rights to the military.</attrdef><attrdefs>FAA</attrdefs><attrdomv><edom><edomv>Y</edomv><edomvd>Yes</edomvd><edomvds>FAA</edomvds></edom></attrdomv><attrdomv><edom><edomv>N</edomv><edomvd>No</edomvd><edomvds>FAA</edomvds></edom></attrdomv><attalias Sync="TRUE">MIL_LNDG_R</attalias><attrtype Sync="TRUE">String</attrtype><attwidth Sync="TRUE">1</attwidth><atprecis Sync="TRUE">0</atprecis><attscale Sync="TRUE">0</attscale></attr><attr xmlns=""><attrlabl>CNTL_TWR</attrlabl><attrdef>Airport Control Tower located on the airport.</attrdef><attrdefs>FAA</attrdefs><attrdomv><edom><edomv>Y</edomv><edomvd>Yes</edomvd><edomvds>FAA</edomvds></edom></attrdomv><attrdomv><edom><edomv>N</edomv><edomvd>No</edomvd><edomvds>FAA</edomvds></edom></attrdomv><attalias Sync="TRUE">CNTL_TWR</attalias><attrtype Sync="TRUE">String</attrtype><attwidth Sync="TRUE">1</attwidth><atprecis Sync="TRUE">0</atprecis><attscale Sync="TRUE">0</attscale></attr><attr xmlns=""><attrlabl>S_ENG_GA</attrlabl><attrdef>Based Single Engine General Aviation Aircraft</attrdef><attrdefs>FAA</attrdefs><attrdomv><udom>Numeric count value</udom></attrdomv><attalias Sync="TRUE">S_ENG_GA</attalias><attrtype Sync="TRUE">String</attrtype><attwidth Sync="TRUE">3</attwidth><atprecis Sync="TRUE">0</atprecis><attscale Sync="TRUE">0</attscale></attr><attr xmlns=""><attrlabl>M_ENG_GA</attrlabl><attrdef>Based Multi-engine general aviation aircraft</attrdef><attrdefs>FAA</attrdefs><attrdomv><udom>Numeric count value</udom></attrdomv><attalias Sync="TRUE">M_ENG_GA</attalias><attrtype Sync="TRUE">String</attrtype><attwidth Sync="TRUE">3</attwidth><atprecis Sync="TRUE">0</atprecis><attscale Sync="TRUE">0</attscale></attr><attr xmlns=""><attrlabl>JET_EN_GA</attrlabl><attrdef>Based Jet engine general aviation aircraft</attrdef><attrdefs>FAA</attrdefs><attrdomv><udom>Numeric count value</udom></attrdomv><attalias Sync="TRUE">JET_EN_GA</attalias><attrtype Sync="TRUE">String</attrtype><attwidth Sync="TRUE">3</attwidth><atprecis Sync="TRUE">0</atprecis><attscale Sync="TRUE">0</attscale></attr><attr xmlns=""><attrlabl>HELICOPTER</attrlabl><attrdef>Based Helicopters - General Aviation</attrdef><attrdefs>FAA</attrdefs><attrdomv><udom>Numeric count value</udom></attrdomv><attalias Sync="TRUE">HELICOPTER</attalias><attrtype Sync="TRUE">String</attrtype><attwidth Sync="TRUE">3</attwidth><atprecis Sync="TRUE">0</atprecis><attscale Sync="TRUE">0</attscale></attr><attr xmlns=""><attrlabl>OPER_GLIDE</attrlabl><attrdef>Base Operational Gliders - general aviation</attrdef><attrdefs>FAA</attrdefs><attrdomv><udom>Numeric count value</udom></attrdomv><attalias Sync="TRUE">OPER_GLIDE</attalias><attrtype Sync="TRUE">String</attrtype><attwidth Sync="TRUE">3</attwidth><atprecis Sync="TRUE">0</atprecis><attscale Sync="TRUE">0</attscale></attr><attr xmlns=""><attrlabl>OPER_MIL</attrlabl><attrdef>Based Military Aircraft - including helicopters</attrdef><attrdefs>FAA</attrdefs><attrdomv><udom>Numeric count value</udom></attrdomv><attalias Sync="TRUE">OPER_MIL</attalias><attrtype Sync="TRUE">String</attrtype><attwidth Sync="TRUE">3</attwidth><atprecis Sync="TRUE">0</atprecis><attscale Sync="TRUE">0</attscale></attr><attr xmlns=""><attrlabl>ULTRALIGHT</attrlabl><attrdef>Based Ultralight aircraft - general aviation</attrdef><attrdefs>FAA</attrdefs><attrdomv><udom>Numeric count value</udom></attrdomv><attalias Sync="TRUE">ULTRALIGHT</attalias><attrtype Sync="TRUE">String</attrtype><attwidth Sync="TRUE">3</attwidth><atprecis Sync="TRUE">0</atprecis><attscale Sync="TRUE">0</attscale></attr><attr xmlns=""><attrlabl>COMM_SERV</attrlabl><attrdef>Commercial Services - scheduled operations by CAB certified carriers or intrastate carriers and any scheduled commuter/cargo carriers (Annual Operations).</attrdef><attrdefs>FAA</attrdefs><attrdomv><udom>Numeric count value</udom></attrdomv><attalias Sync="TRUE">COMM_SERV</attalias><attrtype Sync="TRUE">String</attrtype><attwidth Sync="TRUE">6</attwidth><atprecis Sync="TRUE">0</atprecis><attscale Sync="TRUE">0</attscale></attr><attr xmlns=""><attrlabl>AIR_TAXI</attrlabl><attrdef>Air Taxi operators carrying passengers, mail, or mail for revenue (Annual Operations).</attrdef><attrdefs>FAA</attrdefs><attrdomv><udom>Numeric count value</udom></attrdomv><attalias Sync="TRUE">AIR_TAXI</attalias><attrtype Sync="TRUE">String</attrtype><attwidth Sync="TRUE">6</attwidth><atprecis Sync="TRUE">0</atprecis><attscale Sync="TRUE">0</attscale></attr><attr xmlns=""><attrlabl>LOCAL_OPS</attrlabl><attrdef>General Aviation, Local Operations - Those operating in the local traffic pattern or within a 20 mile radius (Annual Operations).</attrdef><attrdefs>FAA</attrdefs><attrdomv><udom>Numeric count value</udom></attrdomv><attalias Sync="TRUE">LOCAL_OPS</attalias><attrtype Sync="TRUE">String</attrtype><attwidth Sync="TRUE">6</attwidth><atprecis Sync="TRUE">0</atprecis><attscale Sync="TRUE">0</attscale></attr><attr xmlns=""><attrlabl>ITIN_OPS</attrlabl><attrdef>General Aviation - Itinerant Operations.  Those general aviation operations (excluding commuter or air taxi) not qualifying as local (Annual Operations).</attrdef><attrdefs>FAA</attrdefs><attrdomv><udom>Numeric count value</udom></attrdomv><attalias Sync="TRUE">ITIN_OPS</attalias><attrtype Sync="TRUE">String</attrtype><attwidth Sync="TRUE">6</attwidth><atprecis Sync="TRUE">0</atprecis><attscale Sync="TRUE">0</attscale></attr><attr xmlns=""><attrlabl>MIL_OPS</attrlabl><attrdef>Military Aircraft Operations (Annual Operations).</attrdef><attrdefs>FAA</attrdefs><attrdomv><udom>Numeric count value</udom></attrdomv><attalias Sync="TRUE">MIL_OPS</attalias><attrtype Sync="TRUE">String</attrtype><attwidth Sync="TRUE">6</attwidth><atprecis Sync="TRUE">0</atprecis><attscale Sync="TRUE">0</attscale></attr><attr xmlns=""><attrlabl Sync="TRUE">Arrivals</attrlabl><attalias Sync="TRUE">Arrivals</attalias><attrtype Sync="TRUE">Double</attrtype><attwidth Sync="TRUE">16</attwidth><atprecis Sync="TRUE">15</atprecis><attscale Sync="TRUE">6</attscale><attrdef>Number of arrival flights</attrdef><attrdefs>RITA/BTS</attrdefs></attr><attr xmlns=""><attrlabl Sync="TRUE">Departures</attrlabl><attalias Sync="TRUE">Departures</attalias><attrtype Sync="TRUE">Double</attrtype><attwidth Sync="TRUE">16</attwidth><atprecis Sync="TRUE">15</atprecis><attscale Sync="TRUE">6</attscale><attrdef>Number of departure flights</attrdef><attrdefs>RITA/BTS</attrdefs></attr><attr xmlns=""><attrlabl Sync="TRUE">Enplanemen</attrlabl><attalias Sync="TRUE">Enplanemen</attalias><attrtype Sync="TRUE">Double</attrtype><attwidth Sync="TRUE">16</attwidth><atprecis Sync="TRUE">15</atprecis><attscale Sync="TRUE">6</attscale><attrdef>2011 Enplanements</attrdef><attrdefs>RITA/BTS</attrdefs></attr><attr xmlns=""><attrlabl Sync="TRUE">Passengers</attrlabl><attalias Sync="TRUE">Passengers</attalias><attrtype Sync="TRUE">Double</attrtype><attwidth Sync="TRUE">16</attwidth><atprecis Sync="TRUE">15</atprecis><attscale Sync="TRUE">6</attscale><attrdef>Number of passengers on flights</attrdef><attrdefs>RITA/BTS</attrdefs></attr></detailed></eainfo><mdHrLvName Sync="TRUE">dataset</mdHrLvName><refSysInfo><RefSystem><refSysID><identCode code="4326" Sync="TRUE" value="4326"/><idCodeSpace Sync="TRUE">EPSG</idCodeSpace><idVersion Sync="TRUE">7.9.4</idVersion></refSysID></RefSystem></refSysInfo><spatRepInfo><VectSpatRep><geometObjs Name="airports"><geoObjTyp><GeoObjTypCd value="004" Sync="TRUE"></GeoObjTypCd></geoObjTyp><geoObjCnt Sync="TRUE">19721</geoObjCnt></geometObjs><topLvl><TopoLevCd value="001" Sync="TRUE"></TopoLevCd></topLvl></VectSpatRep></spatRepInfo><spdoinfo><ptvctinf><esriterm Name="airports"><efeatyp Sync="TRUE">Simple</efeatyp><efeageom code="1" Sync="TRUE"></efeageom><esritopo Sync="TRUE">FALSE</esritopo><efeacnt Sync="TRUE">19721</efeacnt><spindex Sync="TRUE">TRUE</spindex><linrefer Sync="TRUE">FALSE</linrefer></esriterm></ptvctinf></spdoinfo><mdDateSt Sync="TRUE">20130419</mdDateSt></metadata>
